year,country,age_group,sex,demographic_visitors,total_market_visitors,demographic_share_pct,avg_rank,best_rank,worst_rank,years_observed
2008,Australia,Age 45 - 54,Male,94972.0,787373.0,12.06,1.31,1,2,16
2008,Australia,Age 35 - 44,Male,86026.0,787373.0,10.93,1.69,1,2,16
2008,Australia,Age 55 - 64,Male,79202.0,787373.0,10.06,4.44,3,9,16
2008,Australia,Age 25 - 34,Male,73264.0,787373.0,9.3,5.13,3,9,16
2008,Australia,Age 45 - 54,Female,65046.0,787373.0,8.26,6.31,4,8,16
2008,Australia,Age 55 - 64,Female,61163.0,787373.0,7.77,7.5,6,12,16
2008,Australia,Age 25 - 34,Female,61035.0,787373.0,7.75,6.31,4,10,16
2008,Australia,Age 35 - 44,Female,52883.0,787373.0,6.72,6.75,3,10,16
2008,Australia,Age 65 & Above,Male,42523.0,787373.0,5.4,6.75,3,9,16
2008,Australia,Age 65 & Above,Female,33463.0,787373.0,4.25,9.38,5,11,16
2008,Australia,Age 14 & Below,Male,33184.0,787373.0,4.21,10.56,8,11,16
2008,Australia,Age 14 & Below,Female,31890.0,787373.0,4.05,11.88,10,12,16
2008,Australia,Age 20 - 24,Female,24039.0,787373.0,3.05,13.0,13,13,16
2008,Australia,Age 20 - 24,Male,21516.0,787373.0,2.73,14.0,14,14,16
2008,Australia,Age 15 - 19,Female,14418.0,787373.0,1.83,15.0,15,15,16
2008,Australia,Age 15 - 19,Male,12749.0,787373.0,1.62,16.0,16,16,16
2009,Australia,Age 45 - 54,Male,93196.0,792383.0,11.76,1.31,1,2,16
2009,Australia,Age 35 - 44,Male,84847.0,792383.0,10.71,1.69,1,2,16
2009,Australia,Age 55 - 64,Male,77949.0,792383.0,9.84,4.44,3,9,16
2009,Australia,Age 25 - 34,Male,73791.0,792383.0,9.31,5.13,3,9,16
2009,Australia,Age 45 - 54,Female,65301.0,792383.0,8.24,6.31,4,8,16
2009,Australia,Age 25 - 34,Female,62422.0,792383.0,7.88,6.31,4,10,16
2009,Australia,Age 55 - 64,Female,60656.0,792383.0,7.65,7.5,6,12,16
2009,Australia,Age 35 - 44,Female,53784.0,792383.0,6.79,6.75,3,10,16
2009,Australia,Age 65 & Above,Male,43423.0,792383.0,5.48,6.75,3,9,16
2009,Australia,Age 14 & Below,Male,35344.0,792383.0,4.46,10.56,8,11,16
2009,Australia,Age 65 & Above,Female,34887.0,792383.0,4.4,9.38,5,11,16
2009,Australia,Age 14 & Below,Female,34600.0,792383.0,4.37,11.88,10,12,16
2009,Australia,Age 20 - 24,Female,23531.0,792383.0,2.97,13.0,13,13,16
2009,Australia,Age 20 - 24,Male,21399.0,792383.0,2.7,14.0,14,14,16
2009,Australia,Age 15 - 19,Female,14286.0,792383.0,1.8,15.0,15,15,16
2009,Australia,Age 15 - 19,Male,12967.0,792383.0,1.64,16.0,16,16,16
2010,Australia,Age 45 - 54,Male,98357.0,845623.0,11.63,1.31,1,2,16
2010,Australia,Age 35 - 44,Male,91707.0,845623.0,10.84,1.69,1,2,16
2010,Australia,Age 55 - 64,Male,84074.0,845623.0,9.94,4.44,3,9,16
2010,Australia,Age 25 - 34,Male,76901.0,845623.0,9.09,5.13,3,9,16
2010,Australia,Age 45 - 54,Female,67342.0,845623.0,7.96,6.31,4,8,16
2010,Australia,Age 55 - 64,Female,66428.0,845623.0,7.86,7.5,6,12,16
2010,Australia,Age 25 - 34,Female,65215.0,845623.0,7.71,6.31,4,10,16
2010,Australia,Age 35 - 44,Female,57181.0,845623.0,6.76,6.75,3,10,16
2010,Australia,Age 65 & Above,Male,50481.0,845623.0,5.97,6.75,3,9,16
2010,Australia,Age 65 & Above,Female,41408.0,845623.0,4.9,9.38,5,11,16
2010,Australia,Age 14 & Below,Male,38562.0,845623.0,4.56,10.56,8,11,16
2010,Australia,Age 14 & Below,Female,37257.0,845623.0,4.41,11.88,10,12,16
2010,Australia,Age 20 - 24,Female,22557.0,845623.0,2.67,13.0,13,13,16
2010,Australia,Age 20 - 24,Male,20336.0,845623.0,2.4,14.0,14,14,16
2010,Australia,Age 15 - 19,Female,14632.0,845623.0,1.73,15.0,15,15,16
2010,Australia,Age 15 - 19,Male,13185.0,845623.0,1.56,16.0,16,16,16
2011,Australia,Age 45 - 54,Male,103912.0,920513.0,11.29,1.31,1,2,16
2011,Australia,Age 35 - 44,Male,98262.0,920513.0,10.67,1.69,1,2,16
2011,Australia,Age 55 - 64,Male,88417.0,920513.0,9.61,4.44,3,9,16
2011,Australia,Age 25 - 34,Male,85848.0,920513.0,9.33,5.13,3,9,16
2011,Australia,Age 25 - 34,Female,73989.0,920513.0,8.04,6.31,4,10,16
2011,Australia,Age 45 - 54,Female,70860.0,920513.0,7.7,6.31,4,8,16
2011,Australia,Age 55 - 64,Female,70379.0,920513.0,7.65,7.5,6,12,16
2011,Australia,Age 35 - 44,Female,63130.0,920513.0,6.86,6.75,3,10,16
2011,Australia,Age 65 & Above,Male,56808.0,920513.0,6.17,6.75,3,9,16
2011,Australia,Age 65 & Above,Female,45795.0,920513.0,4.97,9.38,5,11,16
2011,Australia,Age 14 & Below,Male,43369.0,920513.0,4.71,10.56,8,11,16
2011,Australia,Age 14 & Below,Female,42032.0,920513.0,4.57,11.88,10,12,16
2011,Australia,Age 20 - 24,Female,25071.0,920513.0,2.72,13.0,13,13,16
2011,Australia,Age 20 - 24,Male,22426.0,920513.0,2.44,14.0,14,14,16
2011,Australia,Age 15 - 19,Female,15673.0,920513.0,1.7,15.0,15,15,16
2011,Australia,Age 15 - 19,Male,14542.0,920513.0,1.58,16.0,16,16,16
2012,Australia,Age 45 - 54,Male,111670.0,1032158.0,10.82,1.31,1,2,16
2012,Australia,Age 35 - 44,Male,108201.0,1032158.0,10.48,1.69,1,2,16
2012,Australia,Age 25 - 34,Male,100280.0,1032158.0,9.72,5.13,3,9,16
2012,Australia,Age 55 - 64,Male,94779.0,1032158.0,9.18,4.44,3,9,16
2012,Australia,Age 25 - 34,Female,85216.0,1032158.0,8.26,6.31,4,10,16
2012,Australia,Age 55 - 64,Female,76889.0,1032158.0,7.45,7.5,6,12,16
2012,Australia,Age 45 - 54,Female,75829.0,1032158.0,7.35,6.31,4,8,16
2012,Australia,Age 35 - 44,Female,70812.0,1032158.0,6.86,6.75,3,10,16
2012,Australia,Age 65 & Above,Male,66510.0,1032158.0,6.44,6.75,3,9,16
2012,Australia,Age 65 & Above,Female,53365.0,1032158.0,5.17,9.38,5,11,16
2012,Australia,Age 14 & Below,Male,49966.0,1032158.0,4.84,10.56,8,11,16
2012,Australia,Age 14 & Below,Female,47969.0,1032158.0,4.65,11.88,10,12,16
2012,Australia,Age 20 - 24,Female,29895.0,1032158.0,2.9,13.0,13,13,16
2012,Australia,Age 20 - 24,Male,26898.0,1032158.0,2.61,14.0,14,14,16
2012,Australia,Age 15 - 19,Female,17691.0,1032158.0,1.71,15.0,15,15,16
2012,Australia,Age 15 - 19,Male,16188.0,1032158.0,1.57,16.0,16,16,16
2013,Australia,Age 45 - 54,Male,117656.0,1124675.0,10.46,1.31,1,2,16
2013,Australia,Age 35 - 44,Male,116097.0,1124675.0,10.32,1.69,1,2,16
2013,Australia,Age 25 - 34,Male,106267.0,1124675.0,9.45,5.13,3,9,16
2013,Australia,Age 55 - 64,Male,99343.0,1124675.0,8.83,4.44,3,9,16
2013,Australia,Age 25 - 34,Female,91542.0,1124675.0,8.14,6.31,4,10,16
2013,Australia,Age 55 - 64,Female,82206.0,1124675.0,7.31,7.5,6,12,16
2013,Australia,Age 45 - 54,Female,81305.0,1124675.0,7.23,6.31,4,8,16
2013,Australia,Age 35 - 44,Female,78063.0,1124675.0,6.94,6.75,3,10,16
2013,Australia,Age 65 & Above,Male,74976.0,1124675.0,6.67,6.75,3,9,16
2013,Australia,Age 65 & Above,Female,62935.0,1124675.0,5.6,9.38,5,11,16
2013,Australia,Age 14 & Below,Male,60384.0,1124675.0,5.37,10.56,8,11,16
2013,Australia,Age 14 & Below,Female,55858.0,1124675.0,4.97,11.88,10,12,16
2013,Australia,Age 20 - 24,Female,31931.0,1124675.0,2.84,13.0,13,13,16
2013,Australia,Age 20 - 24,Male,28631.0,1124675.0,2.55,14.0,14,14,16
2013,Australia,Age 15 - 19,Female,19468.0,1124675.0,1.73,15.0,15,15,16
2013,Australia,Age 15 - 19,Male,18013.0,1124675.0,1.6,16.0,16,16,16
2014,Australia,Age 35 - 44,Male,113836.0,1074877.0,10.59,1.69,1,2,16
2014,Australia,Age 45 - 54,Male,113394.0,1074877.0,10.55,1.31,1,2,16
2014,Australia,Age 25 - 34,Male,94758.0,1074877.0,8.82,5.13,3,9,16
2014,Australia,Age 55 - 64,Male,94279.0,1074877.0,8.77,4.44,3,9,16
2014,Australia,Age 25 - 34,Female,83312.0,1074877.0,7.75,6.31,4,10,16
2014,Australia,Age 55 - 64,Female,78417.0,1074877.0,7.3,7.5,6,12,16
2014,Australia,Age 65 & Above,Male,77921.0,1074877.0,7.25,6.75,3,9,16
2014,Australia,Age 45 - 54,Female,76837.0,1074877.0,7.15,6.31,4,8,16
2014,Australia,Age 35 - 44,Female,75923.0,1074877.0,7.06,6.75,3,10,16
2014,Australia,Age 65 & Above,Female,66344.0,1074877.0,6.17,9.38,5,11,16
2014,Australia,Age 14 & Below,Male,59889.0,1074877.0,5.57,10.56,8,11,16
2014,Australia,Age 14 & Below,Female,54346.0,1074877.0,5.06,11.88,10,12,16
2014,Australia,Age 20 - 24,Female,27265.0,1074877.0,2.54,13.0,13,13,16
2014,Australia,Age 20 - 24,Male,24009.0,1074877.0,2.23,14.0,14,14,16
2014,Australia,Age 15 - 19,Female,18130.0,1074877.0,1.69,15.0,15,15,16
2014,Australia,Age 15 - 19,Male,16217.0,1074877.0,1.51,16.0,16,16,16
2015,Australia,Age 45 - 54,Male,109135.0,1043564.0,10.46,1.31,1,2,16
2015,Australia,Age 35 - 44,Male,105791.0,1043564.0,10.14,1.69,1,2,16
2015,Australia,Age 55 - 64,Male,93038.0,1043564.0,8.92,4.44,3,9,16
2015,Australia,Age 25 - 34,Male,86095.0,1043564.0,8.25,5.13,3,9,16
2015,Australia,Age 65 & Above,Male,83311.0,1043564.0,7.98,6.75,3,9,16
2015,Australia,Age 55 - 64,Female,80687.0,1043564.0,7.73,7.5,6,12,16
2015,Australia,Age 25 - 34,Female,76152.0,1043564.0,7.3,6.31,4,10,16
2015,Australia,Age 45 - 54,Female,75500.0,1043564.0,7.23,6.31,4,8,16
2015,Australia,Age 65 & Above,Female,72405.0,1043564.0,6.94,9.38,5,11,16
2015,Australia,Age 35 - 44,Female,72221.0,1043564.0,6.92,6.75,3,10,16
2015,Australia,Age 14 & Below,Male,57297.0,1043564.0,5.49,10.56,8,11,16
2015,Australia,Age 14 & Below,Female,51590.0,1043564.0,4.94,11.88,10,12,16
2015,Australia,Age 20 - 24,Female,25772.0,1043564.0,2.47,13.0,13,13,16
2015,Australia,Age 20 - 24,Male,21355.0,1043564.0,2.05,14.0,14,14,16
2015,Australia,Age 15 - 19,Female,17146.0,1043564.0,1.64,15.0,15,15,16
2015,Australia,Age 15 - 19,Male,16069.0,1043564.0,1.54,16.0,16,16,16
2016,Australia,Age 45 - 54,Male,106491.0,1027180.0,10.37,1.31,1,2,16
2016,Australia,Age 35 - 44,Male,102182.0,1027180.0,9.95,1.69,1,2,16
2016,Australia,Age 55 - 64,Male,90008.0,1027180.0,8.76,4.44,3,9,16
2016,Australia,Age 65 & Above,Male,83563.0,1027180.0,8.14,6.75,3,9,16
2016,Australia,Age 25 - 34,Male,80607.0,1027180.0,7.85,5.13,3,9,16
2016,Australia,Age 55 - 64,Female,77368.0,1027180.0,7.53,7.5,6,12,16
2016,Australia,Age 45 - 54,Female,74896.0,1027180.0,7.29,6.31,4,8,16
2016,Australia,Age 25 - 34,Female,74078.0,1027180.0,7.21,6.31,4,10,16
2016,Australia,Age 65 & Above,Female,73218.0,1027180.0,7.13,9.38,5,11,16
2016,Australia,Age 35 - 44,Female,73277.0,1027180.0,7.13,6.75,3,10,16
2016,Australia,Age 14 & Below,Male,58801.0,1027180.0,5.72,10.56,8,11,16
2016,Australia,Age 14 & Below,Female,53567.0,1027180.0,5.21,11.88,10,12,16
2016,Australia,Age 20 - 24,Female,25139.0,1027180.0,2.45,13.0,13,13,16
2016,Australia,Age 20 - 24,Male,21285.0,1027180.0,2.07,14.0,14,14,16
2016,Australia,Age 15 - 19,Female,17181.0,1027180.0,1.67,15.0,15,15,16
2016,Australia,Age 15 - 19,Male,15519.0,1027180.0,1.51,16.0,16,16,16
2017,Australia,Age 45 - 54,Male,109739.0,1081980.0,10.14,1.31,1,2,16
2017,Australia,Age 35 - 44,Male,105379.0,1081980.0,9.74,1.69,1,2,16
2017,Australia,Age 55 - 64,Male,92690.0,1081980.0,8.57,4.44,3,9,16
2017,Australia,Age 65 & Above,Male,87304.0,1081980.0,8.07,6.75,3,9,16
2017,Australia,Age 25 - 34,Male,81978.0,1081980.0,7.58,5.13,3,9,16
2017,Australia,Age 55 - 64,Female,81094.0,1081980.0,7.49,7.5,6,12,16
2017,Australia,Age 45 - 54,Female,80534.0,1081980.0,7.44,6.31,4,8,16
2017,Australia,Age 35 - 44,Female,79318.0,1081980.0,7.33,6.75,3,10,16
2017,Australia,Age 25 - 34,Female,78222.0,1081980.0,7.23,6.31,4,10,16
2017,Australia,Age 65 & Above,Female,77212.0,1081980.0,7.14,9.38,5,11,16
2017,Australia,Age 14 & Below,Male,65499.0,1081980.0,6.05,10.56,8,11,16
2017,Australia,Age 14 & Below,Female,60317.0,1081980.0,5.57,11.88,10,12,16
2017,Australia,Age 20 - 24,Female,26502.0,1081980.0,2.45,13.0,13,13,16
2017,Australia,Age 20 - 24,Male,21776.0,1081980.0,2.01,14.0,14,14,16
2017,Australia,Age 15 - 19,Female,18156.0,1081980.0,1.68,15.0,15,15,16
2017,Australia,Age 15 - 19,Male,16260.0,1081980.0,1.5,16.0,16,16,16
2018,Australia,Age 45 - 54,Male,110464.0,1107224.0,9.98,1.31,1,2,16
2018,Australia,Age 35 - 44,Male,108360.0,1107224.0,9.79,1.69,1,2,16
2018,Australia,Age 55 - 64,Male,94873.0,1107224.0,8.57,4.44,3,9,16
2018,Australia,Age 65 & Above,Male,92465.0,1107224.0,8.35,6.75,3,9,16
2018,Australia,Age 65 & Above,Female,83130.0,1107224.0,7.51,9.38,5,11,16
2018,Australia,Age 55 - 64,Female,83051.0,1107224.0,7.5,7.5,6,12,16
2018,Australia,Age 35 - 44,Female,82591.0,1107224.0,7.46,6.75,3,10,16
2018,Australia,Age 45 - 54,Female,82222.0,1107224.0,7.43,6.31,4,8,16
2018,Australia,Age 25 - 34,Male,80317.0,1107224.0,7.25,5.13,3,9,16
2018,Australia,Age 25 - 34,Female,77644.0,1107224.0,7.01,6.31,4,10,16
2018,Australia,Age 14 & Below,Male,68146.0,1107224.0,6.15,10.56,8,11,16
2018,Australia,Age 14 & Below,Female,62067.0,1107224.0,5.61,11.88,10,12,16
2018,Australia,Age 20 - 24,Female,25524.0,1107224.0,2.31,13.0,13,13,16
2018,Australia,Age 20 - 24,Male,21023.0,1107224.0,1.9,14.0,14,14,16
2018,Australia,Age 15 - 19,Female,18550.0,1107224.0,1.68,15.0,15,15,16
2018,Australia,Age 15 - 19,Male,16797.0,1107224.0,1.52,16.0,16,16,16
2019,Australia,Age 45 - 54,Male,111962.0,1143336.0,9.79,1.31,1,2,16
2019,Australia,Age 35 - 44,Male,110768.0,1143336.0,9.69,1.69,1,2,16
2019,Australia,Age 65 & Above,Male,95223.0,1143336.0,8.33,6.75,3,9,16
2019,Australia,Age 55 - 64,Male,95128.0,1143336.0,8.32,4.44,3,9,16
2019,Australia,Age 35 - 44,Female,86998.0,1143336.0,7.61,6.75,3,10,16
2019,Australia,Age 65 & Above,Female,86555.0,1143336.0,7.57,9.38,5,11,16
2019,Australia,Age 45 - 54,Female,85094.0,1143336.0,7.44,6.31,4,8,16
2019,Australia,Age 55 - 64,Female,84469.0,1143336.0,7.39,7.5,6,12,16
2019,Australia,Age 25 - 34,Male,83100.0,1143336.0,7.27,5.13,3,9,16
2019,Australia,Age 25 - 34,Female,82444.0,1143336.0,7.21,6.31,4,10,16
2019,Australia,Age 14 & Below,Male,70072.0,1143336.0,6.13,10.56,8,11,16
2019,Australia,Age 14 & Below,Female,64162.0,1143336.0,5.61,11.88,10,12,16
2019,Australia,Age 20 - 24,Female,27385.0,1143336.0,2.4,13.0,13,13,16
2019,Australia,Age 20 - 24,Male,22407.0,1143336.0,1.96,14.0,14,14,16
2019,Australia,Age 15 - 19,Female,19789.0,1143336.0,1.73,15.0,15,15,16
2019,Australia,Age 15 - 19,Male,17780.0,1143336.0,1.56,16.0,16,16,16
2023,Australia,Age 35 - 44,Male,105833.0,1084872.0,9.76,1.69,1,2,16
2023,Australia,Age 45 - 54,Male,97846.0,1084872.0,9.02,1.31,1,2,16
2023,Australia,Age 35 - 44,Female,91409.0,1084872.0,8.43,6.75,3,10,16
2023,Australia,Age 25 - 34,Female,87007.0,1084872.0,8.02,6.31,4,10,16
2023,Australia,Age 25 - 34,Male,84095.0,1084872.0,7.75,5.13,3,9,16
2023,Australia,Age 45 - 54,Female,79836.0,1084872.0,7.36,6.31,4,8,16
2023,Australia,Age 55 - 64,Male,78964.0,1084872.0,7.28,4.44,3,9,16
2023,Australia,Age 65 & Above,Male,77934.0,1084872.0,7.18,6.75,3,9,16
2023,Australia,Age 14 & Below,Male,72944.0,1084872.0,6.72,10.56,8,11,16
2023,Australia,Age 65 & Above,Female,69520.0,1084872.0,6.41,9.38,5,11,16
2023,Australia,Age 55 - 64,Female,69473.0,1084872.0,6.4,7.5,6,12,16
2023,Australia,Age 14 & Below,Female,68021.0,1084872.0,6.27,11.88,10,12,16
2023,Australia,Age 20 - 24,Female,32014.0,1084872.0,2.95,13.0,13,13,16
2023,Australia,Age 20 - 24,Male,26968.0,1084872.0,2.49,14.0,14,14,16
2023,Australia,Age 15 - 19,Female,21913.0,1084872.0,2.02,15.0,15,15,16
2023,Australia,Age 15 - 19,Male,21095.0,1084872.0,1.94,16.0,16,16,16
2024,Australia,Age 35 - 44,Male,112345.0,1174318.0,9.57,1.69,1,2,16
2024,Australia,Age 45 - 54,Male,106412.0,1174318.0,9.06,1.31,1,2,16
2024,Australia,Age 35 - 44,Female,98893.0,1174318.0,8.42,6.75,3,10,16
2024,Australia,Age 25 - 34,Female,93170.0,1174318.0,7.93,6.31,4,10,16
2024,Australia,Age 45 - 54,Female,88371.0,1174318.0,7.53,6.31,4,8,16
2024,Australia,Age 25 - 34,Male,87591.0,1174318.0,7.46,5.13,3,9,16
2024,Australia,Age 55 - 64,Male,86409.0,1174318.0,7.36,4.44,3,9,16
2024,Australia,Age 65 & Above,Male,85647.0,1174318.0,7.29,6.75,3,9,16
2024,Australia,Age 65 & Above,Female,78307.0,1174318.0,6.67,9.38,5,11,16
2024,Australia,Age 55 - 64,Female,77135.0,1174318.0,6.57,7.5,6,12,16
2024,Australia,Age 14 & Below,Male,76773.0,1174318.0,6.54,10.56,8,11,16
2024,Australia,Age 14 & Below,Female,72574.0,1174318.0,6.18,11.88,10,12,16
2024,Australia,Age 20 - 24,Female,33953.0,1174318.0,2.89,13.0,13,13,16
2024,Australia,Age 20 - 24,Male,28996.0,1174318.0,2.47,14.0,14,14,16
2024,Australia,Age 15 - 19,Female,24455.0,1174318.0,2.08,15.0,15,15,16
2024,Australia,Age 15 - 19,Male,23287.0,1174318.0,1.98,16.0,16,16,16
2025,Australia,Age 35 - 44,Male,117889.0,1267381.0,9.3,1.69,1,2,16
2025,Australia,Age 45 - 54,Male,113480.0,1267381.0,8.95,1.31,1,2,16
2025,Australia,Age 35 - 44,Female,107927.0,1267381.0,8.52,6.75,3,10,16
2025,Australia,Age 25 - 34,Female,97898.0,1267381.0,7.72,6.31,4,10,16
2025,Australia,Age 65 & Above,Male,95467.0,1267381.0,7.53,6.75,3,9,16
2025,Australia,Age 45 - 54,Female,95263.0,1267381.0,7.52,6.31,4,8,16
2025,Australia,Age 25 - 34,Male,93072.0,1267381.0,7.34,5.13,3,9,16
2025,Australia,Age 55 - 64,Male,90201.0,1267381.0,7.12,4.44,3,9,16
2025,Australia,Age 65 & Above,Female,89132.0,1267381.0,7.03,9.38,5,11,16
2025,Australia,Age 14 & Below,Male,85190.0,1267381.0,6.72,10.56,8,11,16
2025,Australia,Age 55 - 64,Female,82298.0,1267381.0,6.49,7.5,6,12,16
2025,Australia,Age 14 & Below,Female,79757.0,1267381.0,6.29,11.88,10,12,16
2025,Australia,Age 20 - 24,Female,35525.0,1267381.0,2.8,13.0,13,13,16
2025,Australia,Age 20 - 24,Male,30399.0,1267381.0,2.4,14.0,14,14,16
2025,Australia,Age 15 - 19,Female,27550.0,1267381.0,2.17,15.0,15,15,16
2025,Australia,Age 15 - 19,Male,26333.0,1267381.0,2.08,16.0,16,16,16
2026,Australia,Age 35 - 44,Male,66985.0,727427.0,9.21,1.69,1,2,16
2026,Australia,Age 45 - 54,Male,64963.0,727427.0,8.93,1.31,1,2,16
2026,Australia,Age 35 - 44,Female,63066.0,727427.0,8.67,6.75,3,10,16
2026,Australia,Age 45 - 54,Female,55052.0,727427.0,7.57,6.31,4,8,16
2026,Australia,Age 25 - 34,Female,54716.0,727427.0,7.52,6.31,4,10,16
2026,Australia,Age 65 & Above,Male,52770.0,727427.0,7.25,6.75,3,9,16
2026,Australia,Age 25 - 34,Male,51477.0,727427.0,7.08,5.13,3,9,16
2026,Australia,Age 55 - 64,Male,51054.0,727427.0,7.02,4.44,3,9,16
2026,Australia,Age 14 & Below,Male,51083.0,727427.0,7.02,10.56,8,11,16
2026,Australia,Age 14 & Below,Female,49837.0,727427.0,6.85,11.88,10,12,16
2026,Australia,Age 65 & Above,Female,49523.0,727427.0,6.81,9.38,5,11,16
2026,Australia,Age 55 - 64,Female,46472.0,727427.0,6.39,7.5,6,12,16
2026,Australia,Age 20 - 24,Female,20251.0,727427.0,2.78,13.0,13,13,16
2026,Australia,Age 20 - 24,Male,18128.0,727427.0,2.49,14.0,14,14,16
2026,Australia,Age 15 - 19,Female,16504.0,727427.0,2.27,15.0,15,15,16
2026,Australia,Age 15 - 19,Male,15546.0,727427.0,2.14,16.0,16,16,16
2008,China,Age 35 - 44,Male,152933.0,1045377.0,14.63,3.06,1,5,16
2008,China,Age 25 - 34,Female,139326.0,1045377.0,13.33,1.25,1,2,16
2008,China,Age 25 - 34,Male,127618.0,1045377.0,12.21,4.5,3,6,16
2008,China,Age 35 - 44,Female,120958.0,1045377.0,11.57,2.25,1,4,16
2008,China,Age 45 - 54,Male,93309.0,1045377.0,8.93,6.5,5,9,16
2008,China,Age 45 - 54,Female,85903.0,1045377.0,8.22,4.69,3,6,16
2008,China,Age 20 - 24,Female,51749.0,1045377.0,4.95,11.0,7,13,16
2008,China,Age 55 - 64,Female,48508.0,1045377.0,4.64,6.0,3,8,16
2008,China,Age 55 - 64,Male,46780.0,1045377.0,4.47,8.75,7,11,16
2008,China,Age 20 - 24,Male,39794.0,1045377.0,3.81,13.19,10,14,16
2008,China,Age 65 & Above,Male,26224.0,1045377.0,2.51,11.75,9,14,16
2008,China,Age 14 & Below,Female,25432.0,1045377.0,2.43,10.13,8,13,16
2008,China,Age 14 & Below,Male,24075.0,1045377.0,2.3,9.94,8,14,16
2008,China,Age 65 & Above,Female,23471.0,1045377.0,2.25,12.0,11,14,16
2008,China,Age 15 - 19,Female,20911.0,1045377.0,2.0,15.0,15,15,16
2008,China,Age 15 - 19,Male,18386.0,1045377.0,1.76,16.0,16,16,16
2009,China,Age 35 - 44,Male,118763.0,914270.0,12.99,3.06,1,5,16
2009,China,Age 25 - 34,Female,118016.0,914270.0,12.91,1.25,1,2,16
2009,China,Age 35 - 44,Female,98778.0,914270.0,10.8,2.25,1,4,16
2009,China,Age 25 - 34,Male,98309.0,914270.0,10.75,4.5,3,6,16
2009,China,Age 45 - 54,Female,85964.0,914270.0,9.4,4.69,3,6,16
2009,China,Age 45 - 54,Male,81243.0,914270.0,8.89,6.5,5,9,16
2009,China,Age 55 - 64,Female,59695.0,914270.0,6.53,6.0,3,8,16
2009,China,Age 55 - 64,Male,48974.0,914270.0,5.36,8.75,7,11,16
2009,China,Age 20 - 24,Female,44289.0,914270.0,4.84,11.0,7,13,16
2009,China,Age 65 & Above,Male,29319.0,914270.0,3.21,11.75,9,14,16
2009,China,Age 20 - 24,Male,28908.0,914270.0,3.16,13.19,10,14,16
2009,China,Age 65 & Above,Female,26795.0,914270.0,2.93,12.0,11,14,16
2009,China,Age 14 & Below,Female,23058.0,914270.0,2.52,10.13,8,13,16
2009,China,Age 14 & Below,Male,21938.0,914270.0,2.4,9.94,8,14,16
2009,China,Age 15 - 19,Female,16635.0,914270.0,1.82,15.0,15,15,16
2009,China,Age 15 - 19,Male,13586.0,914270.0,1.49,16.0,16,16,16
2010,China,Age 25 - 34,Female,147592.0,1147180.0,12.87,1.25,1,2,16
2010,China,Age 35 - 44,Male,147348.0,1147180.0,12.84,3.06,1,5,16
2010,China,Age 35 - 44,Female,129213.0,1147180.0,11.26,2.25,1,4,16
2010,China,Age 25 - 34,Male,123994.0,1147180.0,10.81,4.5,3,6,16
2010,China,Age 45 - 54,Male,103591.0,1147180.0,9.03,6.5,5,9,16
2010,China,Age 45 - 54,Female,100520.0,1147180.0,8.76,4.69,3,6,16
2010,China,Age 55 - 64,Female,68723.0,1147180.0,5.99,6.0,3,8,16
2010,China,Age 55 - 64,Male,59179.0,1147180.0,5.16,8.75,7,11,16
2010,China,Age 20 - 24,Female,56594.0,1147180.0,4.93,11.0,7,13,16
2010,China,Age 20 - 24,Male,38400.0,1147180.0,3.35,13.19,10,14,16
2010,China,Age 14 & Below,Female,35962.0,1147180.0,3.13,10.13,8,13,16
2010,China,Age 14 & Below,Male,33538.0,1147180.0,2.92,9.94,8,14,16
2010,China,Age 65 & Above,Male,33315.0,1147180.0,2.9,11.75,9,14,16
2010,China,Age 65 & Above,Female,31264.0,1147180.0,2.73,12.0,11,14,16
2010,China,Age 15 - 19,Female,20875.0,1147180.0,1.82,15.0,15,15,16
2010,China,Age 15 - 19,Male,17072.0,1147180.0,1.49,16.0,16,16,16
2011,China,Age 25 - 34,Female,197366.0,1548168.0,12.75,1.25,1,2,16
2011,China,Age 35 - 44,Male,187629.0,1548168.0,12.12,3.06,1,5,16
2011,China,Age 35 - 44,Female,180341.0,1548168.0,11.65,2.25,1,4,16
2011,China,Age 25 - 34,Male,157203.0,1548168.0,10.15,4.5,3,6,16
2011,China,Age 45 - 54,Female,139221.0,1548168.0,8.99,4.69,3,6,16
2011,China,Age 45 - 54,Male,135817.0,1548168.0,8.77,6.5,5,9,16
2011,China,Age 55 - 64,Female,103014.0,1548168.0,6.65,6.0,3,8,16
2011,China,Age 55 - 64,Male,85406.0,1548168.0,5.52,8.75,7,11,16
2011,China,Age 20 - 24,Female,68971.0,1548168.0,4.46,11.0,7,13,16
2011,China,Age 14 & Below,Female,54775.0,1548168.0,3.54,10.13,8,13,16
2011,China,Age 14 & Below,Male,49993.0,1548168.0,3.23,9.94,8,14,16
2011,China,Age 65 & Above,Male,49915.0,1548168.0,3.22,11.75,9,14,16
2011,China,Age 65 & Above,Female,45675.0,1548168.0,2.95,12.0,11,14,16
2011,China,Age 20 - 24,Male,42731.0,1548168.0,2.76,13.19,10,14,16
2011,China,Age 15 - 19,Female,27885.0,1548168.0,1.8,15.0,15,15,16
2011,China,Age 15 - 19,Male,22226.0,1548168.0,1.44,16.0,16,16,16
2012,China,Age 25 - 34,Female,249100.0,2015246.0,12.36,1.25,1,2,16
2012,China,Age 35 - 44,Male,223456.0,2015246.0,11.09,3.06,1,5,16
2012,China,Age 35 - 44,Female,223358.0,2015246.0,11.08,2.25,1,4,16
2012,China,Age 25 - 34,Male,192011.0,2015246.0,9.53,4.5,3,6,16
2012,China,Age 45 - 54,Female,190691.0,2015246.0,9.46,4.69,3,6,16
2012,China,Age 45 - 54,Male,169790.0,2015246.0,8.43,6.5,5,9,16
2012,China,Age 55 - 64,Female,169105.0,2015246.0,8.39,6.0,3,8,16
2012,China,Age 55 - 64,Male,128922.0,2015246.0,6.4,8.75,7,11,16
2012,China,Age 20 - 24,Female,81388.0,2015246.0,4.04,11.0,7,13,16
2012,China,Age 65 & Above,Male,78869.0,2015246.0,3.91,11.75,9,14,16
2012,China,Age 65 & Above,Female,72437.0,2015246.0,3.59,12.0,11,14,16
2012,China,Age 14 & Below,Female,67032.0,2015246.0,3.33,10.13,8,13,16
2012,China,Age 14 & Below,Male,63854.0,2015246.0,3.17,9.94,8,14,16
2012,China,Age 20 - 24,Male,48283.0,2015246.0,2.4,13.19,10,14,16
2012,China,Age 15 - 19,Female,31919.0,2015246.0,1.58,15.0,15,15,16
2012,China,Age 15 - 19,Male,25031.0,2015246.0,1.24,16.0,16,16,16
2013,China,Age 25 - 34,Female,281165.0,2267701.0,12.4,1.25,1,2,16
2013,China,Age 35 - 44,Female,253634.0,2267701.0,11.18,2.25,1,4,16
2013,China,Age 35 - 44,Male,236447.0,2267701.0,10.43,3.06,1,5,16
2013,China,Age 45 - 54,Female,217707.0,2267701.0,9.6,4.69,3,6,16
2013,China,Age 25 - 34,Male,204749.0,2267701.0,9.03,4.5,3,6,16
2013,China,Age 55 - 64,Female,198590.0,2267701.0,8.76,6.0,3,8,16
2013,China,Age 45 - 54,Male,179053.0,2267701.0,7.9,6.5,5,9,16
2013,China,Age 55 - 64,Male,142245.0,2267701.0,6.27,8.75,7,11,16
2013,China,Age 65 & Above,Male,89386.0,2267701.0,3.94,11.75,9,14,16
2013,China,Age 14 & Below,Female,89031.0,2267701.0,3.93,10.13,8,13,16
2013,China,Age 65 & Above,Female,87187.0,2267701.0,3.84,12.0,11,14,16
2013,China,Age 14 & Below,Male,86759.0,2267701.0,3.83,9.94,8,14,16
2013,China,Age 20 - 24,Female,86721.0,2267701.0,3.82,11.0,7,13,16
2013,China,Age 20 - 24,Male,49766.0,2267701.0,2.19,13.19,10,14,16
2013,China,Age 15 - 19,Female,36310.0,2267701.0,1.6,15.0,15,15,16
2013,China,Age 15 - 19,Male,28951.0,2267701.0,1.28,16.0,16,16,16
2014,China,Age 25 - 34,Female,244744.0,1722379.0,14.21,1.25,1,2,16
2014,China,Age 35 - 44,Female,204005.0,1722379.0,11.84,2.25,1,4,16
2014,China,Age 35 - 44,Male,193857.0,1722379.0,11.26,3.06,1,5,16
2014,China,Age 25 - 34,Male,174094.0,1722379.0,10.11,4.5,3,6,16
2014,China,Age 45 - 54,Female,139997.0,1722379.0,8.13,4.69,3,6,16
2014,China,Age 45 - 54,Male,130142.0,1722379.0,7.56,6.5,5,9,16
2014,China,Age 55 - 64,Female,114360.0,1722379.0,6.64,6.0,3,8,16
2014,China,Age 14 & Below,Male,86723.0,1722379.0,5.04,9.94,8,14,16
2014,China,Age 14 & Below,Female,84158.0,1722379.0,4.89,10.13,8,13,16
2014,China,Age 55 - 64,Male,83806.0,1722379.0,4.87,8.75,7,11,16
2014,China,Age 20 - 24,Female,68003.0,1722379.0,3.95,11.0,7,13,16
2014,China,Age 65 & Above,Male,52443.0,1722379.0,3.04,11.75,9,14,16
2014,China,Age 65 & Above,Female,52411.0,1722379.0,3.04,12.0,11,14,16
2014,China,Age 20 - 24,Male,39555.0,1722379.0,2.3,13.19,10,14,16
2014,China,Age 15 - 19,Female,29098.0,1722379.0,1.69,15.0,15,15,16
2014,China,Age 15 - 19,Male,24983.0,1722379.0,1.45,16.0,16,16,16
2015,China,Age 25 - 34,Female,296669.0,2106164.0,14.09,1.25,1,2,16
2015,China,Age 35 - 44,Female,245143.0,2106164.0,11.64,2.25,1,4,16
2015,China,Age 35 - 44,Male,202056.0,2106164.0,9.59,3.06,1,5,16
2015,China,Age 25 - 34,Male,196564.0,2106164.0,9.33,4.5,3,6,16
2015,China,Age 45 - 54,Female,185551.0,2106164.0,8.81,4.69,3,6,16
2015,China,Age 55 - 64,Female,165545.0,2106164.0,7.86,6.0,3,8,16
2015,China,Age 45 - 54,Male,145254.0,2106164.0,6.9,6.5,5,9,16
2015,China,Age 14 & Below,Male,112230.0,2106164.0,5.33,9.94,8,14,16
2015,China,Age 55 - 64,Male,111842.0,2106164.0,5.31,8.75,7,11,16
2015,China,Age 14 & Below,Female,110658.0,2106164.0,5.25,10.13,8,13,16
2015,China,Age 20 - 24,Female,75762.0,2106164.0,3.6,11.0,7,13,16
2015,China,Age 65 & Above,Male,75700.0,2106164.0,3.59,11.75,9,14,16
2015,China,Age 65 & Above,Female,74966.0,2106164.0,3.56,12.0,11,14,16
2015,China,Age 20 - 24,Male,41127.0,2106164.0,1.95,13.19,10,14,16
2015,China,Age 15 - 19,Female,37235.0,2106164.0,1.77,15.0,15,15,16
2015,China,Age 15 - 19,Male,29862.0,2106164.0,1.42,16.0,16,16,16
2016,China,Age 25 - 34,Female,378023.0,2863561.0,13.2,1.25,1,2,16
2016,China,Age 35 - 44,Female,334980.0,2863561.0,11.7,2.25,1,4,16
2016,China,Age 45 - 54,Female,300030.0,2863561.0,10.48,4.69,3,6,16
2016,China,Age 55 - 64,Female,259900.0,2863561.0,9.08,6.0,3,8,16
2016,China,Age 35 - 44,Male,253099.0,2863561.0,8.84,3.06,1,5,16
2016,China,Age 25 - 34,Male,241119.0,2863561.0,8.42,4.5,3,6,16
2016,China,Age 45 - 54,Male,197086.0,2863561.0,6.88,6.5,5,9,16
2016,China,Age 55 - 64,Male,165282.0,2863561.0,5.77,8.75,7,11,16
2016,China,Age 14 & Below,Male,142867.0,2863561.0,4.99,9.94,8,14,16
2016,China,Age 14 & Below,Female,136926.0,2863561.0,4.78,10.13,8,13,16
2016,China,Age 65 & Above,Female,115879.0,2863561.0,4.05,12.0,11,14,16
2016,China,Age 65 & Above,Male,115521.0,2863561.0,4.03,11.75,9,14,16
2016,China,Age 20 - 24,Female,96117.0,2863561.0,3.36,11.0,7,13,16
2016,China,Age 20 - 24,Male,50821.0,2863561.0,1.77,13.19,10,14,16
2016,China,Age 15 - 19,Female,41416.0,2863561.0,1.45,15.0,15,15,16
2016,China,Age 15 - 19,Male,34495.0,2863561.0,1.2,16.0,16,16,16
2017,China,Age 25 - 34,Female,425254.0,3228131.0,13.17,1.25,1,2,16
2017,China,Age 35 - 44,Female,375924.0,3228131.0,11.65,2.25,1,4,16
2017,China,Age 45 - 54,Female,339245.0,3228131.0,10.51,4.69,3,6,16
2017,China,Age 55 - 64,Female,320399.0,3228131.0,9.93,6.0,3,8,16
2017,China,Age 35 - 44,Male,261254.0,3228131.0,8.09,3.06,1,5,16
2017,China,Age 25 - 34,Male,250211.0,3228131.0,7.75,4.5,3,6,16
2017,China,Age 45 - 54,Male,200193.0,3228131.0,6.2,6.5,5,9,16
2017,China,Age 55 - 64,Male,195234.0,3228131.0,6.05,8.75,7,11,16
2017,China,Age 14 & Below,Male,170433.0,3228131.0,5.28,9.94,8,14,16
2017,China,Age 14 & Below,Female,164225.0,3228131.0,5.09,10.13,8,13,16
2017,China,Age 65 & Above,Female,144617.0,3228131.0,4.48,12.0,11,14,16
2017,China,Age 65 & Above,Male,139454.0,3228131.0,4.32,11.75,9,14,16
2017,China,Age 20 - 24,Female,107822.0,3228131.0,3.34,11.0,7,13,16
2017,China,Age 20 - 24,Male,51781.0,3228131.0,1.6,13.19,10,14,16
2017,China,Age 15 - 19,Female,45975.0,3228131.0,1.42,15.0,15,15,16
2017,China,Age 15 - 19,Male,36110.0,3228131.0,1.12,16.0,16,16,16
2018,China,Age 25 - 34,Female,459806.0,3417604.0,13.45,1.25,1,2,16
2018,China,Age 35 - 44,Female,410095.0,3417604.0,12.0,2.25,1,4,16
2018,China,Age 55 - 64,Female,343180.0,3417604.0,10.04,6.0,3,8,16
2018,China,Age 45 - 54,Female,331178.0,3417604.0,9.69,4.69,3,6,16
2018,China,Age 35 - 44,Male,284327.0,3417604.0,8.32,3.06,1,5,16
2018,China,Age 25 - 34,Male,267432.0,3417604.0,7.83,4.5,3,6,16
2018,China,Age 55 - 64,Male,205204.0,3417604.0,6.0,8.75,7,11,16
2018,China,Age 45 - 54,Male,201117.0,3417604.0,5.88,6.5,5,9,16
2018,China,Age 14 & Below,Male,195642.0,3417604.0,5.72,9.94,8,14,16
2018,China,Age 14 & Below,Female,184391.0,3417604.0,5.4,10.13,8,13,16
2018,China,Age 65 & Above,Female,152210.0,3417604.0,4.45,12.0,11,14,16
2018,China,Age 65 & Above,Male,143236.0,3417604.0,4.19,11.75,9,14,16
2018,China,Age 20 - 24,Female,109116.0,3417604.0,3.19,11.0,7,13,16
2018,China,Age 20 - 24,Male,53366.0,3417604.0,1.56,13.19,10,14,16
2018,China,Age 15 - 19,Female,42872.0,3417604.0,1.25,15.0,15,15,16
2018,China,Age 15 - 19,Male,34432.0,3417604.0,1.01,16.0,16,16,16
2019,China,Age 25 - 34,Female,475973.0,3627120.0,13.12,1.25,1,2,16
2019,China,Age 35 - 44,Female,423866.0,3627120.0,11.69,2.25,1,4,16
2019,China,Age 55 - 64,Female,385813.0,3627120.0,10.64,6.0,3,8,16
2019,China,Age 45 - 54,Female,336790.0,3627120.0,9.29,4.69,3,6,16
2019,China,Age 35 - 44,Male,297380.0,3627120.0,8.2,3.06,1,5,16
2019,China,Age 25 - 34,Male,276999.0,3627120.0,7.64,4.5,3,6,16
2019,China,Age 55 - 64,Male,223584.0,3627120.0,6.16,8.75,7,11,16
2019,China,Age 14 & Below,Male,210412.0,3627120.0,5.8,9.94,8,14,16
2019,China,Age 45 - 54,Male,200999.0,3627120.0,5.54,6.5,5,9,16
2019,China,Age 14 & Below,Female,198752.0,3627120.0,5.48,10.13,8,13,16
2019,China,Age 65 & Above,Female,183805.0,3627120.0,5.07,12.0,11,14,16
2019,China,Age 65 & Above,Male,169847.0,3627120.0,4.68,11.75,9,14,16
2019,China,Age 20 - 24,Female,106852.0,3627120.0,2.95,11.0,7,13,16
2019,China,Age 20 - 24,Male,54524.0,3627120.0,1.5,13.19,10,14,16
2019,China,Age 15 - 19,Female,44474.0,3627120.0,1.23,15.0,15,15,16
2019,China,Age 15 - 19,Male,37050.0,3627120.0,1.02,16.0,16,16,16
2023,China,Age 35 - 44,Female,173519.0,1363919.0,12.72,2.25,1,4,16
2023,China,Age 25 - 34,Female,167155.0,1363919.0,12.26,1.25,1,2,16
2023,China,Age 35 - 44,Male,161264.0,1363919.0,11.82,3.06,1,5,16
2023,China,Age 25 - 34,Male,118090.0,1363919.0,8.66,4.5,3,6,16
2023,China,Age 45 - 54,Female,100261.0,1363919.0,7.35,4.69,3,6,16
2023,China,Age 45 - 54,Male,94697.0,1363919.0,6.94,6.5,5,9,16
2023,China,Age 55 - 64,Female,89057.0,1363919.0,6.53,6.0,3,8,16
2023,China,Age 14 & Below,Male,81755.0,1363919.0,5.99,9.94,8,14,16
2023,China,Age 14 & Below,Female,77100.0,1363919.0,5.65,10.13,8,13,16
2023,China,Age 55 - 64,Male,67326.0,1363919.0,4.94,8.75,7,11,16
2023,China,Age 65 & Above,Female,56774.0,1363919.0,4.16,12.0,11,14,16
2023,China,Age 65 & Above,Male,53197.0,1363919.0,3.9,11.75,9,14,16
2023,China,Age 20 - 24,Female,43878.0,1363919.0,3.22,11.0,7,13,16
2023,China,Age 20 - 24,Male,33832.0,1363919.0,2.48,13.19,10,14,16
2023,China,Age 15 - 19,Female,24422.0,1363919.0,1.79,15.0,15,15,16
2023,China,Age 15 - 19,Male,21592.0,1363919.0,1.58,16.0,16,16,16
2024,China,Age 25 - 34,Female,386615.0,3079964.0,12.55,1.25,1,2,16
2024,China,Age 35 - 44,Female,378002.0,3079964.0,12.27,2.25,1,4,16
2024,China,Age 35 - 44,Male,324051.0,3079964.0,10.52,3.06,1,5,16
2024,China,Age 25 - 34,Male,257487.0,3079964.0,8.36,4.5,3,6,16
2024,China,Age 45 - 54,Female,226949.0,3079964.0,7.37,4.69,3,6,16
2024,China,Age 55 - 64,Female,217295.0,3079964.0,7.06,6.0,3,8,16
2024,China,Age 45 - 54,Male,184265.0,3079964.0,5.98,6.5,5,9,16
2024,China,Age 14 & Below,Male,178474.0,3079964.0,5.79,9.94,8,14,16
2024,China,Age 14 & Below,Female,168672.0,3079964.0,5.48,10.13,8,13,16
2024,China,Age 55 - 64,Male,148741.0,3079964.0,4.83,8.75,7,11,16
2024,China,Age 65 & Above,Female,140372.0,3079964.0,4.56,12.0,11,14,16
2024,China,Age 65 & Above,Male,128713.0,3079964.0,4.18,11.75,9,14,16
2024,China,Age 20 - 24,Female,126231.0,3079964.0,4.1,11.0,7,13,16
2024,China,Age 20 - 24,Male,89661.0,3079964.0,2.91,13.19,10,14,16
2024,China,Age 15 - 19,Female,65750.0,3079964.0,2.13,15.0,15,15,16
2024,China,Age 15 - 19,Male,58686.0,3079964.0,1.91,16.0,16,16,16
2025,China,Age 25 - 34,Female,383829.0,3099941.0,12.38,1.25,1,2,16
2025,China,Age 35 - 44,Female,380744.0,3099941.0,12.28,2.25,1,4,16
2025,China,Age 35 - 44,Male,358382.0,3099941.0,11.56,3.06,1,5,16
2025,China,Age 25 - 34,Male,277162.0,3099941.0,8.94,4.5,3,6,16
2025,China,Age 45 - 54,Female,216217.0,3099941.0,6.97,4.69,3,6,16
2025,China,Age 45 - 54,Male,197827.0,3099941.0,6.38,6.5,5,9,16
2025,China,Age 55 - 64,Female,188731.0,3099941.0,6.09,6.0,3,8,16
2025,China,Age 14 & Below,Male,166079.0,3099941.0,5.36,9.94,8,14,16
2025,China,Age 14 & Below,Female,159266.0,3099941.0,5.14,10.13,8,13,16
2025,China,Age 20 - 24,Female,149605.0,3099941.0,4.83,11.0,7,13,16
2025,China,Age 55 - 64,Male,138616.0,3099941.0,4.47,8.75,7,11,16
2025,China,Age 65 & Above,Female,121836.0,3099941.0,3.93,12.0,11,14,16
2025,China,Age 65 & Above,Male,106790.0,3099941.0,3.44,11.75,9,14,16
2025,China,Age 20 - 24,Male,105000.0,3099941.0,3.39,13.19,10,14,16
2025,China,Age 15 - 19,Female,80969.0,3099941.0,2.61,15.0,15,15,16
2025,China,Age 15 - 19,Male,68888.0,3099941.0,2.22,16.0,16,16,16
2026,China,Age 35 - 44,Female,246351.0,1962675.0,12.55,2.25,1,4,16
2026,China,Age 25 - 34,Female,236066.0,1962675.0,12.03,1.25,1,2,16
2026,China,Age 35 - 44,Male,220955.0,1962675.0,11.26,3.06,1,5,16
2026,China,Age 25 - 34,Male,161433.0,1962675.0,8.23,4.5,3,6,16
2026,China,Age 45 - 54,Female,139284.0,1962675.0,7.1,4.69,3,6,16
2026,China,Age 45 - 54,Male,123846.0,1962675.0,6.31,6.5,5,9,16
2026,China,Age 55 - 64,Female,114185.0,1962675.0,5.82,6.0,3,8,16
2026,China,Age 14 & Below,Female,113953.0,1962675.0,5.81,10.13,8,13,16
2026,China,Age 14 & Below,Male,112848.0,1962675.0,5.75,9.94,8,14,16
2026,China,Age 20 - 24,Female,104323.0,1962675.0,5.32,11.0,7,13,16
2026,China,Age 55 - 64,Male,82035.0,1962675.0,4.18,8.75,7,11,16
2026,China,Age 20 - 24,Male,72304.0,1962675.0,3.68,13.19,10,14,16
2026,China,Age 65 & Above,Female,71304.0,1962675.0,3.63,12.0,11,14,16
2026,China,Age 65 & Above,Male,59990.0,1962675.0,3.06,11.75,9,14,16
2026,China,Age 15 - 19,Female,55981.0,1962675.0,2.85,15.0,15,15,16
2026,China,Age 15 - 19,Male,47817.0,1962675.0,2.44,16.0,16,16,16
2008,India,Age 25 - 34,Male,148911.0,741108.0,20.09,1.19,1,2,16
2008,India,Age 35 - 44,Male,114522.0,741108.0,15.45,1.81,1,2,16
2008,India,Age 45 - 54,Male,68421.0,741108.0,9.23,3.69,3,5,16
2008,India,Age 25 - 34,Female,58433.0,741108.0,7.88,3.5,3,4,16
2008,India,Age 20 - 24,Male,52839.0,741108.0,7.13,10.06,5,13,16
2008,India,Age 35 - 44,Female,42216.0,741108.0,5.7,4.94,3,6,16
2008,India,Age 55 - 64,Male,41302.0,741108.0,5.57,7.13,6,10,16
2008,India,Age 45 - 54,Female,36991.0,741108.0,4.99,8.31,7,10,16
2008,India,Age 14 & Below,Male,35378.0,741108.0,4.77,6.81,6,9,16
2008,India,Age 14 & Below,Female,31100.0,741108.0,4.2,8.88,7,11,16
2008,India,Age 55 - 64,Female,29727.0,741108.0,4.01,10.19,9,11,16
2008,India,Age 20 - 24,Female,24885.0,741108.0,3.36,13.0,12,14,16
2008,India,Age 65 & Above,Male,20078.0,741108.0,2.71,11.81,11,13,16
2008,India,Age 15 - 19,Male,14526.0,741108.0,1.96,14.75,14,15,16
2008,India,Age 65 & Above,Female,11013.0,741108.0,1.49,13.94,12,15,16
2008,India,Age 15 - 19,Female,10766.0,741108.0,1.45,16.0,16,16,16
2009,India,Age 25 - 34,Male,126246.0,698898.0,18.06,1.19,1,2,16
2009,India,Age 35 - 44,Male,102495.0,698898.0,14.67,1.81,1,2,16
2009,India,Age 45 - 54,Male,65351.0,698898.0,9.35,3.69,3,5,16
2009,India,Age 25 - 34,Female,57240.0,698898.0,8.19,3.5,3,4,16
2009,India,Age 20 - 24,Male,44241.0,698898.0,6.33,10.06,5,13,16
2009,India,Age 35 - 44,Female,42887.0,698898.0,6.14,4.94,3,6,16
2009,India,Age 55 - 64,Male,42017.0,698898.0,6.01,7.13,6,10,16
2009,India,Age 45 - 54,Female,38014.0,698898.0,5.44,8.31,7,10,16
2009,India,Age 14 & Below,Male,35534.0,698898.0,5.08,6.81,6,9,16
2009,India,Age 14 & Below,Female,31677.0,698898.0,4.53,8.88,7,11,16
2009,India,Age 55 - 64,Female,31003.0,698898.0,4.44,10.19,9,11,16
2009,India,Age 20 - 24,Female,25344.0,698898.0,3.63,13.0,12,14,16
2009,India,Age 65 & Above,Male,20867.0,698898.0,2.99,11.81,11,13,16
2009,India,Age 15 - 19,Male,13403.0,698898.0,1.92,14.75,14,15,16
2009,India,Age 65 & Above,Female,11635.0,698898.0,1.66,13.94,12,15,16
2009,India,Age 15 - 19,Female,10944.0,698898.0,1.57,16.0,16,16,16
2010,India,Age 25 - 34,Male,139521.0,801342.0,17.41,1.19,1,2,16
2010,India,Age 35 - 44,Male,119895.0,801342.0,14.96,1.81,1,2,16
2010,India,Age 45 - 54,Male,75332.0,801342.0,9.4,3.69,3,5,16
2010,India,Age 25 - 34,Female,66033.0,801342.0,8.24,3.5,3,4,16
2010,India,Age 35 - 44,Female,51146.0,801342.0,6.38,4.94,3,6,16
2010,India,Age 55 - 64,Male,48490.0,801342.0,6.05,7.13,6,10,16
2010,India,Age 14 & Below,Male,44511.0,801342.0,5.55,6.81,6,9,16
2010,India,Age 45 - 54,Female,43576.0,801342.0,5.44,8.31,7,10,16
2010,India,Age 20 - 24,Male,43233.0,801342.0,5.4,10.06,5,13,16
2010,India,Age 14 & Below,Female,39411.0,801342.0,4.92,8.88,7,11,16
2010,India,Age 55 - 64,Female,36448.0,801342.0,4.55,10.19,9,11,16
2010,India,Age 20 - 24,Female,26419.0,801342.0,3.3,13.0,12,14,16
2010,India,Age 65 & Above,Male,24810.0,801342.0,3.1,11.81,11,13,16
2010,India,Age 15 - 19,Male,15365.0,801342.0,1.92,14.75,14,15,16
2010,India,Age 65 & Above,Female,13853.0,801342.0,1.73,13.94,12,15,16
2010,India,Age 15 - 19,Female,13299.0,801342.0,1.66,16.0,16,16,16
2011,India,Age 25 - 34,Male,149747.0,844510.0,17.73,1.19,1,2,16
2011,India,Age 35 - 44,Male,125315.0,844510.0,14.84,1.81,1,2,16
2011,India,Age 45 - 54,Male,77948.0,844510.0,9.23,3.69,3,5,16
2011,India,Age 25 - 34,Female,72413.0,844510.0,8.57,3.5,3,4,16
2011,India,Age 35 - 44,Female,54107.0,844510.0,6.41,4.94,3,6,16
2011,India,Age 55 - 64,Male,51237.0,844510.0,6.07,7.13,6,10,16
2011,India,Age 14 & Below,Male,46743.0,844510.0,5.53,6.81,6,9,16
2011,India,Age 45 - 54,Female,45371.0,844510.0,5.37,8.31,7,10,16
2011,India,Age 20 - 24,Male,44373.0,844510.0,5.25,10.06,5,13,16
2011,India,Age 14 & Below,Female,41133.0,844510.0,4.87,8.88,7,11,16
2011,India,Age 55 - 64,Female,39192.0,844510.0,4.64,10.19,9,11,16
2011,India,Age 20 - 24,Female,27327.0,844510.0,3.24,13.0,12,14,16
2011,India,Age 65 & Above,Male,26098.0,844510.0,3.09,11.81,11,13,16
2011,India,Age 15 - 19,Male,15695.0,844510.0,1.86,14.75,14,15,16
2011,India,Age 65 & Above,Female,14584.0,844510.0,1.73,13.94,12,15,16
2011,India,Age 15 - 19,Female,13227.0,844510.0,1.57,16.0,16,16,16
2012,India,Age 25 - 34,Male,158110.0,878687.0,17.99,1.19,1,2,16
2012,India,Age 35 - 44,Male,129712.0,878687.0,14.76,1.81,1,2,16
2012,India,Age 45 - 54,Male,79580.0,878687.0,9.06,3.69,3,5,16
2012,India,Age 25 - 34,Female,77534.0,878687.0,8.82,3.5,3,4,16
2012,India,Age 35 - 44,Female,56664.0,878687.0,6.45,4.94,3,6,16
2012,India,Age 55 - 64,Male,53887.0,878687.0,6.13,7.13,6,10,16
2012,India,Age 45 - 54,Female,47400.0,878687.0,5.39,8.31,7,10,16
2012,India,Age 14 & Below,Male,47057.0,878687.0,5.36,6.81,6,9,16
2012,India,Age 20 - 24,Male,45054.0,878687.0,5.13,10.06,5,13,16
2012,India,Age 14 & Below,Female,42259.0,878687.0,4.81,8.88,7,11,16
2012,India,Age 55 - 64,Female,41923.0,878687.0,4.77,10.19,9,11,16
2012,India,Age 65 & Above,Male,27970.0,878687.0,3.18,11.81,11,13,16
2012,India,Age 20 - 24,Female,27460.0,878687.0,3.13,13.0,12,14,16
2012,India,Age 65 & Above,Female,15995.0,878687.0,1.82,13.94,12,15,16
2012,India,Age 15 - 19,Male,15112.0,878687.0,1.72,14.75,14,15,16
2012,India,Age 15 - 19,Female,12970.0,878687.0,1.48,16.0,16,16,16
2013,India,Age 25 - 34,Male,170653.0,932775.0,18.3,1.19,1,2,16
2013,India,Age 35 - 44,Male,134992.0,932775.0,14.47,1.81,1,2,16
2013,India,Age 45 - 54,Male,84559.0,932775.0,9.07,3.69,3,5,16
2013,India,Age 25 - 34,Female,83401.0,932775.0,8.94,3.5,3,4,16
2013,India,Age 35 - 44,Female,58097.0,932775.0,6.23,4.94,3,6,16
2013,India,Age 55 - 64,Male,56561.0,932775.0,6.06,7.13,6,10,16
2013,India,Age 14 & Below,Male,49885.0,932775.0,5.35,6.81,6,9,16
2013,India,Age 20 - 24,Male,48921.0,932775.0,5.24,10.06,5,13,16
2013,India,Age 45 - 54,Female,48806.0,932775.0,5.23,8.31,7,10,16
2013,India,Age 55 - 64,Female,45219.0,932775.0,4.85,10.19,9,11,16
2013,India,Age 14 & Below,Female,44395.0,932775.0,4.76,8.88,7,11,16
2013,India,Age 65 & Above,Male,31340.0,932775.0,3.36,11.81,11,13,16
2013,India,Age 20 - 24,Female,28397.0,932775.0,3.04,13.0,12,14,16
2013,India,Age 65 & Above,Female,18597.0,932775.0,1.99,13.94,12,15,16
2013,India,Age 15 - 19,Male,15991.0,932775.0,1.71,14.75,14,15,16
2013,India,Age 15 - 19,Female,12961.0,932775.0,1.39,16.0,16,16,16
2014,India,Age 25 - 34,Male,171052.0,943631.0,18.13,1.19,1,2,16
2014,India,Age 35 - 44,Male,142087.0,943631.0,15.06,1.81,1,2,16
2014,India,Age 45 - 54,Male,87501.0,943631.0,9.27,3.69,3,5,16
2014,India,Age 25 - 34,Female,85750.0,943631.0,9.09,3.5,3,4,16
2014,India,Age 35 - 44,Female,60073.0,943631.0,6.37,4.94,3,6,16
2014,India,Age 55 - 64,Male,55732.0,943631.0,5.91,7.13,6,10,16
2014,India,Age 14 & Below,Male,50992.0,943631.0,5.4,6.81,6,9,16
2014,India,Age 45 - 54,Female,47088.0,943631.0,4.99,8.31,7,10,16
2014,India,Age 20 - 24,Male,46743.0,943631.0,4.95,10.06,5,13,16
2014,India,Age 14 & Below,Female,45492.0,943631.0,4.82,8.88,7,11,16
2014,India,Age 55 - 64,Female,45344.0,943631.0,4.81,10.19,9,11,16
2014,India,Age 65 & Above,Male,32057.0,943631.0,3.4,11.81,11,13,16
2014,India,Age 20 - 24,Female,26864.0,943631.0,2.85,13.0,12,14,16
2014,India,Age 65 & Above,Female,18910.0,943631.0,2.0,13.94,12,15,16
2014,India,Age 15 - 19,Male,14943.0,943631.0,1.58,14.75,14,15,16
2014,India,Age 15 - 19,Female,13003.0,943631.0,1.38,16.0,16,16,16
2015,India,Age 25 - 34,Male,175236.0,1013985.0,17.28,1.19,1,2,16
2015,India,Age 35 - 44,Male,145925.0,1013985.0,14.39,1.81,1,2,16
2015,India,Age 25 - 34,Female,96042.0,1013985.0,9.47,3.5,3,4,16
2015,India,Age 45 - 54,Male,89868.0,1013985.0,8.86,3.69,3,5,16
2015,India,Age 35 - 44,Female,67758.0,1013985.0,6.68,4.94,3,6,16
2015,India,Age 55 - 64,Male,60580.0,1013985.0,5.97,7.13,6,10,16
2015,India,Age 14 & Below,Male,57963.0,1013985.0,5.72,6.81,6,9,16
2015,India,Age 45 - 54,Female,51613.0,1013985.0,5.09,8.31,7,10,16
2015,India,Age 55 - 64,Female,51517.0,1013985.0,5.08,10.19,9,11,16
2015,India,Age 14 & Below,Female,50964.0,1013985.0,5.03,8.88,7,11,16
2015,India,Age 20 - 24,Male,45719.0,1013985.0,4.51,10.06,5,13,16
2015,India,Age 65 & Above,Male,37314.0,1013985.0,3.68,11.81,11,13,16
2015,India,Age 20 - 24,Female,29766.0,1013985.0,2.94,13.0,12,14,16
2015,India,Age 65 & Above,Female,22509.0,1013985.0,2.22,13.94,12,15,16
2015,India,Age 15 - 19,Male,16574.0,1013985.0,1.63,14.75,14,15,16
2015,India,Age 15 - 19,Female,14637.0,1013985.0,1.44,16.0,16,16,16
2016,India,Age 25 - 34,Male,178660.0,1097189.0,16.28,1.19,1,2,16
2016,India,Age 35 - 44,Male,155857.0,1097189.0,14.21,1.81,1,2,16
2016,India,Age 25 - 34,Female,106205.0,1097189.0,9.68,3.5,3,4,16
2016,India,Age 45 - 54,Male,96176.0,1097189.0,8.77,3.69,3,5,16
2016,India,Age 35 - 44,Female,76325.0,1097189.0,6.96,4.94,3,6,16
2016,India,Age 14 & Below,Male,64906.0,1097189.0,5.92,6.81,6,9,16
2016,India,Age 55 - 64,Male,64799.0,1097189.0,5.91,7.13,6,10,16
2016,India,Age 45 - 54,Female,58174.0,1097189.0,5.3,8.31,7,10,16
2016,India,Age 14 & Below,Female,57910.0,1097189.0,5.28,8.88,7,11,16
2016,India,Age 55 - 64,Female,55808.0,1097189.0,5.09,10.19,9,11,16
2016,India,Age 20 - 24,Male,46780.0,1097189.0,4.26,10.06,5,13,16
2016,India,Age 65 & Above,Male,41170.0,1097189.0,3.75,11.81,11,13,16
2016,India,Age 20 - 24,Female,32903.0,1097189.0,3.0,13.0,12,14,16
2016,India,Age 65 & Above,Female,25489.0,1097189.0,2.32,13.94,12,15,16
2016,India,Age 15 - 19,Male,19244.0,1097189.0,1.75,14.75,14,15,16
2016,India,Age 15 - 19,Female,16783.0,1097189.0,1.53,16.0,16,16,16
2017,India,Age 25 - 34,Male,195312.0,1272077.0,15.35,1.19,1,2,16
2017,India,Age 35 - 44,Male,174024.0,1272077.0,13.68,1.81,1,2,16
2017,India,Age 25 - 34,Female,128250.0,1272077.0,10.08,3.5,3,4,16
2017,India,Age 45 - 54,Male,107681.0,1272077.0,8.46,3.69,3,5,16
2017,India,Age 35 - 44,Female,93589.0,1272077.0,7.36,4.94,3,6,16
2017,India,Age 14 & Below,Male,79101.0,1272077.0,6.22,6.81,6,9,16
2017,India,Age 55 - 64,Male,73342.0,1272077.0,5.77,7.13,6,10,16
2017,India,Age 14 & Below,Female,71281.0,1272077.0,5.6,8.88,7,11,16
2017,India,Age 45 - 54,Female,68413.0,1272077.0,5.38,8.31,7,10,16
2017,India,Age 55 - 64,Female,66519.0,1272077.0,5.23,10.19,9,11,16
2017,India,Age 65 & Above,Male,50606.0,1272077.0,3.98,11.81,11,13,16
2017,India,Age 20 - 24,Male,49026.0,1272077.0,3.85,10.06,5,13,16
2017,India,Age 20 - 24,Female,38811.0,1272077.0,3.05,13.0,12,14,16
2017,India,Age 65 & Above,Female,32326.0,1272077.0,2.54,13.94,12,15,16
2017,India,Age 15 - 19,Male,23090.0,1272077.0,1.82,14.75,14,15,16
2017,India,Age 15 - 19,Female,20706.0,1272077.0,1.63,16.0,16,16,16
2018,India,Age 25 - 34,Male,216072.0,1442277.0,14.98,1.19,1,2,16
2018,India,Age 35 - 44,Male,200265.0,1442277.0,13.89,1.81,1,2,16
2018,India,Age 25 - 34,Female,141491.0,1442277.0,9.81,3.5,3,4,16
2018,India,Age 45 - 54,Male,126095.0,1442277.0,8.74,3.69,3,5,16
2018,India,Age 35 - 44,Female,109792.0,1442277.0,7.61,4.94,3,6,16
2018,India,Age 14 & Below,Male,90004.0,1442277.0,6.24,6.81,6,9,16
2018,India,Age 55 - 64,Male,82434.0,1442277.0,5.72,7.13,6,10,16
2018,India,Age 14 & Below,Female,81824.0,1442277.0,5.67,8.88,7,11,16
2018,India,Age 45 - 54,Female,78857.0,1442277.0,5.47,8.31,7,10,16
2018,India,Age 55 - 64,Female,74783.0,1442277.0,5.19,10.19,9,11,16
2018,India,Age 65 & Above,Male,57508.0,1442277.0,3.99,11.81,11,13,16
2018,India,Age 20 - 24,Male,53879.0,1442277.0,3.74,10.06,5,13,16
2018,India,Age 20 - 24,Female,41305.0,1442277.0,2.86,13.0,12,14,16
2018,India,Age 65 & Above,Female,37086.0,1442277.0,2.57,13.94,12,15,16
2018,India,Age 15 - 19,Male,26904.0,1442277.0,1.87,14.75,14,15,16
2018,India,Age 15 - 19,Female,23978.0,1442277.0,1.66,16.0,16,16,16
2019,India,Age 25 - 34,Male,219598.0,1417993.0,15.49,1.19,1,2,16
2019,India,Age 35 - 44,Male,195475.0,1417993.0,13.79,1.81,1,2,16
2019,India,Age 25 - 34,Female,142894.0,1417993.0,10.08,3.5,3,4,16
2019,India,Age 45 - 54,Male,119820.0,1417993.0,8.45,3.69,3,5,16
2019,India,Age 35 - 44,Female,105755.0,1417993.0,7.46,4.94,3,6,16
2019,India,Age 14 & Below,Male,85685.0,1417993.0,6.04,6.81,6,9,16
2019,India,Age 55 - 64,Male,79783.0,1417993.0,5.63,7.13,6,10,16
2019,India,Age 14 & Below,Female,76801.0,1417993.0,5.42,8.88,7,11,16
2019,India,Age 45 - 54,Female,74843.0,1417993.0,5.28,8.31,7,10,16
2019,India,Age 55 - 64,Female,74022.0,1417993.0,5.22,10.19,9,11,16
2019,India,Age 65 & Above,Male,58492.0,1417993.0,4.12,11.81,11,13,16
2019,India,Age 20 - 24,Male,55820.0,1417993.0,3.94,10.06,5,13,16
2019,India,Age 20 - 24,Female,40899.0,1417993.0,2.88,13.0,12,14,16
2019,India,Age 65 & Above,Female,38900.0,1417993.0,2.74,13.94,12,15,16
2019,India,Age 15 - 19,Male,26202.0,1417993.0,1.85,14.75,14,15,16
2019,India,Age 15 - 19,Female,23004.0,1417993.0,1.62,16.0,16,16,16
2023,India,Age 25 - 34,Male,154565.0,1070128.0,14.44,1.19,1,2,16
2023,India,Age 35 - 44,Male,153969.0,1070128.0,14.39,1.81,1,2,16
2023,India,Age 25 - 34,Female,106222.0,1070128.0,9.93,3.5,3,4,16
2023,India,Age 45 - 54,Male,89109.0,1070128.0,8.33,3.69,3,5,16
2023,India,Age 35 - 44,Female,88201.0,1070128.0,8.24,4.94,3,6,16
2023,India,Age 14 & Below,Male,66031.0,1070128.0,6.17,6.81,6,9,16
2023,India,Age 14 & Below,Female,60482.0,1070128.0,5.65,8.88,7,11,16
2023,India,Age 55 - 64,Male,56687.0,1070128.0,5.3,7.13,6,10,16
2023,India,Age 55 - 64,Female,55705.0,1070128.0,5.21,10.19,9,11,16
2023,India,Age 45 - 54,Female,54374.0,1070128.0,5.08,8.31,7,10,16
2023,India,Age 65 & Above,Male,47707.0,1070128.0,4.46,11.81,11,13,16
2023,India,Age 20 - 24,Male,44298.0,1070128.0,4.14,10.06,5,13,16
2023,India,Age 65 & Above,Female,34045.0,1070128.0,3.18,13.94,12,15,16
2023,India,Age 20 - 24,Female,24427.0,1070128.0,2.28,13.0,12,14,16
2023,India,Age 15 - 19,Male,17902.0,1070128.0,1.67,14.75,14,15,16
2023,India,Age 15 - 19,Female,16404.0,1070128.0,1.53,16.0,16,16,16
2024,India,Age 35 - 44,Male,169619.0,1196140.0,14.18,1.81,1,2,16
2024,India,Age 25 - 34,Male,165460.0,1196140.0,13.83,1.19,1,2,16
2024,India,Age 25 - 34,Female,120008.0,1196140.0,10.03,3.5,3,4,16
2024,India,Age 35 - 44,Female,102668.0,1196140.0,8.58,4.94,3,6,16
2024,India,Age 45 - 54,Male,99243.0,1196140.0,8.3,3.69,3,5,16
2024,India,Age 14 & Below,Male,75411.0,1196140.0,6.3,6.81,6,9,16
2024,India,Age 14 & Below,Female,70923.0,1196140.0,5.93,8.88,7,11,16
2024,India,Age 45 - 54,Female,62650.0,1196140.0,5.24,8.31,7,10,16
2024,India,Age 55 - 64,Female,61775.0,1196140.0,5.16,10.19,9,11,16
2024,India,Age 55 - 64,Male,60934.0,1196140.0,5.09,7.13,6,10,16
2024,India,Age 65 & Above,Male,53063.0,1196140.0,4.44,11.81,11,13,16
2024,India,Age 20 - 24,Male,45806.0,1196140.0,3.83,10.06,5,13,16
2024,India,Age 65 & Above,Female,38510.0,1196140.0,3.22,13.94,12,15,16
2024,India,Age 20 - 24,Female,28713.0,1196140.0,2.4,13.0,12,14,16
2024,India,Age 15 - 19,Male,21150.0,1196140.0,1.77,14.75,14,15,16
2024,India,Age 15 - 19,Female,20207.0,1196140.0,1.69,16.0,16,16,16
2025,India,Age 35 - 44,Male,173714.0,1207036.0,14.39,1.81,1,2,16
2025,India,Age 25 - 34,Male,165590.0,1207036.0,13.72,1.19,1,2,16
2025,India,Age 25 - 34,Female,116007.0,1207036.0,9.61,3.5,3,4,16
2025,India,Age 45 - 54,Male,106578.0,1207036.0,8.83,3.69,3,5,16
2025,India,Age 35 - 44,Female,104083.0,1207036.0,8.62,4.94,3,6,16
2025,India,Age 14 & Below,Male,75401.0,1207036.0,6.25,6.81,6,9,16
2025,India,Age 14 & Below,Female,70764.0,1207036.0,5.86,8.88,7,11,16
2025,India,Age 45 - 54,Female,64200.0,1207036.0,5.32,8.31,7,10,16
2025,India,Age 55 - 64,Male,63228.0,1207036.0,5.24,7.13,6,10,16
2025,India,Age 55 - 64,Female,60458.0,1207036.0,5.01,10.19,9,11,16
2025,India,Age 65 & Above,Male,52962.0,1207036.0,4.39,11.81,11,13,16
2025,India,Age 20 - 24,Male,43563.0,1207036.0,3.61,10.06,5,13,16
2025,India,Age 65 & Above,Female,39440.0,1207036.0,3.27,13.94,12,15,16
2025,India,Age 20 - 24,Female,28588.0,1207036.0,2.37,13.0,12,14,16
2025,India,Age 15 - 19,Male,21994.0,1207036.0,1.82,14.75,14,15,16
2025,India,Age 15 - 19,Female,20466.0,1207036.0,1.7,16.0,16,16,16
2026,India,Age 35 - 44,Male,100502.0,692922.0,14.5,1.81,1,2,16
2026,India,Age 25 - 34,Male,84983.0,692922.0,12.26,1.19,1,2,16
2026,India,Age 35 - 44,Female,66185.0,692922.0,9.55,4.94,3,6,16
2026,India,Age 25 - 34,Female,63731.0,692922.0,9.2,3.5,3,4,16
2026,India,Age 45 - 54,Male,60629.0,692922.0,8.75,3.69,3,5,16
2026,India,Age 14 & Below,Male,49735.0,692922.0,7.18,6.81,6,9,16
2026,India,Age 14 & Below,Female,47578.0,692922.0,6.87,8.88,7,11,16
2026,India,Age 45 - 54,Female,36799.0,692922.0,5.31,8.31,7,10,16
2026,India,Age 55 - 64,Male,33465.0,692922.0,4.83,7.13,6,10,16
2026,India,Age 55 - 64,Female,33008.0,692922.0,4.76,10.19,9,11,16
2026,India,Age 65 & Above,Male,29755.0,692922.0,4.29,11.81,11,13,16
2026,India,Age 65 & Above,Female,22726.0,692922.0,3.28,13.94,12,15,16
2026,India,Age 20 - 24,Male,21458.0,692922.0,3.1,10.06,5,13,16
2026,India,Age 20 - 24,Female,15595.0,692922.0,2.25,13.0,12,14,16
2026,India,Age 15 - 19,Male,13554.0,692922.0,1.96,14.75,14,15,16
2026,India,Age 15 - 19,Female,13219.0,692922.0,1.91,16.0,16,16,16
2008,Indonesia,Age 25 - 34,Female,195561.0,1576375.0,12.41,1.31,1,2,16
2008,Indonesia,Age 35 - 44,Male,192062.0,1576375.0,12.18,2.69,2,4,16
2008,Indonesia,Age 25 - 34,Male,179894.0,1576375.0,11.41,4.13,3,5,16
2008,Indonesia,Age 35 - 44,Female,159112.0,1576375.0,10.09,2.19,1,4,16
2008,Indonesia,Age 45 - 54,Male,150066.0,1576375.0,9.52,5.69,5,6,16
2008,Indonesia,Age 45 - 54,Female,136074.0,1576375.0,8.63,5.0,3,6,16
2008,Indonesia,Age 55 - 64,Male,89248.0,1576375.0,5.66,8.69,7,11,16
2008,Indonesia,Age 20 - 24,Female,81120.0,1576375.0,5.15,10.56,8,11,16
2008,Indonesia,Age 55 - 64,Female,72047.0,1576375.0,4.57,8.13,7,10,16
2008,Indonesia,Age 14 & Below,Male,69333.0,1576375.0,4.4,8.31,7,10,16
2008,Indonesia,Age 14 & Below,Female,68448.0,1576375.0,4.34,9.31,8,11,16
2008,Indonesia,Age 20 - 24,Male,51549.0,1576375.0,3.27,12.94,12,14,16
2008,Indonesia,Age 65 & Above,Male,37712.0,1576375.0,2.39,12.94,12,14,16
2008,Indonesia,Age 65 & Above,Female,37702.0,1576375.0,2.39,13.13,12,14,16
2008,Indonesia,Age 15 - 19,Female,30591.0,1576375.0,1.94,15.0,15,15,16
2008,Indonesia,Age 15 - 19,Male,25856.0,1576375.0,1.64,16.0,16,16,16
2009,Indonesia,Age 25 - 34,Female,203300.0,1624823.0,12.51,1.31,1,2,16
2009,Indonesia,Age 35 - 44,Male,191152.0,1624823.0,11.76,2.69,2,4,16
2009,Indonesia,Age 25 - 34,Male,178548.0,1624823.0,10.99,4.13,3,5,16
2009,Indonesia,Age 35 - 44,Female,167445.0,1624823.0,10.31,2.19,1,4,16
2009,Indonesia,Age 45 - 54,Male,149093.0,1624823.0,9.18,5.69,5,6,16
2009,Indonesia,Age 45 - 54,Female,140855.0,1624823.0,8.67,5.0,3,6,16
2009,Indonesia,Age 55 - 64,Male,92376.0,1624823.0,5.69,8.69,7,11,16
2009,Indonesia,Age 20 - 24,Female,79827.0,1624823.0,4.91,10.56,8,11,16
2009,Indonesia,Age 55 - 64,Female,78104.0,1624823.0,4.81,8.13,7,10,16
2009,Indonesia,Age 14 & Below,Male,77255.0,1624823.0,4.75,8.31,7,10,16
2009,Indonesia,Age 14 & Below,Female,76597.0,1624823.0,4.71,9.31,8,11,16
2009,Indonesia,Age 20 - 24,Male,49543.0,1624823.0,3.05,12.94,12,14,16
2009,Indonesia,Age 65 & Above,Male,40108.0,1624823.0,2.47,12.94,12,14,16
2009,Indonesia,Age 65 & Above,Female,39584.0,1624823.0,2.44,13.13,12,14,16
2009,Indonesia,Age 15 - 19,Female,33987.0,1624823.0,2.09,15.0,15,15,16
2009,Indonesia,Age 15 - 19,Male,27049.0,1624823.0,1.66,16.0,16,16,16
2010,Indonesia,Age 25 - 34,Female,251063.0,2109456.0,11.9,1.31,1,2,16
2010,Indonesia,Age 35 - 44,Male,238303.0,2109456.0,11.3,2.69,2,4,16
2010,Indonesia,Age 35 - 44,Female,222420.0,2109456.0,10.54,2.19,1,4,16
2010,Indonesia,Age 25 - 34,Male,213250.0,2109456.0,10.11,4.13,3,5,16
2010,Indonesia,Age 45 - 54,Male,189695.0,2109456.0,8.99,5.69,5,6,16
2010,Indonesia,Age 45 - 54,Female,183860.0,2109456.0,8.72,5.0,3,6,16
2010,Indonesia,Age 55 - 64,Male,119610.0,2109456.0,5.67,8.69,7,11,16
2010,Indonesia,Age 14 & Below,Male,115047.0,2109456.0,5.45,8.31,7,10,16
2010,Indonesia,Age 14 & Below,Female,113839.0,2109456.0,5.4,9.31,8,11,16
2010,Indonesia,Age 55 - 64,Female,107994.0,2109456.0,5.12,8.13,7,10,16
2010,Indonesia,Age 20 - 24,Female,96759.0,2109456.0,4.59,10.56,8,11,16
2010,Indonesia,Age 20 - 24,Male,61544.0,2109456.0,2.92,12.94,12,14,16
2010,Indonesia,Age 65 & Above,Female,53548.0,2109456.0,2.54,13.13,12,14,16
2010,Indonesia,Age 65 & Above,Male,53224.0,2109456.0,2.52,12.94,12,14,16
2010,Indonesia,Age 15 - 19,Female,49946.0,2109456.0,2.37,15.0,15,15,16
2010,Indonesia,Age 15 - 19,Male,39354.0,2109456.0,1.87,16.0,16,16,16
2011,Indonesia,Age 25 - 34,Female,277104.0,2368985.0,11.7,1.31,1,2,16
2011,Indonesia,Age 35 - 44,Male,266031.0,2368985.0,11.23,2.69,2,4,16
2011,Indonesia,Age 35 - 44,Female,249208.0,2368985.0,10.52,2.19,1,4,16
2011,Indonesia,Age 25 - 34,Male,236817.0,2368985.0,10.0,4.13,3,5,16
2011,Indonesia,Age 45 - 54,Male,210767.0,2368985.0,8.9,5.69,5,6,16
2011,Indonesia,Age 45 - 54,Female,202306.0,2368985.0,8.54,5.0,3,6,16
2011,Indonesia,Age 55 - 64,Male,134770.0,2368985.0,5.69,8.69,7,11,16
2011,Indonesia,Age 14 & Below,Male,132461.0,2368985.0,5.59,8.31,7,10,16
2011,Indonesia,Age 14 & Below,Female,131066.0,2368985.0,5.53,9.31,8,11,16
2011,Indonesia,Age 55 - 64,Female,123230.0,2368985.0,5.2,8.13,7,10,16
2011,Indonesia,Age 20 - 24,Female,106160.0,2368985.0,4.48,10.56,8,11,16
2011,Indonesia,Age 20 - 24,Male,69497.0,2368985.0,2.93,12.94,12,14,16
2011,Indonesia,Age 65 & Above,Male,61462.0,2368985.0,2.59,12.94,12,14,16
2011,Indonesia,Age 65 & Above,Female,61111.0,2368985.0,2.58,13.13,12,14,16
2011,Indonesia,Age 15 - 19,Female,59367.0,2368985.0,2.51,15.0,15,15,16
2011,Indonesia,Age 15 - 19,Male,47628.0,2368985.0,2.01,16.0,16,16,16
2012,Indonesia,Age 25 - 34,Female,306973.0,2696121.0,11.39,1.31,1,2,16
2012,Indonesia,Age 35 - 44,Male,300458.0,2696121.0,11.14,2.69,2,4,16
2012,Indonesia,Age 35 - 44,Female,289534.0,2696121.0,10.74,2.19,1,4,16
2012,Indonesia,Age 25 - 34,Male,271783.0,2696121.0,10.08,4.13,3,5,16
2012,Indonesia,Age 45 - 54,Male,238430.0,2696121.0,8.84,5.69,5,6,16
2012,Indonesia,Age 45 - 54,Female,232822.0,2696121.0,8.64,5.0,3,6,16
2012,Indonesia,Age 55 - 64,Male,153710.0,2696121.0,5.7,8.69,7,11,16
2012,Indonesia,Age 14 & Below,Male,150029.0,2696121.0,5.56,8.31,7,10,16
2012,Indonesia,Age 14 & Below,Female,146809.0,2696121.0,5.45,9.31,8,11,16
2012,Indonesia,Age 55 - 64,Female,145518.0,2696121.0,5.4,8.13,7,10,16
2012,Indonesia,Age 20 - 24,Female,117678.0,2696121.0,4.36,10.56,8,11,16
2012,Indonesia,Age 20 - 24,Male,82621.0,2696121.0,3.06,12.94,12,14,16
2012,Indonesia,Age 65 & Above,Female,69984.0,2696121.0,2.6,13.13,12,14,16
2012,Indonesia,Age 65 & Above,Male,69511.0,2696121.0,2.58,12.94,12,14,16
2012,Indonesia,Age 15 - 19,Female,66990.0,2696121.0,2.48,15.0,15,15,16
2012,Indonesia,Age 15 - 19,Male,53271.0,2696121.0,1.98,16.0,16,16,16
2013,Indonesia,Age 25 - 34,Female,346604.0,3088486.0,11.22,1.31,1,2,16
2013,Indonesia,Age 35 - 44,Male,341458.0,3088486.0,11.06,2.69,2,4,16
2013,Indonesia,Age 35 - 44,Female,336608.0,3088486.0,10.9,2.19,1,4,16
2013,Indonesia,Age 25 - 34,Male,305864.0,3088486.0,9.9,4.13,3,5,16
2013,Indonesia,Age 45 - 54,Female,267423.0,3088486.0,8.66,5.0,3,6,16
2013,Indonesia,Age 45 - 54,Male,267042.0,3088486.0,8.65,5.69,5,6,16
2013,Indonesia,Age 14 & Below,Male,182207.0,3088486.0,5.9,8.31,7,10,16
2013,Indonesia,Age 14 & Below,Female,179925.0,3088486.0,5.83,9.31,8,11,16
2013,Indonesia,Age 55 - 64,Male,171262.0,3088486.0,5.55,8.69,7,11,16
2013,Indonesia,Age 55 - 64,Female,171216.0,3088486.0,5.54,8.13,7,10,16
2013,Indonesia,Age 20 - 24,Female,129113.0,3088486.0,4.18,10.56,8,11,16
2013,Indonesia,Age 20 - 24,Male,91815.0,3088486.0,2.97,12.94,12,14,16
2013,Indonesia,Age 65 & Above,Female,82346.0,3088486.0,2.67,13.13,12,14,16
2013,Indonesia,Age 65 & Above,Male,81876.0,3088486.0,2.65,12.94,12,14,16
2013,Indonesia,Age 15 - 19,Female,74411.0,3088486.0,2.41,15.0,15,15,16
2013,Indonesia,Age 15 - 19,Male,59316.0,3088486.0,1.92,16.0,16,16,16
2014,Indonesia,Age 25 - 34,Female,346120.0,3025176.0,11.44,1.31,1,2,16
2014,Indonesia,Age 35 - 44,Female,338735.0,3025176.0,11.2,2.19,1,4,16
2014,Indonesia,Age 35 - 44,Male,333019.0,3025176.0,11.01,2.69,2,4,16
2014,Indonesia,Age 25 - 34,Male,299224.0,3025176.0,9.89,4.13,3,5,16
2014,Indonesia,Age 45 - 54,Female,259439.0,3025176.0,8.58,5.0,3,6,16
2014,Indonesia,Age 45 - 54,Male,259145.0,3025176.0,8.57,5.69,5,6,16
2014,Indonesia,Age 14 & Below,Male,172629.0,3025176.0,5.71,8.31,7,10,16
2014,Indonesia,Age 14 & Below,Female,169818.0,3025176.0,5.61,9.31,8,11,16
2014,Indonesia,Age 55 - 64,Female,166925.0,3025176.0,5.52,8.13,7,10,16
2014,Indonesia,Age 55 - 64,Male,165036.0,3025176.0,5.46,8.69,7,11,16
2014,Indonesia,Age 20 - 24,Female,132526.0,3025176.0,4.38,10.56,8,11,16
2014,Indonesia,Age 20 - 24,Male,91637.0,3025176.0,3.03,12.94,12,14,16
2014,Indonesia,Age 65 & Above,Male,84098.0,3025176.0,2.78,12.94,12,14,16
2014,Indonesia,Age 65 & Above,Female,80875.0,3025176.0,2.67,13.13,12,14,16
2014,Indonesia,Age 15 - 19,Female,70465.0,3025176.0,2.33,15.0,15,15,16
2014,Indonesia,Age 15 - 19,Male,55485.0,3025176.0,1.83,16.0,16,16,16
2015,Indonesia,Age 35 - 44,Female,306231.0,2731687.0,11.21,2.19,1,4,16
2015,Indonesia,Age 25 - 34,Female,304907.0,2731687.0,11.16,1.31,1,2,16
2015,Indonesia,Age 35 - 44,Male,298255.0,2731687.0,10.92,2.69,2,4,16
2015,Indonesia,Age 25 - 34,Male,268139.0,2731687.0,9.82,4.13,3,5,16
2015,Indonesia,Age 45 - 54,Female,237365.0,2731687.0,8.69,5.0,3,6,16
2015,Indonesia,Age 45 - 54,Male,235808.0,2731687.0,8.63,5.69,5,6,16
2015,Indonesia,Age 55 - 64,Female,155483.0,2731687.0,5.69,8.13,7,10,16
2015,Indonesia,Age 55 - 64,Male,153529.0,2731687.0,5.62,8.69,7,11,16
2015,Indonesia,Age 14 & Below,Male,144457.0,2731687.0,5.29,8.31,7,10,16
2015,Indonesia,Age 14 & Below,Female,143463.0,2731687.0,5.25,9.31,8,11,16
2015,Indonesia,Age 20 - 24,Female,122424.0,2731687.0,4.48,10.56,8,11,16
2015,Indonesia,Age 20 - 24,Male,85082.0,2731687.0,3.11,12.94,12,14,16
2015,Indonesia,Age 65 & Above,Male,83432.0,2731687.0,3.05,12.94,12,14,16
2015,Indonesia,Age 65 & Above,Female,77533.0,2731687.0,2.84,13.13,12,14,16
2015,Indonesia,Age 15 - 19,Female,64480.0,2731687.0,2.36,15.0,15,15,16
2015,Indonesia,Age 15 - 19,Male,51099.0,2731687.0,1.87,16.0,16,16,16
2016,Indonesia,Age 35 - 44,Female,326764.0,2893617.0,11.29,2.19,1,4,16
2016,Indonesia,Age 25 - 34,Female,320056.0,2893617.0,11.06,1.31,1,2,16
2016,Indonesia,Age 35 - 44,Male,306527.0,2893617.0,10.59,2.69,2,4,16
2016,Indonesia,Age 25 - 34,Male,277114.0,2893617.0,9.58,4.13,3,5,16
2016,Indonesia,Age 45 - 54,Female,261312.0,2893617.0,9.03,5.0,3,6,16
2016,Indonesia,Age 45 - 54,Male,246792.0,2893617.0,8.53,5.69,5,6,16
2016,Indonesia,Age 55 - 64,Female,170891.0,2893617.0,5.91,8.13,7,10,16
2016,Indonesia,Age 55 - 64,Male,160114.0,2893617.0,5.53,8.69,7,11,16
2016,Indonesia,Age 14 & Below,Male,151512.0,2893617.0,5.24,8.31,7,10,16
2016,Indonesia,Age 14 & Below,Female,149139.0,2893617.0,5.15,9.31,8,11,16
2016,Indonesia,Age 20 - 24,Female,133505.0,2893617.0,4.61,10.56,8,11,16
2016,Indonesia,Age 65 & Above,Male,91881.0,2893617.0,3.18,12.94,12,14,16
2016,Indonesia,Age 20 - 24,Male,91184.0,2893617.0,3.15,12.94,12,14,16
2016,Indonesia,Age 65 & Above,Female,86795.0,2893617.0,3.0,13.13,12,14,16
2016,Indonesia,Age 15 - 19,Female,66863.0,2893617.0,2.31,15.0,15,15,16
2016,Indonesia,Age 15 - 19,Male,53168.0,2893617.0,1.84,16.0,16,16,16
2017,Indonesia,Age 35 - 44,Female,331344.0,2954399.0,11.22,2.19,1,4,16
2017,Indonesia,Age 25 - 34,Female,328367.0,2954399.0,11.11,1.31,1,2,16
2017,Indonesia,Age 35 - 44,Male,310468.0,2954399.0,10.51,2.69,2,4,16
2017,Indonesia,Age 25 - 34,Male,283293.0,2954399.0,9.59,4.13,3,5,16
2017,Indonesia,Age 45 - 54,Female,263219.0,2954399.0,8.91,5.0,3,6,16
2017,Indonesia,Age 45 - 54,Male,244933.0,2954399.0,8.29,5.69,5,6,16
2017,Indonesia,Age 55 - 64,Female,176166.0,2954399.0,5.96,8.13,7,10,16
2017,Indonesia,Age 55 - 64,Male,160073.0,2954399.0,5.42,8.69,7,11,16
2017,Indonesia,Age 14 & Below,Male,157757.0,2954399.0,5.34,8.31,7,10,16
2017,Indonesia,Age 14 & Below,Female,154936.0,2954399.0,5.24,9.31,8,11,16
2017,Indonesia,Age 20 - 24,Female,136121.0,2954399.0,4.61,10.56,8,11,16
2017,Indonesia,Age 65 & Above,Male,98678.0,2954399.0,3.34,12.94,12,14,16
2017,Indonesia,Age 65 & Above,Female,94376.0,2954399.0,3.19,13.13,12,14,16
2017,Indonesia,Age 20 - 24,Male,91158.0,2954399.0,3.09,12.94,12,14,16
2017,Indonesia,Age 15 - 19,Female,68569.0,2954399.0,2.32,15.0,15,15,16
2017,Indonesia,Age 15 - 19,Male,54941.0,2954399.0,1.86,16.0,16,16,16
2018,Indonesia,Age 35 - 44,Female,348397.0,3021455.0,11.53,2.19,1,4,16
2018,Indonesia,Age 25 - 34,Female,336122.0,3021455.0,11.12,1.31,1,2,16
2018,Indonesia,Age 35 - 44,Male,319600.0,3021455.0,10.58,2.69,2,4,16
2018,Indonesia,Age 25 - 34,Male,285283.0,3021455.0,9.44,4.13,3,5,16
2018,Indonesia,Age 45 - 54,Female,271159.0,3021455.0,8.97,5.0,3,6,16
2018,Indonesia,Age 45 - 54,Male,249084.0,3021455.0,8.24,5.69,5,6,16
2018,Indonesia,Age 55 - 64,Female,178376.0,3021455.0,5.9,8.13,7,10,16
2018,Indonesia,Age 14 & Below,Male,163444.0,3021455.0,5.41,8.31,7,10,16
2018,Indonesia,Age 14 & Below,Female,160320.0,3021455.0,5.31,9.31,8,11,16
2018,Indonesia,Age 55 - 64,Male,158735.0,3021455.0,5.25,8.69,7,11,16
2018,Indonesia,Age 20 - 24,Female,131232.0,3021455.0,4.34,10.56,8,11,16
2018,Indonesia,Age 65 & Above,Male,102078.0,3021455.0,3.38,12.94,12,14,16
2018,Indonesia,Age 65 & Above,Female,99429.0,3021455.0,3.29,13.13,12,14,16
2018,Indonesia,Age 20 - 24,Male,90327.0,3021455.0,2.99,12.94,12,14,16
2018,Indonesia,Age 15 - 19,Female,71074.0,3021455.0,2.35,15.0,15,15,16
2018,Indonesia,Age 15 - 19,Male,56795.0,3021455.0,1.88,16.0,16,16,16
2019,Indonesia,Age 35 - 44,Female,371174.0,3110626.0,11.93,2.19,1,4,16
2019,Indonesia,Age 25 - 34,Female,355393.0,3110626.0,11.43,1.31,1,2,16
2019,Indonesia,Age 35 - 44,Male,324170.0,3110626.0,10.42,2.69,2,4,16
2019,Indonesia,Age 25 - 34,Male,301998.0,3110626.0,9.71,4.13,3,5,16
2019,Indonesia,Age 45 - 54,Female,281321.0,3110626.0,9.04,5.0,3,6,16
2019,Indonesia,Age 45 - 54,Male,247874.0,3110626.0,7.97,5.69,5,6,16
2019,Indonesia,Age 55 - 64,Female,177377.0,3110626.0,5.7,8.13,7,10,16
2019,Indonesia,Age 14 & Below,Male,161220.0,3110626.0,5.18,8.31,7,10,16
2019,Indonesia,Age 14 & Below,Female,159358.0,3110626.0,5.12,9.31,8,11,16
2019,Indonesia,Age 55 - 64,Male,154655.0,3110626.0,4.97,8.69,7,11,16
2019,Indonesia,Age 20 - 24,Female,140579.0,3110626.0,4.52,10.56,8,11,16
2019,Indonesia,Age 65 & Above,Male,103814.0,3110626.0,3.34,12.94,12,14,16
2019,Indonesia,Age 65 & Above,Female,101385.0,3110626.0,3.26,13.13,12,14,16
2019,Indonesia,Age 20 - 24,Male,96698.0,3110626.0,3.11,12.94,12,14,16
2019,Indonesia,Age 15 - 19,Female,75134.0,3110626.0,2.42,15.0,15,15,16
2019,Indonesia,Age 15 - 19,Male,58476.0,3110626.0,1.88,16.0,16,16,16
2023,Indonesia,Age 25 - 34,Female,283425.0,2300894.0,12.32,1.31,1,2,16
2023,Indonesia,Age 35 - 44,Female,279255.0,2300894.0,12.14,2.19,1,4,16
2023,Indonesia,Age 35 - 44,Male,224674.0,2300894.0,9.76,2.69,2,4,16
2023,Indonesia,Age 45 - 54,Female,216996.0,2300894.0,9.43,5.0,3,6,16
2023,Indonesia,Age 25 - 34,Male,203758.0,2300894.0,8.86,4.13,3,5,16
2023,Indonesia,Age 45 - 54,Male,171157.0,2300894.0,7.44,5.69,5,6,16
2023,Indonesia,Age 55 - 64,Female,135968.0,2300894.0,5.91,8.13,7,10,16
2023,Indonesia,Age 14 & Below,Male,126355.0,2300894.0,5.49,8.31,7,10,16
2023,Indonesia,Age 14 & Below,Female,122832.0,2300894.0,5.34,9.31,8,11,16
2023,Indonesia,Age 55 - 64,Male,107356.0,2300894.0,4.67,8.69,7,11,16
2023,Indonesia,Age 20 - 24,Female,97560.0,2300894.0,4.24,10.56,8,11,16
2023,Indonesia,Age 65 & Above,Female,87589.0,2300894.0,3.81,13.13,12,14,16
2023,Indonesia,Age 65 & Above,Male,80501.0,2300894.0,3.5,12.94,12,14,16
2023,Indonesia,Age 20 - 24,Male,64449.0,2300894.0,2.8,12.94,12,14,16
2023,Indonesia,Age 15 - 19,Female,53734.0,2300894.0,2.34,15.0,15,15,16
2023,Indonesia,Age 15 - 19,Male,45285.0,2300894.0,1.97,16.0,16,16,16
2024,Indonesia,Age 25 - 34,Female,335504.0,2489367.0,13.48,1.31,1,2,16
2024,Indonesia,Age 35 - 44,Female,303510.0,2489367.0,12.19,2.19,1,4,16
2024,Indonesia,Age 35 - 44,Male,240200.0,2489367.0,9.65,2.69,2,4,16
2024,Indonesia,Age 45 - 54,Female,234619.0,2489367.0,9.42,5.0,3,6,16
2024,Indonesia,Age 25 - 34,Male,229654.0,2489367.0,9.23,4.13,3,5,16
2024,Indonesia,Age 45 - 54,Male,182473.0,2489367.0,7.33,5.69,5,6,16
2024,Indonesia,Age 55 - 64,Female,139539.0,2489367.0,5.61,8.13,7,10,16
2024,Indonesia,Age 14 & Below,Male,125667.0,2489367.0,5.05,8.31,7,10,16
2024,Indonesia,Age 14 & Below,Female,123066.0,2489367.0,4.94,9.31,8,11,16
2024,Indonesia,Age 20 - 24,Female,114599.0,2489367.0,4.6,10.56,8,11,16
2024,Indonesia,Age 55 - 64,Male,110804.0,2489367.0,4.45,8.69,7,11,16
2024,Indonesia,Age 65 & Above,Female,89013.0,2489367.0,3.58,13.13,12,14,16
2024,Indonesia,Age 65 & Above,Male,80957.0,2489367.0,3.25,12.94,12,14,16
2024,Indonesia,Age 20 - 24,Male,70608.0,2489367.0,2.84,12.94,12,14,16
2024,Indonesia,Age 15 - 19,Female,59716.0,2489367.0,2.4,15.0,15,15,16
2024,Indonesia,Age 15 - 19,Male,49438.0,2489367.0,1.99,16.0,16,16,16
2025,Indonesia,Age 25 - 34,Female,317250.0,2439594.0,13.0,1.31,1,2,16
2025,Indonesia,Age 35 - 44,Female,286558.0,2439594.0,11.75,2.19,1,4,16
2025,Indonesia,Age 45 - 54,Female,234270.0,2439594.0,9.6,5.0,3,6,16
2025,Indonesia,Age 35 - 44,Male,232596.0,2439594.0,9.53,2.69,2,4,16
2025,Indonesia,Age 25 - 34,Male,220532.0,2439594.0,9.04,4.13,3,5,16
2025,Indonesia,Age 45 - 54,Male,181559.0,2439594.0,7.44,5.69,5,6,16
2025,Indonesia,Age 55 - 64,Female,143087.0,2439594.0,5.87,8.13,7,10,16
2025,Indonesia,Age 14 & Below,Male,127955.0,2439594.0,5.24,8.31,7,10,16
2025,Indonesia,Age 14 & Below,Female,123647.0,2439594.0,5.07,9.31,8,11,16
2025,Indonesia,Age 55 - 64,Male,114247.0,2439594.0,4.68,8.69,7,11,16
2025,Indonesia,Age 20 - 24,Female,103595.0,2439594.0,4.25,10.56,8,11,16
2025,Indonesia,Age 65 & Above,Female,94657.0,2439594.0,3.88,13.13,12,14,16
2025,Indonesia,Age 65 & Above,Male,85015.0,2439594.0,3.48,12.94,12,14,16
2025,Indonesia,Age 20 - 24,Male,65392.0,2439594.0,2.68,12.94,12,14,16
2025,Indonesia,Age 15 - 19,Female,58962.0,2439594.0,2.42,15.0,15,15,16
2025,Indonesia,Age 15 - 19,Male,50272.0,2439594.0,2.06,16.0,16,16,16
2026,Indonesia,Age 25 - 34,Female,173185.0,1339844.0,12.93,1.31,1,2,16
2026,Indonesia,Age 35 - 44,Female,154883.0,1339844.0,11.56,2.19,1,4,16
2026,Indonesia,Age 35 - 44,Male,128769.0,1339844.0,9.61,2.69,2,4,16
2026,Indonesia,Age 45 - 54,Female,126819.0,1339844.0,9.47,5.0,3,6,16
2026,Indonesia,Age 25 - 34,Male,121527.0,1339844.0,9.07,4.13,3,5,16
2026,Indonesia,Age 45 - 54,Male,98657.0,1339844.0,7.36,5.69,5,6,16
2026,Indonesia,Age 55 - 64,Female,76174.0,1339844.0,5.69,8.13,7,10,16
2026,Indonesia,Age 14 & Below,Male,73026.0,1339844.0,5.45,8.31,7,10,16
2026,Indonesia,Age 14 & Below,Female,72559.0,1339844.0,5.42,9.31,8,11,16
2026,Indonesia,Age 55 - 64,Male,61417.0,1339844.0,4.58,8.69,7,11,16
2026,Indonesia,Age 20 - 24,Female,54152.0,1339844.0,4.04,10.56,8,11,16
2026,Indonesia,Age 65 & Above,Female,52395.0,1339844.0,3.91,13.13,12,14,16
2026,Indonesia,Age 65 & Above,Male,46587.0,1339844.0,3.48,12.94,12,14,16
2026,Indonesia,Age 20 - 24,Male,36936.0,1339844.0,2.76,12.94,12,14,16
2026,Indonesia,Age 15 - 19,Female,33630.0,1339844.0,2.51,15.0,15,15,16
2026,Indonesia,Age 15 - 19,Male,29128.0,1339844.0,2.17,16.0,16,16,16
2008,Japan,Age 35 - 44,Male,86870.0,550227.0,15.79,1.88,1,4,16
2008,Japan,Age 45 - 54,Male,75552.0,550227.0,13.73,1.5,1,2,16
2008,Japan,Age 55 - 64,Male,53770.0,550227.0,9.77,4.75,3,5,16
2008,Japan,Age 25 - 34,Male,53094.0,550227.0,9.65,3.63,3,4,16
2008,Japan,Age 25 - 34,Female,44765.0,550227.0,8.14,3.25,1,5,16
2008,Japan,Age 35 - 44,Female,32895.0,550227.0,5.98,6.13,6,7,16
2008,Japan,Age 15 - 19,Female,28680.0,550227.0,5.21,10.75,7,15,16
2008,Japan,Age 55 - 64,Female,27805.0,550227.0,5.05,8.31,7,11,16
2008,Japan,Age 15 - 19,Male,25293.0,550227.0,4.6,12.63,9,16,16
2008,Japan,Age 45 - 54,Female,24134.0,550227.0,4.39,7.31,6,10,16
2008,Japan,Age 65 & Above,Male,22227.0,550227.0,4.04,10.56,9,15,16
2008,Japan,Age 20 - 24,Female,19049.0,550227.0,3.46,9.88,8,13,16
2008,Japan,Age 65 & Above,Female,18675.0,550227.0,3.39,12.06,9,16,16
2008,Japan,Age 14 & Below,Female,12737.0,550227.0,2.31,14.75,14,15,16
2008,Japan,Age 14 & Below,Male,12693.0,550227.0,2.31,13.81,12,15,16
2008,Japan,Age 20 - 24,Male,11988.0,550227.0,2.18,14.81,9,16,16
2009,Japan,Age 35 - 44,Male,72598.0,473482.0,15.33,1.88,1,4,16
2009,Japan,Age 45 - 54,Male,62107.0,473482.0,13.12,1.5,1,2,16
2009,Japan,Age 25 - 34,Male,46255.0,473482.0,9.77,3.63,3,4,16
2009,Japan,Age 55 - 64,Male,44371.0,473482.0,9.37,4.75,3,5,16
2009,Japan,Age 25 - 34,Female,42516.0,473482.0,8.98,3.25,1,5,16
2009,Japan,Age 35 - 44,Female,33038.0,473482.0,6.98,6.13,6,7,16
2009,Japan,Age 55 - 64,Female,24252.0,473482.0,5.12,8.31,7,11,16
2009,Japan,Age 45 - 54,Female,22726.0,473482.0,4.8,7.31,6,10,16
2009,Japan,Age 15 - 19,Female,19516.0,473482.0,4.12,10.75,7,15,16
2009,Japan,Age 65 & Above,Male,19473.0,473482.0,4.11,10.56,9,15,16
2009,Japan,Age 20 - 24,Female,18682.0,473482.0,3.95,9.88,8,13,16
2009,Japan,Age 65 & Above,Female,16008.0,473482.0,3.38,12.06,9,16,16
2009,Japan,Age 15 - 19,Male,14822.0,473482.0,3.13,12.63,9,16,16
2009,Japan,Age 14 & Below,Male,12712.0,473482.0,2.68,13.81,12,15,16
2009,Japan,Age 14 & Below,Female,12523.0,473482.0,2.64,14.75,14,15,16
2009,Japan,Age 20 - 24,Male,11883.0,473482.0,2.51,14.81,9,16,16
2010,Japan,Age 35 - 44,Male,83772.0,514064.0,16.3,1.88,1,4,16
2010,Japan,Age 45 - 54,Male,75429.0,514064.0,14.67,1.5,1,2,16
2010,Japan,Age 25 - 34,Male,50983.0,514064.0,9.92,3.63,3,4,16
2010,Japan,Age 55 - 64,Male,50532.0,514064.0,9.83,4.75,3,5,16
2010,Japan,Age 25 - 34,Female,42258.0,514064.0,8.22,3.25,1,5,16
2010,Japan,Age 35 - 44,Female,34202.0,514064.0,6.65,6.13,6,7,16
2010,Japan,Age 55 - 64,Female,25070.0,514064.0,4.88,8.31,7,11,16
2010,Japan,Age 45 - 54,Female,23359.0,514064.0,4.54,7.31,6,10,16
2010,Japan,Age 65 & Above,Male,21265.0,514064.0,4.14,10.56,9,15,16
2010,Japan,Age 15 - 19,Female,19977.0,514064.0,3.89,10.75,7,15,16
2010,Japan,Age 20 - 24,Female,17350.0,514064.0,3.38,9.88,8,13,16
2010,Japan,Age 65 & Above,Female,16783.0,514064.0,3.26,12.06,9,16,16
2010,Japan,Age 15 - 19,Male,15073.0,514064.0,2.93,12.63,9,16,16
2010,Japan,Age 14 & Below,Male,12959.0,514064.0,2.52,13.81,12,15,16
2010,Japan,Age 14 & Below,Female,12766.0,514064.0,2.48,14.75,14,15,16
2010,Japan,Age 20 - 24,Male,12286.0,514064.0,2.39,14.81,9,16,16
2011,Japan,Age 35 - 44,Male,100150.0,639602.0,15.66,1.88,1,4,16
2011,Japan,Age 45 - 54,Male,86853.0,639602.0,13.58,1.5,1,2,16
2011,Japan,Age 25 - 34,Male,64300.0,639602.0,10.05,3.63,3,4,16
2011,Japan,Age 25 - 34,Female,57975.0,639602.0,9.06,3.25,1,5,16
2011,Japan,Age 55 - 64,Male,57209.0,639602.0,8.94,4.75,3,5,16
2011,Japan,Age 35 - 44,Female,46415.0,639602.0,7.26,6.13,6,7,16
2011,Japan,Age 55 - 64,Female,32475.0,639602.0,5.08,8.31,7,11,16
2011,Japan,Age 45 - 54,Female,32076.0,639602.0,5.01,7.31,6,10,16
2011,Japan,Age 65 & Above,Male,25269.0,639602.0,3.95,10.56,9,15,16
2011,Japan,Age 15 - 19,Female,24733.0,639602.0,3.87,10.75,7,15,16
2011,Japan,Age 65 & Above,Female,21904.0,639602.0,3.42,12.06,9,16,16
2011,Japan,Age 15 - 19,Male,20501.0,639602.0,3.21,12.63,9,16,16
2011,Japan,Age 20 - 24,Female,20072.0,639602.0,3.14,9.88,8,13,16
2011,Japan,Age 14 & Below,Male,17867.0,639602.0,2.79,13.81,12,15,16
2011,Japan,Age 14 & Below,Female,17599.0,639602.0,2.75,14.75,14,15,16
2011,Japan,Age 20 - 24,Male,14204.0,639602.0,2.22,14.81,9,16,16
2012,Japan,Age 35 - 44,Male,107917.0,747850.0,14.43,1.88,1,4,16
2012,Japan,Age 45 - 54,Male,99629.0,747850.0,13.32,1.5,1,2,16
2012,Japan,Age 25 - 34,Male,71886.0,747850.0,9.61,3.63,3,4,16
2012,Japan,Age 25 - 34,Female,71713.0,747850.0,9.59,3.25,1,5,16
2012,Japan,Age 55 - 64,Male,64702.0,747850.0,8.65,4.75,3,5,16
2012,Japan,Age 35 - 44,Female,53186.0,747850.0,7.11,6.13,6,7,16
2012,Japan,Age 55 - 64,Female,41905.0,747850.0,5.6,8.31,7,11,16
2012,Japan,Age 45 - 54,Female,41668.0,747850.0,5.57,7.31,6,10,16
2012,Japan,Age 65 & Above,Male,32871.0,747850.0,4.4,10.56,9,15,16
2012,Japan,Age 65 & Above,Female,30271.0,747850.0,4.05,12.06,9,16,16
2012,Japan,Age 15 - 19,Female,26417.0,747850.0,3.53,10.75,7,15,16
2012,Japan,Age 20 - 24,Female,26360.0,747850.0,3.52,9.88,8,13,16
2012,Japan,Age 15 - 19,Male,21719.0,747850.0,2.9,12.63,9,16,16
2012,Japan,Age 14 & Below,Male,20330.0,747850.0,2.72,13.81,12,15,16
2012,Japan,Age 14 & Below,Female,19985.0,747850.0,2.67,14.75,14,15,16
2012,Japan,Age 20 - 24,Male,17291.0,747850.0,2.31,14.81,9,16,16
2013,Japan,Age 35 - 44,Male,113995.0,832608.0,13.69,1.88,1,4,16
2013,Japan,Age 45 - 54,Male,109696.0,832608.0,13.17,1.5,1,2,16
2013,Japan,Age 25 - 34,Female,79047.0,832608.0,9.49,3.25,1,5,16
2013,Japan,Age 25 - 34,Male,76072.0,832608.0,9.14,3.63,3,4,16
2013,Japan,Age 55 - 64,Male,70316.0,832608.0,8.45,4.75,3,5,16
2013,Japan,Age 35 - 44,Female,58517.0,832608.0,7.03,6.13,6,7,16
2013,Japan,Age 45 - 54,Female,47421.0,832608.0,5.7,7.31,6,10,16
2013,Japan,Age 55 - 64,Female,47005.0,832608.0,5.65,8.31,7,11,16
2013,Japan,Age 65 & Above,Male,39342.0,832608.0,4.73,10.56,9,15,16
2013,Japan,Age 65 & Above,Female,36941.0,832608.0,4.44,12.06,9,16,16
2013,Japan,Age 20 - 24,Female,31749.0,832608.0,3.81,9.88,8,13,16
2013,Japan,Age 15 - 19,Female,30078.0,832608.0,3.61,10.75,7,15,16
2013,Japan,Age 15 - 19,Male,26319.0,832608.0,3.16,12.63,9,16,16
2013,Japan,Age 14 & Below,Male,22991.0,832608.0,2.76,13.81,12,15,16
2013,Japan,Age 14 & Below,Female,22652.0,832608.0,2.72,14.75,14,15,16
2013,Japan,Age 20 - 24,Male,20467.0,832608.0,2.46,14.81,9,16,16
2014,Japan,Age 35 - 44,Male,111820.0,824741.0,13.56,1.88,1,4,16
2014,Japan,Age 45 - 54,Male,111380.0,824741.0,13.5,1.5,1,2,16
2014,Japan,Age 25 - 34,Female,78648.0,824741.0,9.54,3.25,1,5,16
2014,Japan,Age 25 - 34,Male,74926.0,824741.0,9.08,3.63,3,4,16
2014,Japan,Age 55 - 64,Male,69390.0,824741.0,8.41,4.75,3,5,16
2014,Japan,Age 35 - 44,Female,57051.0,824741.0,6.92,6.13,6,7,16
2014,Japan,Age 45 - 54,Female,47654.0,824741.0,5.78,7.31,6,10,16
2014,Japan,Age 55 - 64,Female,42941.0,824741.0,5.21,8.31,7,11,16
2014,Japan,Age 65 & Above,Male,38896.0,824741.0,4.72,10.56,9,15,16
2014,Japan,Age 65 & Above,Female,36302.0,824741.0,4.4,12.06,9,16,16
2014,Japan,Age 20 - 24,Female,32825.0,824741.0,3.98,9.88,8,13,16
2014,Japan,Age 15 - 19,Female,29571.0,824741.0,3.59,10.75,7,15,16
2014,Japan,Age 15 - 19,Male,27018.0,824741.0,3.28,12.63,9,16,16
2014,Japan,Age 14 & Below,Male,23204.0,824741.0,2.81,13.81,12,15,16
2014,Japan,Age 14 & Below,Female,22236.0,824741.0,2.7,14.75,14,15,16
2014,Japan,Age 20 - 24,Male,20879.0,824741.0,2.53,14.81,9,16,16
2015,Japan,Age 45 - 54,Male,107348.0,789179.0,13.6,1.5,1,2,16
2015,Japan,Age 35 - 44,Male,104479.0,789179.0,13.24,1.88,1,4,16
2015,Japan,Age 25 - 34,Female,72920.0,789179.0,9.24,3.25,1,5,16
2015,Japan,Age 25 - 34,Male,71040.0,789179.0,9.0,3.63,3,4,16
2015,Japan,Age 55 - 64,Male,65155.0,789179.0,8.26,4.75,3,5,16
2015,Japan,Age 35 - 44,Female,54285.0,789179.0,6.88,6.13,6,7,16
2015,Japan,Age 45 - 54,Female,47534.0,789179.0,6.02,7.31,6,10,16
2015,Japan,Age 55 - 64,Female,41649.0,789179.0,5.28,8.31,7,11,16
2015,Japan,Age 65 & Above,Female,36606.0,789179.0,4.64,12.06,9,16,16
2015,Japan,Age 65 & Above,Male,36496.0,789179.0,4.62,10.56,9,15,16
2015,Japan,Age 20 - 24,Female,31695.0,789179.0,4.02,9.88,8,13,16
2015,Japan,Age 15 - 19,Female,30058.0,789179.0,3.81,10.75,7,15,16
2015,Japan,Age 15 - 19,Male,26580.0,789179.0,3.37,12.63,9,16,16
2015,Japan,Age 14 & Below,Male,22137.0,789179.0,2.81,13.81,12,15,16
2015,Japan,Age 14 & Below,Female,21071.0,789179.0,2.67,14.75,14,15,16
2015,Japan,Age 20 - 24,Male,20126.0,789179.0,2.55,14.81,9,16,16
2016,Japan,Age 45 - 54,Male,104336.0,783856.0,13.31,1.5,1,2,16
2016,Japan,Age 35 - 44,Male,97326.0,783856.0,12.42,1.88,1,4,16
2016,Japan,Age 25 - 34,Female,71751.0,783856.0,9.15,3.25,1,5,16
2016,Japan,Age 25 - 34,Male,67338.0,783856.0,8.59,3.63,3,4,16
2016,Japan,Age 55 - 64,Male,63354.0,783856.0,8.08,4.75,3,5,16
2016,Japan,Age 35 - 44,Female,52954.0,783856.0,6.76,6.13,6,7,16
2016,Japan,Age 45 - 54,Female,47800.0,783856.0,6.1,7.31,6,10,16
2016,Japan,Age 55 - 64,Female,40806.0,783856.0,5.21,8.31,7,11,16
2016,Japan,Age 20 - 24,Female,38586.0,783856.0,4.92,9.88,8,13,16
2016,Japan,Age 65 & Above,Male,36326.0,783856.0,4.63,10.56,9,15,16
2016,Japan,Age 65 & Above,Female,35751.0,783856.0,4.56,12.06,9,16,16
2016,Japan,Age 15 - 19,Female,31262.0,783856.0,3.99,10.75,7,15,16
2016,Japan,Age 15 - 19,Male,28114.0,783856.0,3.59,12.63,9,16,16
2016,Japan,Age 14 & Below,Male,23401.0,783856.0,2.99,13.81,12,15,16
2016,Japan,Age 14 & Below,Female,22633.0,783856.0,2.89,14.75,14,15,16
2016,Japan,Age 20 - 24,Male,22118.0,783856.0,2.82,14.81,9,16,16
2017,Japan,Age 45 - 54,Male,105229.0,792873.0,13.27,1.5,1,2,16
2017,Japan,Age 35 - 44,Male,95873.0,792873.0,12.09,1.88,1,4,16
2017,Japan,Age 25 - 34,Female,71091.0,792873.0,8.97,3.25,1,5,16
2017,Japan,Age 25 - 34,Male,67616.0,792873.0,8.53,3.63,3,4,16
2017,Japan,Age 55 - 64,Male,63464.0,792873.0,8.0,4.75,3,5,16
2017,Japan,Age 35 - 44,Female,53069.0,792873.0,6.69,6.13,6,7,16
2017,Japan,Age 45 - 54,Female,49741.0,792873.0,6.27,7.31,6,10,16
2017,Japan,Age 20 - 24,Female,40622.0,792873.0,5.12,9.88,8,13,16
2017,Japan,Age 55 - 64,Female,39797.0,792873.0,5.02,8.31,7,11,16
2017,Japan,Age 65 & Above,Male,35231.0,792873.0,4.44,10.56,9,15,16
2017,Japan,Age 15 - 19,Female,35160.0,792873.0,4.43,10.75,7,15,16
2017,Japan,Age 65 & Above,Female,33788.0,792873.0,4.26,12.06,9,16,16
2017,Japan,Age 15 - 19,Male,29755.0,792873.0,3.75,12.63,9,16,16
2017,Japan,Age 14 & Below,Male,24831.0,792873.0,3.13,13.81,12,15,16
2017,Japan,Age 14 & Below,Female,23864.0,792873.0,3.01,14.75,14,15,16
2017,Japan,Age 20 - 24,Male,23742.0,792873.0,2.99,14.81,9,16,16
2018,Japan,Age 45 - 54,Male,107755.0,829676.0,12.99,1.5,1,2,16
2018,Japan,Age 35 - 44,Male,96260.0,829676.0,11.6,1.88,1,4,16
2018,Japan,Age 25 - 34,Female,70798.0,829676.0,8.53,3.25,1,5,16
2018,Japan,Age 25 - 34,Male,69011.0,829676.0,8.32,3.63,3,4,16
2018,Japan,Age 55 - 64,Male,67041.0,829676.0,8.08,4.75,3,5,16
2018,Japan,Age 35 - 44,Female,55796.0,829676.0,6.73,6.13,6,7,16
2018,Japan,Age 45 - 54,Female,53634.0,829676.0,6.46,7.31,6,10,16
2018,Japan,Age 55 - 64,Female,42001.0,829676.0,5.06,8.31,7,11,16
2018,Japan,Age 20 - 24,Female,41180.0,829676.0,4.96,9.88,8,13,16
2018,Japan,Age 15 - 19,Female,39370.0,829676.0,4.75,10.75,7,15,16
2018,Japan,Age 65 & Above,Female,36888.0,829676.0,4.45,12.06,9,16,16
2018,Japan,Age 65 & Above,Male,36877.0,829676.0,4.44,10.56,9,15,16
2018,Japan,Age 15 - 19,Male,34107.0,829676.0,4.11,12.63,9,16,16
2018,Japan,Age 14 & Below,Male,27489.0,829676.0,3.31,13.81,12,15,16
2018,Japan,Age 14 & Below,Female,26742.0,829676.0,3.22,14.75,14,15,16
2018,Japan,Age 20 - 24,Male,24727.0,829676.0,2.98,14.81,9,16,16
2019,Japan,Age 45 - 54,Male,107777.0,884308.0,12.19,1.5,1,2,16
2019,Japan,Age 35 - 44,Male,94583.0,884308.0,10.7,1.88,1,4,16
2019,Japan,Age 25 - 34,Female,79078.0,884308.0,8.94,3.25,1,5,16
2019,Japan,Age 25 - 34,Male,71117.0,884308.0,8.04,3.63,3,4,16
2019,Japan,Age 55 - 64,Male,67989.0,884308.0,7.69,4.75,3,5,16
2019,Japan,Age 45 - 54,Female,59770.0,884308.0,6.76,7.31,6,10,16
2019,Japan,Age 35 - 44,Female,59800.0,884308.0,6.76,6.13,6,7,16
2019,Japan,Age 20 - 24,Female,46409.0,884308.0,5.25,9.88,8,13,16
2019,Japan,Age 55 - 64,Female,45258.0,884308.0,5.12,8.31,7,11,16
2019,Japan,Age 15 - 19,Female,44312.0,884308.0,5.01,10.75,7,15,16
2019,Japan,Age 65 & Above,Female,38633.0,884308.0,4.37,12.06,9,16,16
2019,Japan,Age 15 - 19,Male,38342.0,884308.0,4.34,12.63,9,16,16
2019,Japan,Age 65 & Above,Male,38102.0,884308.0,4.31,10.56,9,15,16
2019,Japan,Age 14 & Below,Male,33138.0,884308.0,3.75,13.81,12,15,16
2019,Japan,Age 14 & Below,Female,31895.0,884308.0,3.61,14.75,14,15,16
2019,Japan,Age 20 - 24,Male,28105.0,884308.0,3.18,14.81,9,16,16
2023,Japan,Age 45 - 54,Male,52603.0,432833.0,12.15,1.5,1,2,16
2023,Japan,Age 35 - 44,Male,45533.0,432833.0,10.52,1.88,1,4,16
2023,Japan,Age 25 - 34,Female,45170.0,432833.0,10.44,3.25,1,5,16
2023,Japan,Age 25 - 34,Male,42449.0,432833.0,9.81,3.63,3,4,16
2023,Japan,Age 55 - 64,Male,35704.0,432833.0,8.25,4.75,3,5,16
2023,Japan,Age 35 - 44,Female,28369.0,432833.0,6.55,6.13,6,7,16
2023,Japan,Age 45 - 54,Female,27920.0,432833.0,6.45,7.31,6,10,16
2023,Japan,Age 20 - 24,Female,23831.0,432833.0,5.51,9.88,8,13,16
2023,Japan,Age 20 - 24,Male,18763.0,432833.0,4.33,14.81,9,16,16
2023,Japan,Age 55 - 64,Female,18662.0,432833.0,4.31,8.31,7,11,16
2023,Japan,Age 65 & Above,Male,17281.0,432833.0,3.99,10.56,9,15,16
2023,Japan,Age 15 - 19,Female,16750.0,432833.0,3.87,10.75,7,15,16
2023,Japan,Age 14 & Below,Male,16474.0,432833.0,3.81,13.81,12,15,16
2023,Japan,Age 14 & Below,Female,15873.0,432833.0,3.67,14.75,14,15,16
2023,Japan,Age 15 - 19,Male,14145.0,432833.0,3.27,12.63,9,16,16
2023,Japan,Age 65 & Above,Female,13306.0,432833.0,3.07,12.06,9,16,16
2024,Japan,Age 45 - 54,Male,63454.0,572929.0,11.08,1.5,1,2,16
2024,Japan,Age 25 - 34,Female,59414.0,572929.0,10.37,3.25,1,5,16
2024,Japan,Age 35 - 44,Male,54156.0,572929.0,9.45,1.88,1,4,16
2024,Japan,Age 25 - 34,Male,51677.0,572929.0,9.02,3.63,3,4,16
2024,Japan,Age 55 - 64,Male,44947.0,572929.0,7.85,4.75,3,5,16
2024,Japan,Age 45 - 54,Female,37481.0,572929.0,6.54,7.31,6,10,16
2024,Japan,Age 35 - 44,Female,36597.0,572929.0,6.39,6.13,6,7,16
2024,Japan,Age 20 - 24,Female,30448.0,572929.0,5.31,9.88,8,13,16
2024,Japan,Age 15 - 19,Female,29613.0,572929.0,5.17,10.75,7,15,16
2024,Japan,Age 15 - 19,Male,27637.0,572929.0,4.82,12.63,9,16,16
2024,Japan,Age 55 - 64,Female,26617.0,572929.0,4.65,8.31,7,11,16
2024,Japan,Age 65 & Above,Male,23313.0,572929.0,4.07,10.56,9,15,16
2024,Japan,Age 20 - 24,Male,22953.0,572929.0,4.01,14.81,9,16,16
2024,Japan,Age 14 & Below,Male,22812.0,572929.0,3.98,13.81,12,15,16
2024,Japan,Age 14 & Below,Female,22023.0,572929.0,3.84,14.75,14,15,16
2024,Japan,Age 65 & Above,Female,19787.0,572929.0,3.45,12.06,9,16,16
2025,Japan,Age 45 - 54,Male,67926.0,627495.0,10.82,1.5,1,2,16
2025,Japan,Age 25 - 34,Female,67430.0,627495.0,10.75,3.25,1,5,16
2025,Japan,Age 25 - 34,Male,58253.0,627495.0,9.28,3.63,3,4,16
2025,Japan,Age 35 - 44,Male,57734.0,627495.0,9.2,1.88,1,4,16
2025,Japan,Age 55 - 64,Male,47985.0,627495.0,7.65,4.75,3,5,16
2025,Japan,Age 45 - 54,Female,41373.0,627495.0,6.59,7.31,6,10,16
2025,Japan,Age 35 - 44,Female,40393.0,627495.0,6.44,6.13,6,7,16
2025,Japan,Age 20 - 24,Female,35230.0,627495.0,5.61,9.88,8,13,16
2025,Japan,Age 55 - 64,Female,30402.0,627495.0,4.84,8.31,7,11,16
2025,Japan,Age 15 - 19,Female,29705.0,627495.0,4.73,10.75,7,15,16
2025,Japan,Age 15 - 19,Male,28379.0,627495.0,4.52,12.63,9,16,16
2025,Japan,Age 20 - 24,Male,26595.0,627495.0,4.24,14.81,9,16,16
2025,Japan,Age 14 & Below,Male,26130.0,627495.0,4.16,13.81,12,15,16
2025,Japan,Age 14 & Below,Female,24822.0,627495.0,3.96,14.75,14,15,16
2025,Japan,Age 65 & Above,Male,23636.0,627495.0,3.77,10.56,9,15,16
2025,Japan,Age 65 & Above,Female,21502.0,627495.0,3.43,12.06,9,16,16
2026,Japan,Age 25 - 34,Female,39713.0,349583.0,11.36,3.25,1,5,16
2026,Japan,Age 45 - 54,Male,36316.0,349583.0,10.39,1.5,1,2,16
2026,Japan,Age 25 - 34,Male,34215.0,349583.0,9.79,3.63,3,4,16
2026,Japan,Age 35 - 44,Male,32414.0,349583.0,9.27,1.88,1,4,16
2026,Japan,Age 55 - 64,Male,27393.0,349583.0,7.84,4.75,3,5,16
2026,Japan,Age 35 - 44,Female,23132.0,349583.0,6.62,6.13,6,7,16
2026,Japan,Age 45 - 54,Female,22106.0,349583.0,6.32,7.31,6,10,16
2026,Japan,Age 20 - 24,Female,20684.0,349583.0,5.92,9.88,8,13,16
2026,Japan,Age 55 - 64,Female,18196.0,349583.0,5.21,8.31,7,11,16
2026,Japan,Age 65 & Above,Male,14855.0,349583.0,4.25,10.56,9,15,16
2026,Japan,Age 20 - 24,Male,14711.0,349583.0,4.21,14.81,9,16,16
2026,Japan,Age 65 & Above,Female,14211.0,349583.0,4.07,12.06,9,16,16
2026,Japan,Age 14 & Below,Male,14224.0,349583.0,4.07,13.81,12,15,16
2026,Japan,Age 14 & Below,Female,14153.0,349583.0,4.05,14.75,14,15,16
2026,Japan,Age 15 - 19,Female,12321.0,349583.0,3.52,10.75,7,15,16
2026,Japan,Age 15 - 19,Male,10939.0,349583.0,3.13,12.63,9,16,16
2008,Malaysia,Age 35 - 44,Male,103968.0,623086.0,16.69,1.69,1,3,16
2008,Malaysia,Age 25 - 34,Male,80441.0,623086.0,12.91,3.13,2,4,16
2008,Malaysia,Age 45 - 54,Male,79492.0,623086.0,12.76,4.56,3,6,16
2008,Malaysia,Age 25 - 34,Female,67669.0,623086.0,10.86,1.81,1,4,16
2008,Malaysia,Age 35 - 44,Female,58106.0,623086.0,9.33,4.06,2,5,16
2008,Malaysia,Age 45 - 54,Female,43110.0,623086.0,6.92,5.75,5,6,16
2008,Malaysia,Age 55 - 64,Male,38134.0,623086.0,6.12,7.44,7,8,16
2008,Malaysia,Age 55 - 64,Female,26837.0,623086.0,4.31,7.56,7,8,16
2008,Malaysia,Age 14 & Below,Male,22579.0,623086.0,3.62,9.75,9,11,16
2008,Malaysia,Age 14 & Below,Female,20564.0,623086.0,3.3,11.25,10,13,16
2008,Malaysia,Age 20 - 24,Female,20198.0,623086.0,3.24,11.38,9,13,16
2008,Malaysia,Age 20 - 24,Male,16812.0,623086.0,2.7,13.44,12,14,16
2008,Malaysia,Age 65 & Above,Male,15855.0,623086.0,2.54,11.31,10,13,16
2008,Malaysia,Age 65 & Above,Female,13513.0,623086.0,2.17,11.88,9,14,16
2008,Malaysia,Age 15 - 19,Female,8175.0,623086.0,1.31,15.0,15,15,16
2008,Malaysia,Age 15 - 19,Male,7633.0,623086.0,1.23,16.0,16,16,16
2009,Malaysia,Age 35 - 44,Male,110371.0,743426.0,14.85,1.69,1,3,16
2009,Malaysia,Age 25 - 34,Male,89795.0,743426.0,12.08,3.13,2,4,16
2009,Malaysia,Age 45 - 54,Male,85438.0,743426.0,11.49,4.56,3,6,16
2009,Malaysia,Age 25 - 34,Female,83887.0,743426.0,11.28,1.81,1,4,16
2009,Malaysia,Age 35 - 44,Female,67623.0,743426.0,9.1,4.06,2,5,16
2009,Malaysia,Age 45 - 54,Female,55162.0,743426.0,7.42,5.75,5,6,16
2009,Malaysia,Age 55 - 64,Male,47082.0,743426.0,6.33,7.44,7,8,16
2009,Malaysia,Age 55 - 64,Female,37311.0,743426.0,5.02,7.56,7,8,16
2009,Malaysia,Age 14 & Below,Male,28882.0,743426.0,3.88,9.75,9,11,16
2009,Malaysia,Age 20 - 24,Female,27800.0,743426.0,3.74,11.38,9,13,16
2009,Malaysia,Age 14 & Below,Female,27484.0,743426.0,3.7,11.25,10,13,16
2009,Malaysia,Age 20 - 24,Male,21885.0,743426.0,2.94,13.44,12,14,16
2009,Malaysia,Age 65 & Above,Male,19972.0,743426.0,2.69,11.31,10,13,16
2009,Malaysia,Age 65 & Above,Female,18368.0,743426.0,2.47,11.88,9,14,16
2009,Malaysia,Age 15 - 19,Female,11642.0,743426.0,1.57,15.0,15,15,16
2009,Malaysia,Age 15 - 19,Male,10724.0,743426.0,1.44,16.0,16,16,16
2010,Malaysia,Age 35 - 44,Male,145885.0,999803.0,14.59,1.69,1,3,16
2010,Malaysia,Age 25 - 34,Female,119269.0,999803.0,11.93,1.81,1,4,16
2010,Malaysia,Age 25 - 34,Male,115164.0,999803.0,11.52,3.13,2,4,16
2010,Malaysia,Age 45 - 54,Male,110187.0,999803.0,11.02,4.56,3,6,16
2010,Malaysia,Age 35 - 44,Female,95481.0,999803.0,9.55,4.06,2,5,16
2010,Malaysia,Age 45 - 54,Female,73753.0,999803.0,7.38,5.75,5,6,16
2010,Malaysia,Age 55 - 64,Male,63112.0,999803.0,6.31,7.44,7,8,16
2010,Malaysia,Age 55 - 64,Female,51066.0,999803.0,5.11,7.56,7,8,16
2010,Malaysia,Age 14 & Below,Male,40587.0,999803.0,4.06,9.75,9,11,16
2010,Malaysia,Age 14 & Below,Female,38887.0,999803.0,3.89,11.25,10,13,16
2010,Malaysia,Age 20 - 24,Female,37329.0,999803.0,3.73,11.38,9,13,16
2010,Malaysia,Age 20 - 24,Male,27309.0,999803.0,2.73,13.44,12,14,16
2010,Malaysia,Age 65 & Above,Male,26765.0,999803.0,2.68,11.31,10,13,16
2010,Malaysia,Age 65 & Above,Female,24794.0,999803.0,2.48,11.88,9,14,16
2010,Malaysia,Age 15 - 19,Female,16123.0,999803.0,1.61,15.0,15,15,16
2010,Malaysia,Age 15 - 19,Male,14092.0,999803.0,1.41,16.0,16,16,16
2011,Malaysia,Age 35 - 44,Male,154222.0,1111845.0,13.87,1.69,1,3,16
2011,Malaysia,Age 25 - 34,Female,132083.0,1111845.0,11.88,1.81,1,4,16
2011,Malaysia,Age 25 - 34,Male,123426.0,1111845.0,11.1,3.13,2,4,16
2011,Malaysia,Age 45 - 54,Male,119006.0,1111845.0,10.7,4.56,3,6,16
2011,Malaysia,Age 35 - 44,Female,109568.0,1111845.0,9.85,4.06,2,5,16
2011,Malaysia,Age 45 - 54,Female,82707.0,1111845.0,7.44,5.75,5,6,16
2011,Malaysia,Age 55 - 64,Male,70729.0,1111845.0,6.36,7.44,7,8,16
2011,Malaysia,Age 55 - 64,Female,59439.0,1111845.0,5.35,7.56,7,8,16
2011,Malaysia,Age 14 & Below,Male,46476.0,1111845.0,4.18,9.75,9,11,16
2011,Malaysia,Age 14 & Below,Female,45097.0,1111845.0,4.06,11.25,10,13,16
2011,Malaysia,Age 20 - 24,Female,43299.0,1111845.0,3.89,11.38,9,13,16
2011,Malaysia,Age 65 & Above,Male,31198.0,1111845.0,2.81,11.31,10,13,16
2011,Malaysia,Age 20 - 24,Male,30725.0,1111845.0,2.76,13.44,12,14,16
2011,Malaysia,Age 65 & Above,Female,28824.0,1111845.0,2.59,11.88,9,14,16
2011,Malaysia,Age 15 - 19,Female,18937.0,1111845.0,1.7,15.0,15,15,16
2011,Malaysia,Age 15 - 19,Male,16109.0,1111845.0,1.45,16.0,16,16,16
2012,Malaysia,Age 35 - 44,Male,158610.0,1213121.0,13.07,1.69,1,3,16
2012,Malaysia,Age 25 - 34,Female,141715.0,1213121.0,11.68,1.81,1,4,16
2012,Malaysia,Age 25 - 34,Male,134693.0,1213121.0,11.1,3.13,2,4,16
2012,Malaysia,Age 45 - 54,Male,127930.0,1213121.0,10.55,4.56,3,6,16
2012,Malaysia,Age 35 - 44,Female,118411.0,1213121.0,9.76,4.06,2,5,16
2012,Malaysia,Age 45 - 54,Female,91122.0,1213121.0,7.51,5.75,5,6,16
2012,Malaysia,Age 55 - 64,Male,78858.0,1213121.0,6.5,7.44,7,8,16
2012,Malaysia,Age 55 - 64,Female,67931.0,1213121.0,5.6,7.56,7,8,16
2012,Malaysia,Age 14 & Below,Male,51153.0,1213121.0,4.22,9.75,9,11,16
2012,Malaysia,Age 14 & Below,Female,48872.0,1213121.0,4.03,11.25,10,13,16
2012,Malaysia,Age 20 - 24,Female,47683.0,1213121.0,3.93,11.38,9,13,16
2012,Malaysia,Age 65 & Above,Male,36701.0,1213121.0,3.03,11.31,10,13,16
2012,Malaysia,Age 20 - 24,Male,36239.0,1213121.0,2.99,13.44,12,14,16
2012,Malaysia,Age 65 & Above,Female,33597.0,1213121.0,2.77,11.88,9,14,16
2012,Malaysia,Age 15 - 19,Female,20944.0,1213121.0,1.73,15.0,15,15,16
2012,Malaysia,Age 15 - 19,Male,18662.0,1213121.0,1.54,16.0,16,16,16
2013,Malaysia,Age 35 - 44,Male,163122.0,1279979.0,12.74,1.69,1,3,16
2013,Malaysia,Age 25 - 34,Female,148761.0,1279979.0,11.62,1.81,1,4,16
2013,Malaysia,Age 25 - 34,Male,142999.0,1279979.0,11.17,3.13,2,4,16
2013,Malaysia,Age 45 - 54,Male,130638.0,1279979.0,10.21,4.56,3,6,16
2013,Malaysia,Age 35 - 44,Female,126130.0,1279979.0,9.85,4.06,2,5,16
2013,Malaysia,Age 45 - 54,Female,96515.0,1279979.0,7.54,5.75,5,6,16
2013,Malaysia,Age 55 - 64,Male,84221.0,1279979.0,6.58,7.44,7,8,16
2013,Malaysia,Age 55 - 64,Female,74580.0,1279979.0,5.83,7.56,7,8,16
2013,Malaysia,Age 14 & Below,Male,55012.0,1279979.0,4.3,9.75,9,11,16
2013,Malaysia,Age 14 & Below,Female,52091.0,1279979.0,4.07,11.25,10,13,16
2013,Malaysia,Age 20 - 24,Female,48862.0,1279979.0,3.82,11.38,9,13,16
2013,Malaysia,Age 65 & Above,Male,40306.0,1279979.0,3.15,11.31,10,13,16
2013,Malaysia,Age 20 - 24,Male,37649.0,1279979.0,2.94,13.44,12,14,16
2013,Malaysia,Age 65 & Above,Female,37390.0,1279979.0,2.92,11.88,9,14,16
2013,Malaysia,Age 15 - 19,Female,22423.0,1279979.0,1.75,15.0,15,15,16
2013,Malaysia,Age 15 - 19,Male,19280.0,1279979.0,1.51,16.0,16,16,16
2014,Malaysia,Age 35 - 44,Male,156046.0,1233034.0,12.66,1.69,1,3,16
2014,Malaysia,Age 25 - 34,Female,143924.0,1233034.0,11.67,1.81,1,4,16
2014,Malaysia,Age 25 - 34,Male,139588.0,1233034.0,11.32,3.13,2,4,16
2014,Malaysia,Age 45 - 54,Male,125562.0,1233034.0,10.18,4.56,3,6,16
2014,Malaysia,Age 35 - 44,Female,123206.0,1233034.0,9.99,4.06,2,5,16
2014,Malaysia,Age 45 - 54,Female,92038.0,1233034.0,7.46,5.75,5,6,16
2014,Malaysia,Age 55 - 64,Male,80585.0,1233034.0,6.54,7.44,7,8,16
2014,Malaysia,Age 55 - 64,Female,70525.0,1233034.0,5.72,7.56,7,8,16
2014,Malaysia,Age 14 & Below,Male,51859.0,1233034.0,4.21,9.75,9,11,16
2014,Malaysia,Age 14 & Below,Female,49433.0,1233034.0,4.01,11.25,10,13,16
2014,Malaysia,Age 20 - 24,Female,48078.0,1233034.0,3.9,11.38,9,13,16
2014,Malaysia,Age 65 & Above,Male,40453.0,1233034.0,3.28,11.31,10,13,16
2014,Malaysia,Age 65 & Above,Female,36384.0,1233034.0,2.95,11.88,9,14,16
2014,Malaysia,Age 20 - 24,Male,35918.0,1233034.0,2.91,13.44,12,14,16
2014,Malaysia,Age 15 - 19,Female,21213.0,1233034.0,1.72,15.0,15,15,16
2014,Malaysia,Age 15 - 19,Male,18222.0,1233034.0,1.48,16.0,16,16,16
2015,Malaysia,Age 35 - 44,Male,142413.0,1171076.0,12.16,1.69,1,3,16
2015,Malaysia,Age 25 - 34,Female,136332.0,1171076.0,11.64,1.81,1,4,16
2015,Malaysia,Age 25 - 34,Male,132718.0,1171076.0,11.33,3.13,2,4,16
2015,Malaysia,Age 45 - 54,Male,117354.0,1171076.0,10.02,4.56,3,6,16
2015,Malaysia,Age 35 - 44,Female,113874.0,1171076.0,9.72,4.06,2,5,16
2015,Malaysia,Age 45 - 54,Female,88578.0,1171076.0,7.56,5.75,5,6,16
2015,Malaysia,Age 55 - 64,Male,78515.0,1171076.0,6.7,7.44,7,8,16
2015,Malaysia,Age 55 - 64,Female,70420.0,1171076.0,6.01,7.56,7,8,16
2015,Malaysia,Age 20 - 24,Female,47036.0,1171076.0,4.02,11.38,9,13,16
2015,Malaysia,Age 14 & Below,Male,46331.0,1171076.0,3.96,9.75,9,11,16
2015,Malaysia,Age 14 & Below,Female,44175.0,1171076.0,3.77,11.25,10,13,16
2015,Malaysia,Age 65 & Above,Male,41009.0,1171076.0,3.5,11.31,10,13,16
2015,Malaysia,Age 65 & Above,Female,37870.0,1171076.0,3.23,11.88,9,14,16
2015,Malaysia,Age 20 - 24,Male,36577.0,1171076.0,3.12,13.44,12,14,16
2015,Malaysia,Age 15 - 19,Female,20638.0,1171076.0,1.76,15.0,15,15,16
2015,Malaysia,Age 15 - 19,Male,17236.0,1171076.0,1.47,16.0,16,16,16
2016,Malaysia,Age 35 - 44,Male,135393.0,1151413.0,11.76,1.69,1,3,16
2016,Malaysia,Age 25 - 34,Female,132217.0,1151413.0,11.48,1.81,1,4,16
2016,Malaysia,Age 25 - 34,Male,126244.0,1151413.0,10.96,3.13,2,4,16
2016,Malaysia,Age 45 - 54,Male,115047.0,1151413.0,9.99,4.56,3,6,16
2016,Malaysia,Age 35 - 44,Female,112714.0,1151413.0,9.79,4.06,2,5,16
2016,Malaysia,Age 45 - 54,Female,88103.0,1151413.0,7.65,5.75,5,6,16
2016,Malaysia,Age 55 - 64,Male,76645.0,1151413.0,6.66,7.44,7,8,16
2016,Malaysia,Age 55 - 64,Female,73021.0,1151413.0,6.34,7.56,7,8,16
2016,Malaysia,Age 20 - 24,Female,46652.0,1151413.0,4.05,11.38,9,13,16
2016,Malaysia,Age 14 & Below,Male,45512.0,1151413.0,3.95,9.75,9,11,16
2016,Malaysia,Age 65 & Above,Male,44381.0,1151413.0,3.85,11.31,10,13,16
2016,Malaysia,Age 14 & Below,Female,43318.0,1151413.0,3.76,11.25,10,13,16
2016,Malaysia,Age 65 & Above,Female,41027.0,1151413.0,3.56,11.88,9,14,16
2016,Malaysia,Age 20 - 24,Male,35348.0,1151413.0,3.07,13.44,12,14,16
2016,Malaysia,Age 15 - 19,Female,19556.0,1151413.0,1.7,15.0,15,15,16
2016,Malaysia,Age 15 - 19,Male,16235.0,1151413.0,1.41,16.0,16,16,16
2017,Malaysia,Age 25 - 34,Female,134200.0,1168372.0,11.49,1.81,1,4,16
2017,Malaysia,Age 35 - 44,Male,131959.0,1168372.0,11.29,1.69,1,3,16
2017,Malaysia,Age 25 - 34,Male,124444.0,1168372.0,10.65,3.13,2,4,16
2017,Malaysia,Age 35 - 44,Female,114956.0,1168372.0,9.84,4.06,2,5,16
2017,Malaysia,Age 45 - 54,Male,113456.0,1168372.0,9.71,4.56,3,6,16
2017,Malaysia,Age 45 - 54,Female,89766.0,1168372.0,7.68,5.75,5,6,16
2017,Malaysia,Age 55 - 64,Female,77311.0,1168372.0,6.62,7.56,7,8,16
2017,Malaysia,Age 55 - 64,Male,77126.0,1168372.0,6.6,7.44,7,8,16
2017,Malaysia,Age 14 & Below,Male,47731.0,1168372.0,4.09,9.75,9,11,16
2017,Malaysia,Age 65 & Above,Male,47648.0,1168372.0,4.08,11.31,10,13,16
2017,Malaysia,Age 20 - 24,Female,47387.0,1168372.0,4.06,11.38,9,13,16
2017,Malaysia,Age 65 & Above,Female,46470.0,1168372.0,3.98,11.88,9,14,16
2017,Malaysia,Age 14 & Below,Female,45672.0,1168372.0,3.91,11.25,10,13,16
2017,Malaysia,Age 20 - 24,Male,34222.0,1168372.0,2.93,13.44,12,14,16
2017,Malaysia,Age 15 - 19,Female,19229.0,1168372.0,1.65,15.0,15,15,16
2017,Malaysia,Age 15 - 19,Male,16795.0,1168372.0,1.44,16.0,16,16,16
2018,Malaysia,Age 25 - 34,Female,144931.0,1254022.0,11.56,1.81,1,4,16
2018,Malaysia,Age 35 - 44,Male,138281.0,1254022.0,11.03,1.69,1,3,16
2018,Malaysia,Age 25 - 34,Male,133868.0,1254022.0,10.68,3.13,2,4,16
2018,Malaysia,Age 35 - 44,Female,122296.0,1254022.0,9.75,4.06,2,5,16
2018,Malaysia,Age 45 - 54,Male,115978.0,1254022.0,9.25,4.56,3,6,16
2018,Malaysia,Age 45 - 54,Female,97513.0,1254022.0,7.78,5.75,5,6,16
2018,Malaysia,Age 55 - 64,Female,85462.0,1254022.0,6.82,7.56,7,8,16
2018,Malaysia,Age 55 - 64,Male,81222.0,1254022.0,6.48,7.44,7,8,16
2018,Malaysia,Age 14 & Below,Male,53409.0,1254022.0,4.26,9.75,9,11,16
2018,Malaysia,Age 65 & Above,Female,52870.0,1254022.0,4.22,11.88,9,14,16
2018,Malaysia,Age 65 & Above,Male,52551.0,1254022.0,4.19,11.31,10,13,16
2018,Malaysia,Age 14 & Below,Female,50547.0,1254022.0,4.03,11.25,10,13,16
2018,Malaysia,Age 20 - 24,Female,49668.0,1254022.0,3.96,11.38,9,13,16
2018,Malaysia,Age 20 - 24,Male,36623.0,1254022.0,2.92,13.44,12,14,16
2018,Malaysia,Age 15 - 19,Female,21001.0,1254022.0,1.67,15.0,15,15,16
2018,Malaysia,Age 15 - 19,Male,17802.0,1254022.0,1.42,16.0,16,16,16
2019,Malaysia,Age 25 - 34,Female,141159.0,1220730.0,11.56,1.81,1,4,16
2019,Malaysia,Age 35 - 44,Male,131013.0,1220730.0,10.73,1.69,1,3,16
2019,Malaysia,Age 25 - 34,Male,127844.0,1220730.0,10.47,3.13,2,4,16
2019,Malaysia,Age 35 - 44,Female,120948.0,1220730.0,9.91,4.06,2,5,16
2019,Malaysia,Age 45 - 54,Male,111484.0,1220730.0,9.13,4.56,3,6,16
2019,Malaysia,Age 45 - 54,Female,96668.0,1220730.0,7.92,5.75,5,6,16
2019,Malaysia,Age 55 - 64,Female,85796.0,1220730.0,7.03,7.56,7,8,16
2019,Malaysia,Age 55 - 64,Male,77900.0,1220730.0,6.38,7.44,7,8,16
2019,Malaysia,Age 65 & Above,Female,55140.0,1220730.0,4.52,11.88,9,14,16
2019,Malaysia,Age 65 & Above,Male,54231.0,1220730.0,4.44,11.31,10,13,16
2019,Malaysia,Age 14 & Below,Male,50508.0,1220730.0,4.14,9.75,9,11,16
2019,Malaysia,Age 20 - 24,Female,48043.0,1220730.0,3.94,11.38,9,13,16
2019,Malaysia,Age 14 & Below,Female,47598.0,1220730.0,3.9,11.25,10,13,16
2019,Malaysia,Age 20 - 24,Male,34072.0,1220730.0,2.79,13.44,12,14,16
2019,Malaysia,Age 15 - 19,Female,20730.0,1220730.0,1.7,15.0,15,15,16
2019,Malaysia,Age 15 - 19,Male,17596.0,1220730.0,1.44,16.0,16,16,16
2023,Malaysia,Age 25 - 34,Female,126617.0,1088150.0,11.64,1.81,1,4,16
2023,Malaysia,Age 35 - 44,Female,113377.0,1088150.0,10.42,4.06,2,5,16
2023,Malaysia,Age 35 - 44,Male,105004.0,1088150.0,9.65,1.69,1,3,16
2023,Malaysia,Age 25 - 34,Male,102164.0,1088150.0,9.39,3.13,2,4,16
2023,Malaysia,Age 45 - 54,Female,92594.0,1088150.0,8.51,5.75,5,6,16
2023,Malaysia,Age 45 - 54,Male,89558.0,1088150.0,8.23,4.56,3,6,16
2023,Malaysia,Age 55 - 64,Female,86385.0,1088150.0,7.94,7.56,7,8,16
2023,Malaysia,Age 55 - 64,Male,68049.0,1088150.0,6.25,7.44,7,8,16
2023,Malaysia,Age 65 & Above,Female,61932.0,1088150.0,5.69,11.88,9,14,16
2023,Malaysia,Age 65 & Above,Male,54954.0,1088150.0,5.05,11.31,10,13,16
2023,Malaysia,Age 14 & Below,Male,45566.0,1088150.0,4.19,9.75,9,11,16
2023,Malaysia,Age 14 & Below,Female,43291.0,1088150.0,3.98,11.25,10,13,16
2023,Malaysia,Age 20 - 24,Female,37662.0,1088150.0,3.46,11.38,9,13,16
2023,Malaysia,Age 20 - 24,Male,27401.0,1088150.0,2.52,13.44,12,14,16
2023,Malaysia,Age 15 - 19,Female,17652.0,1088150.0,1.62,15.0,15,15,16
2023,Malaysia,Age 15 - 19,Male,15944.0,1088150.0,1.47,16.0,16,16,16
2024,Malaysia,Age 25 - 34,Female,143795.0,1185822.0,12.13,1.81,1,4,16
2024,Malaysia,Age 35 - 44,Female,125657.0,1185822.0,10.6,4.06,2,5,16
2024,Malaysia,Age 35 - 44,Male,115044.0,1185822.0,9.7,1.69,1,3,16
2024,Malaysia,Age 25 - 34,Male,112804.0,1185822.0,9.51,3.13,2,4,16
2024,Malaysia,Age 45 - 54,Female,102143.0,1185822.0,8.61,5.75,5,6,16
2024,Malaysia,Age 45 - 54,Male,96267.0,1185822.0,8.12,4.56,3,6,16
2024,Malaysia,Age 55 - 64,Female,89877.0,1185822.0,7.58,7.56,7,8,16
2024,Malaysia,Age 55 - 64,Male,71965.0,1185822.0,6.07,7.44,7,8,16
2024,Malaysia,Age 65 & Above,Female,65522.0,1185822.0,5.53,11.88,9,14,16
2024,Malaysia,Age 65 & Above,Male,58428.0,1185822.0,4.93,11.31,10,13,16
2024,Malaysia,Age 14 & Below,Male,47099.0,1185822.0,3.97,9.75,9,11,16
2024,Malaysia,Age 14 & Below,Female,44885.0,1185822.0,3.79,11.25,10,13,16
2024,Malaysia,Age 20 - 24,Female,44364.0,1185822.0,3.74,11.38,9,13,16
2024,Malaysia,Age 20 - 24,Male,30514.0,1185822.0,2.57,13.44,12,14,16
2024,Malaysia,Age 15 - 19,Female,19956.0,1185822.0,1.68,15.0,15,15,16
2024,Malaysia,Age 15 - 19,Male,17502.0,1185822.0,1.48,16.0,16,16,16
2025,Malaysia,Age 25 - 34,Female,151099.0,1275287.0,11.85,1.81,1,4,16
2025,Malaysia,Age 35 - 44,Female,138922.0,1275287.0,10.89,4.06,2,5,16
2025,Malaysia,Age 35 - 44,Male,125654.0,1275287.0,9.85,1.69,1,3,16
2025,Malaysia,Age 25 - 34,Male,119643.0,1275287.0,9.38,3.13,2,4,16
2025,Malaysia,Age 45 - 54,Female,112567.0,1275287.0,8.83,5.75,5,6,16
2025,Malaysia,Age 45 - 54,Male,100236.0,1275287.0,7.86,4.56,3,6,16
2025,Malaysia,Age 55 - 64,Female,95599.0,1275287.0,7.5,7.56,7,8,16
2025,Malaysia,Age 55 - 64,Male,75844.0,1275287.0,5.95,7.44,7,8,16
2025,Malaysia,Age 65 & Above,Female,70796.0,1275287.0,5.55,11.88,9,14,16
2025,Malaysia,Age 65 & Above,Male,62295.0,1275287.0,4.88,11.31,10,13,16
2025,Malaysia,Age 14 & Below,Male,54009.0,1275287.0,4.24,9.75,9,11,16
2025,Malaysia,Age 14 & Below,Female,51359.0,1275287.0,4.03,11.25,10,13,16
2025,Malaysia,Age 20 - 24,Female,44085.0,1275287.0,3.46,11.38,9,13,16
2025,Malaysia,Age 20 - 24,Male,31185.0,1275287.0,2.45,13.44,12,14,16
2025,Malaysia,Age 15 - 19,Female,22081.0,1275287.0,1.73,15.0,15,15,16
2025,Malaysia,Age 15 - 19,Male,19913.0,1275287.0,1.56,16.0,16,16,16
2026,Malaysia,Age 25 - 34,Female,83717.0,731493.0,11.44,1.81,1,4,16
2026,Malaysia,Age 35 - 44,Female,79718.0,731493.0,10.9,4.06,2,5,16
2026,Malaysia,Age 35 - 44,Male,72655.0,731493.0,9.93,1.69,1,3,16
2026,Malaysia,Age 25 - 34,Male,66918.0,731493.0,9.15,3.13,2,4,16
2026,Malaysia,Age 45 - 54,Female,64077.0,731493.0,8.76,5.75,5,6,16
2026,Malaysia,Age 45 - 54,Male,57496.0,731493.0,7.86,4.56,3,6,16
2026,Malaysia,Age 55 - 64,Female,53742.0,731493.0,7.35,7.56,7,8,16
2026,Malaysia,Age 55 - 64,Male,43601.0,731493.0,5.96,7.44,7,8,16
2026,Malaysia,Age 65 & Above,Female,40933.0,731493.0,5.6,11.88,9,14,16
2026,Malaysia,Age 65 & Above,Male,36205.0,731493.0,4.95,11.31,10,13,16
2026,Malaysia,Age 14 & Below,Male,33134.0,731493.0,4.53,9.75,9,11,16
2026,Malaysia,Age 14 & Below,Female,31865.0,731493.0,4.36,11.25,10,13,16
2026,Malaysia,Age 20 - 24,Female,23998.0,731493.0,3.28,11.38,9,13,16
2026,Malaysia,Age 20 - 24,Male,17807.0,731493.0,2.43,13.44,12,14,16
2026,Malaysia,Age 15 - 19,Female,13350.0,731493.0,1.83,15.0,15,15,16
2026,Malaysia,Age 15 - 19,Male,12277.0,731493.0,1.68,16.0,16,16,16
2008,Philippines,Age 25 - 34,Female,93078.0,400312.0,23.25,1.0,1,1,16
2008,Philippines,Age 25 - 34,Male,51086.0,400312.0,12.76,2.38,2,3,16
2008,Philippines,Age 35 - 44,Female,44148.0,400312.0,11.03,2.63,2,3,16
2008,Philippines,Age 35 - 44,Male,40458.0,400312.0,10.11,4.0,4,4,16
2008,Philippines,Age 20 - 24,Female,29906.0,400312.0,7.47,9.0,5,12,16
2008,Philippines,Age 45 - 54,Male,26016.0,400312.0,6.5,7.0,6,9,16
2008,Philippines,Age 45 - 54,Female,24057.0,400312.0,6.01,5.19,5,7,16
2008,Philippines,Age 55 - 64,Female,15329.0,400312.0,3.83,7.31,6,8,16
2008,Philippines,Age 14 & Below,Male,14741.0,400312.0,3.68,7.63,6,10,16
2008,Philippines,Age 14 & Below,Female,14738.0,400312.0,3.68,9.31,8,10,16
2008,Philippines,Age 55 - 64,Male,13084.0,400312.0,3.27,11.13,11,12,16
2008,Philippines,Age 20 - 24,Male,11067.0,400312.0,2.76,12.75,12,15,16
2008,Philippines,Age 65 & Above,Female,6945.0,400312.0,1.73,11.94,10,13,16
2008,Philippines,Age 15 - 19,Female,6386.0,400312.0,1.6,14.19,14,15,16
2008,Philippines,Age 65 & Above,Male,4826.0,400312.0,1.21,14.88,13,16,16
2008,Philippines,Age 15 - 19,Male,4447.0,400312.0,1.11,15.69,15,16,16
2009,Philippines,Age 25 - 34,Female,92112.0,416139.0,22.13,1.0,1,1,16
2009,Philippines,Age 25 - 34,Male,50342.0,416139.0,12.1,2.38,2,3,16
2009,Philippines,Age 35 - 44,Female,45414.0,416139.0,10.91,2.63,2,3,16
2009,Philippines,Age 35 - 44,Male,39527.0,416139.0,9.5,4.0,4,4,16
2009,Philippines,Age 20 - 24,Female,29291.0,416139.0,7.04,9.0,5,12,16
2009,Philippines,Age 45 - 54,Female,27930.0,416139.0,6.71,5.19,5,7,16
2009,Philippines,Age 45 - 54,Male,25961.0,416139.0,6.24,7.0,6,9,16
2009,Philippines,Age 55 - 64,Female,19255.0,416139.0,4.63,7.31,6,8,16
2009,Philippines,Age 14 & Below,Female,16621.0,416139.0,3.99,9.31,8,10,16
2009,Philippines,Age 14 & Below,Male,16501.0,416139.0,3.97,7.63,6,10,16
2009,Philippines,Age 55 - 64,Male,14695.0,416139.0,3.53,11.13,11,12,16
2009,Philippines,Age 20 - 24,Male,12171.0,416139.0,2.92,12.75,12,15,16
2009,Philippines,Age 65 & Above,Female,8333.0,416139.0,2.0,11.94,10,13,16
2009,Philippines,Age 15 - 19,Female,7250.0,416139.0,1.74,14.19,14,15,16
2009,Philippines,Age 65 & Above,Male,5622.0,416139.0,1.35,14.88,13,16,16
2009,Philippines,Age 15 - 19,Male,5114.0,416139.0,1.23,15.69,15,16,16
2010,Philippines,Age 25 - 34,Female,109192.0,525300.0,20.79,1.0,1,1,16
2010,Philippines,Age 25 - 34,Male,63837.0,525300.0,12.15,2.38,2,3,16
2010,Philippines,Age 35 - 44,Female,55561.0,525300.0,10.58,2.63,2,3,16
2010,Philippines,Age 35 - 44,Male,49653.0,525300.0,9.45,4.0,4,4,16
2010,Philippines,Age 45 - 54,Female,35826.0,525300.0,6.82,5.19,5,7,16
2010,Philippines,Age 20 - 24,Female,34514.0,525300.0,6.57,9.0,5,12,16
2010,Philippines,Age 45 - 54,Male,32198.0,525300.0,6.13,7.0,6,9,16
2010,Philippines,Age 55 - 64,Female,25688.0,525300.0,4.89,7.31,6,8,16
2010,Philippines,Age 14 & Below,Male,23793.0,525300.0,4.53,7.63,6,10,16
2010,Philippines,Age 14 & Below,Female,23668.0,525300.0,4.51,9.31,8,10,16
2010,Philippines,Age 55 - 64,Male,18797.0,525300.0,3.58,11.13,11,12,16
2010,Philippines,Age 20 - 24,Male,16152.0,525300.0,3.07,12.75,12,15,16
2010,Philippines,Age 65 & Above,Female,11316.0,525300.0,2.15,11.94,10,13,16
2010,Philippines,Age 15 - 19,Female,10351.0,525300.0,1.97,14.19,14,15,16
2010,Philippines,Age 15 - 19,Male,7552.0,525300.0,1.44,15.69,15,16,16
2010,Philippines,Age 65 & Above,Male,7202.0,525300.0,1.37,14.88,13,16,16
2011,Philippines,Age 25 - 34,Female,125824.0,657026.0,19.15,1.0,1,1,16
2011,Philippines,Age 25 - 34,Male,80735.0,657026.0,12.29,2.38,2,3,16
2011,Philippines,Age 35 - 44,Female,68086.0,657026.0,10.36,2.63,2,3,16
2011,Philippines,Age 35 - 44,Male,59920.0,657026.0,9.12,4.0,4,4,16
2011,Philippines,Age 45 - 54,Female,47247.0,657026.0,7.19,5.19,5,7,16
2011,Philippines,Age 45 - 54,Male,39577.0,657026.0,6.02,7.0,6,9,16
2011,Philippines,Age 20 - 24,Female,39485.0,657026.0,6.01,9.0,5,12,16
2011,Philippines,Age 55 - 64,Female,34793.0,657026.0,5.3,7.31,6,8,16
2011,Philippines,Age 14 & Below,Male,32897.0,657026.0,5.01,7.63,6,10,16
2011,Philippines,Age 14 & Below,Female,32395.0,657026.0,4.93,9.31,8,10,16
2011,Philippines,Age 55 - 64,Male,24443.0,657026.0,3.72,11.13,11,12,16
2011,Philippines,Age 20 - 24,Male,21138.0,657026.0,3.22,12.75,12,15,16
2011,Philippines,Age 65 & Above,Female,15976.0,657026.0,2.43,11.94,10,13,16
2011,Philippines,Age 15 - 19,Female,13576.0,657026.0,2.07,14.19,14,15,16
2011,Philippines,Age 15 - 19,Male,10980.0,657026.0,1.67,15.69,15,16,16
2011,Philippines,Age 65 & Above,Male,9954.0,657026.0,1.52,14.88,13,16,16
2012,Philippines,Age 25 - 34,Female,123339.0,644270.0,19.14,1.0,1,1,16
2012,Philippines,Age 25 - 34,Male,79824.0,644270.0,12.39,2.38,2,3,16
2012,Philippines,Age 35 - 44,Female,67003.0,644270.0,10.4,2.63,2,3,16
2012,Philippines,Age 35 - 44,Male,58658.0,644270.0,9.1,4.0,4,4,16
2012,Philippines,Age 45 - 54,Female,44468.0,644270.0,6.9,5.19,5,7,16
2012,Philippines,Age 20 - 24,Female,39582.0,644270.0,6.14,9.0,5,12,16
2012,Philippines,Age 45 - 54,Male,38360.0,644270.0,5.95,7.0,6,9,16
2012,Philippines,Age 55 - 64,Female,34367.0,644270.0,5.33,7.31,6,8,16
2012,Philippines,Age 14 & Below,Male,31887.0,644270.0,4.95,7.63,6,10,16
2012,Philippines,Age 14 & Below,Female,30696.0,644270.0,4.76,9.31,8,10,16
2012,Philippines,Age 55 - 64,Male,24509.0,644270.0,3.8,11.13,11,12,16
2012,Philippines,Age 20 - 24,Male,21726.0,644270.0,3.37,12.75,12,15,16
2012,Philippines,Age 65 & Above,Female,15921.0,644270.0,2.47,11.94,10,13,16
2012,Philippines,Age 15 - 19,Female,13497.0,644270.0,2.09,14.19,14,15,16
2012,Philippines,Age 15 - 19,Male,10505.0,644270.0,1.63,15.69,15,16,16
2012,Philippines,Age 65 & Above,Male,9928.0,644270.0,1.54,14.88,13,16,16
2013,Philippines,Age 25 - 34,Female,127176.0,687611.0,18.5,1.0,1,1,16
2013,Philippines,Age 25 - 34,Male,78858.0,687611.0,11.47,2.38,2,3,16
2013,Philippines,Age 35 - 44,Female,74148.0,687611.0,10.78,2.63,2,3,16
2013,Philippines,Age 35 - 44,Male,63269.0,687611.0,9.2,4.0,4,4,16
2013,Philippines,Age 45 - 54,Female,48199.0,687611.0,7.01,5.19,5,7,16
2013,Philippines,Age 14 & Below,Male,40327.0,687611.0,5.86,7.63,6,10,16
2013,Philippines,Age 45 - 54,Male,40189.0,687611.0,5.84,7.0,6,9,16
2013,Philippines,Age 55 - 64,Female,38467.0,687611.0,5.59,7.31,6,8,16
2013,Philippines,Age 20 - 24,Female,38149.0,687611.0,5.55,9.0,5,12,16
2013,Philippines,Age 14 & Below,Female,37564.0,687611.0,5.46,9.31,8,10,16
2013,Philippines,Age 55 - 64,Male,25530.0,687611.0,3.71,11.13,11,12,16
2013,Philippines,Age 20 - 24,Male,21024.0,687611.0,3.06,12.75,12,15,16
2013,Philippines,Age 65 & Above,Female,17932.0,687611.0,2.61,11.94,10,13,16
2013,Philippines,Age 15 - 19,Female,14594.0,687611.0,2.12,14.19,14,15,16
2013,Philippines,Age 15 - 19,Male,11409.0,687611.0,1.66,15.69,15,16,16
2013,Philippines,Age 65 & Above,Male,10776.0,687611.0,1.57,14.88,13,16,16
2014,Philippines,Age 25 - 34,Female,122885.0,676481.0,18.17,1.0,1,1,16
2014,Philippines,Age 25 - 34,Male,76173.0,676481.0,11.26,2.38,2,3,16
2014,Philippines,Age 35 - 44,Female,74244.0,676481.0,10.98,2.63,2,3,16
2014,Philippines,Age 35 - 44,Male,63509.0,676481.0,9.39,4.0,4,4,16
2014,Philippines,Age 45 - 54,Female,46864.0,676481.0,6.93,5.19,5,7,16
2014,Philippines,Age 14 & Below,Male,39831.0,676481.0,5.89,7.63,6,10,16
2014,Philippines,Age 45 - 54,Male,39589.0,676481.0,5.85,7.0,6,9,16
2014,Philippines,Age 55 - 64,Female,37581.0,676481.0,5.56,7.31,6,8,16
2014,Philippines,Age 20 - 24,Female,37319.0,676481.0,5.52,9.0,5,12,16
2014,Philippines,Age 14 & Below,Female,37095.0,676481.0,5.48,9.31,8,10,16
2014,Philippines,Age 55 - 64,Male,25224.0,676481.0,3.73,11.13,11,12,16
2014,Philippines,Age 20 - 24,Male,20326.0,676481.0,3.0,12.75,12,15,16
2014,Philippines,Age 65 & Above,Female,18912.0,676481.0,2.8,11.94,10,13,16
2014,Philippines,Age 15 - 19,Female,14145.0,676481.0,2.09,14.19,14,15,16
2014,Philippines,Age 65 & Above,Male,11405.0,676481.0,1.69,14.88,13,16,16
2014,Philippines,Age 15 - 19,Male,11379.0,676481.0,1.68,15.69,15,16,16
2015,Philippines,Age 25 - 34,Female,118619.0,673374.0,17.62,1.0,1,1,16
2015,Philippines,Age 25 - 34,Male,76633.0,673374.0,11.38,2.38,2,3,16
2015,Philippines,Age 35 - 44,Female,74095.0,673374.0,11.0,2.63,2,3,16
2015,Philippines,Age 35 - 44,Male,63095.0,673374.0,9.37,4.0,4,4,16
2015,Philippines,Age 45 - 54,Female,46705.0,673374.0,6.94,5.19,5,7,16
2015,Philippines,Age 45 - 54,Male,39874.0,673374.0,5.92,7.0,6,9,16
2015,Philippines,Age 14 & Below,Male,39302.0,673374.0,5.84,7.63,6,10,16
2015,Philippines,Age 55 - 64,Female,38248.0,673374.0,5.68,7.31,6,8,16
2015,Philippines,Age 14 & Below,Female,36389.0,673374.0,5.4,9.31,8,10,16
2015,Philippines,Age 20 - 24,Female,35787.0,673374.0,5.31,9.0,5,12,16
2015,Philippines,Age 55 - 64,Male,25163.0,673374.0,3.74,11.13,11,12,16
2015,Philippines,Age 20 - 24,Male,20913.0,673374.0,3.11,12.75,12,15,16
2015,Philippines,Age 65 & Above,Female,19579.0,673374.0,2.91,11.94,10,13,16
2015,Philippines,Age 15 - 19,Female,15093.0,673374.0,2.24,14.19,14,15,16
2015,Philippines,Age 15 - 19,Male,12146.0,673374.0,1.8,15.69,15,16,16
2015,Philippines,Age 65 & Above,Male,11733.0,673374.0,1.74,14.88,13,16,16
2016,Philippines,Age 25 - 34,Female,120425.0,691637.0,17.41,1.0,1,1,16
2016,Philippines,Age 25 - 34,Male,78724.0,691637.0,11.38,2.38,2,3,16
2016,Philippines,Age 35 - 44,Female,76534.0,691637.0,11.07,2.63,2,3,16
2016,Philippines,Age 35 - 44,Male,63734.0,691637.0,9.21,4.0,4,4,16
2016,Philippines,Age 45 - 54,Female,49341.0,691637.0,7.13,5.19,5,7,16
2016,Philippines,Age 45 - 54,Male,41128.0,691637.0,5.95,7.0,6,9,16
2016,Philippines,Age 55 - 64,Female,40157.0,691637.0,5.81,7.31,6,8,16
2016,Philippines,Age 14 & Below,Male,39665.0,691637.0,5.73,7.63,6,10,16
2016,Philippines,Age 14 & Below,Female,36853.0,691637.0,5.33,9.31,8,10,16
2016,Philippines,Age 20 - 24,Female,36089.0,691637.0,5.22,9.0,5,12,16
2016,Philippines,Age 55 - 64,Male,25808.0,691637.0,3.73,11.13,11,12,16
2016,Philippines,Age 65 & Above,Female,21518.0,691637.0,3.11,11.94,10,13,16
2016,Philippines,Age 20 - 24,Male,21111.0,691637.0,3.05,12.75,12,15,16
2016,Philippines,Age 15 - 19,Female,15646.0,691637.0,2.26,14.19,14,15,16
2016,Philippines,Age 65 & Above,Male,12843.0,691637.0,1.86,14.88,13,16,16
2016,Philippines,Age 15 - 19,Male,12061.0,691637.0,1.74,15.69,15,16,16
2017,Philippines,Age 25 - 34,Female,128782.0,736500.0,17.49,1.0,1,1,16
2017,Philippines,Age 25 - 34,Male,83249.0,736500.0,11.3,2.38,2,3,16
2017,Philippines,Age 35 - 44,Female,83019.0,736500.0,11.27,2.63,2,3,16
2017,Philippines,Age 35 - 44,Male,66806.0,736500.0,9.07,4.0,4,4,16
2017,Philippines,Age 45 - 54,Female,52225.0,736500.0,7.09,5.19,5,7,16
2017,Philippines,Age 14 & Below,Male,43510.0,736500.0,5.91,7.63,6,10,16
2017,Philippines,Age 55 - 64,Female,42939.0,736500.0,5.83,7.31,6,8,16
2017,Philippines,Age 45 - 54,Male,41790.0,736500.0,5.67,7.0,6,9,16
2017,Philippines,Age 14 & Below,Female,39789.0,736500.0,5.4,9.31,8,10,16
2017,Philippines,Age 20 - 24,Female,38787.0,736500.0,5.27,9.0,5,12,16
2017,Philippines,Age 55 - 64,Male,26756.0,736500.0,3.63,11.13,11,12,16
2017,Philippines,Age 65 & Above,Female,24034.0,736500.0,3.26,11.94,10,13,16
2017,Philippines,Age 20 - 24,Male,22018.0,736500.0,2.99,12.75,12,15,16
2017,Philippines,Age 15 - 19,Female,16237.0,736500.0,2.2,14.19,14,15,16
2017,Philippines,Age 65 & Above,Male,13536.0,736500.0,1.84,14.88,13,16,16
2017,Philippines,Age 15 - 19,Male,13023.0,736500.0,1.77,15.69,15,16,16
2018,Philippines,Age 25 - 34,Female,134699.0,778141.0,17.31,1.0,1,1,16
2018,Philippines,Age 35 - 44,Female,91278.0,778141.0,11.73,2.63,2,3,16
2018,Philippines,Age 25 - 34,Male,85904.0,778141.0,11.04,2.38,2,3,16
2018,Philippines,Age 35 - 44,Male,68398.0,778141.0,8.79,4.0,4,4,16
2018,Philippines,Age 45 - 54,Female,55322.0,778141.0,7.11,5.19,5,7,16
2018,Philippines,Age 55 - 64,Female,46295.0,778141.0,5.95,7.31,6,8,16
2018,Philippines,Age 14 & Below,Male,46299.0,778141.0,5.95,7.63,6,10,16
2018,Philippines,Age 45 - 54,Male,43630.0,778141.0,5.61,7.0,6,9,16
2018,Philippines,Age 14 & Below,Female,43116.0,778141.0,5.54,9.31,8,10,16
2018,Philippines,Age 20 - 24,Female,39274.0,778141.0,5.05,9.0,5,12,16
2018,Philippines,Age 55 - 64,Male,27954.0,778141.0,3.59,11.13,11,12,16
2018,Philippines,Age 65 & Above,Female,26971.0,778141.0,3.47,11.94,10,13,16
2018,Philippines,Age 20 - 24,Male,23357.0,778141.0,3.0,12.75,12,15,16
2018,Philippines,Age 15 - 19,Female,16418.0,778141.0,2.11,14.19,14,15,16
2018,Philippines,Age 65 & Above,Male,15423.0,778141.0,1.98,14.88,13,16,16
2018,Philippines,Age 15 - 19,Male,13803.0,778141.0,1.77,15.69,15,16,16
2019,Philippines,Age 25 - 34,Female,140896.0,829325.0,16.99,1.0,1,1,16
2019,Philippines,Age 35 - 44,Female,100317.0,829325.0,12.1,2.63,2,3,16
2019,Philippines,Age 25 - 34,Male,87310.0,829325.0,10.53,2.38,2,3,16
2019,Philippines,Age 35 - 44,Male,71916.0,829325.0,8.67,4.0,4,4,16
2019,Philippines,Age 45 - 54,Female,60888.0,829325.0,7.34,5.19,5,7,16
2019,Philippines,Age 55 - 64,Female,49723.0,829325.0,6.0,7.31,6,8,16
2019,Philippines,Age 14 & Below,Male,49660.0,829325.0,5.99,7.63,6,10,16
2019,Philippines,Age 45 - 54,Male,46401.0,829325.0,5.6,7.0,6,9,16
2019,Philippines,Age 14 & Below,Female,46466.0,829325.0,5.6,9.31,8,10,16
2019,Philippines,Age 20 - 24,Female,41096.0,829325.0,4.96,9.0,5,12,16
2019,Philippines,Age 65 & Above,Female,30235.0,829325.0,3.65,11.94,10,13,16
2019,Philippines,Age 55 - 64,Male,29446.0,829325.0,3.55,11.13,11,12,16
2019,Philippines,Age 20 - 24,Male,24581.0,829325.0,2.96,12.75,12,15,16
2019,Philippines,Age 15 - 19,Female,18560.0,829325.0,2.24,14.19,14,15,16
2019,Philippines,Age 65 & Above,Male,16741.0,829325.0,2.02,14.88,13,16,16
2019,Philippines,Age 15 - 19,Male,15089.0,829325.0,1.82,15.69,15,16,16
2023,Philippines,Age 25 - 34,Female,118033.0,692675.0,17.04,1.0,1,1,16
2023,Philippines,Age 35 - 44,Female,87426.0,692675.0,12.62,2.63,2,3,16
2023,Philippines,Age 25 - 34,Male,73251.0,692675.0,10.58,2.38,2,3,16
2023,Philippines,Age 35 - 44,Male,60883.0,692675.0,8.79,4.0,4,4,16
2023,Philippines,Age 45 - 54,Female,53147.0,692675.0,7.67,5.19,5,7,16
2023,Philippines,Age 55 - 64,Female,42479.0,692675.0,6.13,7.31,6,8,16
2023,Philippines,Age 45 - 54,Male,39307.0,692675.0,5.67,7.0,6,9,16
2023,Philippines,Age 14 & Below,Male,39156.0,692675.0,5.65,7.63,6,10,16
2023,Philippines,Age 14 & Below,Female,36038.0,692675.0,5.2,9.31,8,10,16
2023,Philippines,Age 65 & Above,Female,30548.0,692675.0,4.41,11.94,10,13,16
2023,Philippines,Age 55 - 64,Male,26218.0,692675.0,3.79,11.13,11,12,16
2023,Philippines,Age 20 - 24,Female,25597.0,692675.0,3.7,9.0,5,12,16
2023,Philippines,Age 65 & Above,Male,17445.0,692675.0,2.52,14.88,13,16,16
2023,Philippines,Age 20 - 24,Male,16716.0,692675.0,2.41,12.75,12,15,16
2023,Philippines,Age 15 - 19,Female,14276.0,692675.0,2.06,14.19,14,15,16
2023,Philippines,Age 15 - 19,Male,12155.0,692675.0,1.75,15.69,15,16,16
2024,Philippines,Age 25 - 34,Female,143259.0,778763.0,18.4,1.0,1,1,16
2024,Philippines,Age 35 - 44,Female,95469.0,778763.0,12.26,2.63,2,3,16
2024,Philippines,Age 25 - 34,Male,85687.0,778763.0,11.0,2.38,2,3,16
2024,Philippines,Age 35 - 44,Male,67305.0,778763.0,8.64,4.0,4,4,16
2024,Philippines,Age 45 - 54,Female,59454.0,778763.0,7.63,5.19,5,7,16
2024,Philippines,Age 55 - 64,Female,45818.0,778763.0,5.88,7.31,6,8,16
2024,Philippines,Age 45 - 54,Male,43906.0,778763.0,5.64,7.0,6,9,16
2024,Philippines,Age 14 & Below,Male,40775.0,778763.0,5.24,7.63,6,10,16
2024,Philippines,Age 14 & Below,Female,37112.0,778763.0,4.77,9.31,8,10,16
2024,Philippines,Age 65 & Above,Female,32705.0,778763.0,4.2,11.94,10,13,16
2024,Philippines,Age 20 - 24,Female,31760.0,778763.0,4.08,9.0,5,12,16
2024,Philippines,Age 55 - 64,Male,28187.0,778763.0,3.62,11.13,11,12,16
2024,Philippines,Age 20 - 24,Male,19187.0,778763.0,2.46,12.75,12,15,16
2024,Philippines,Age 65 & Above,Male,18413.0,778763.0,2.36,14.88,13,16,16
2024,Philippines,Age 15 - 19,Female,16476.0,778763.0,2.12,14.19,14,15,16
2024,Philippines,Age 15 - 19,Male,13250.0,778763.0,1.7,15.69,15,16,16
2025,Philippines,Age 25 - 34,Female,120257.0,725995.0,16.56,1.0,1,1,16
2025,Philippines,Age 35 - 44,Female,92339.0,725995.0,12.72,2.63,2,3,16
2025,Philippines,Age 25 - 34,Male,76855.0,725995.0,10.59,2.38,2,3,16
2025,Philippines,Age 35 - 44,Male,65949.0,725995.0,9.08,4.0,4,4,16
2025,Philippines,Age 45 - 54,Female,59043.0,725995.0,8.13,5.19,5,7,16
2025,Philippines,Age 55 - 64,Female,44799.0,725995.0,6.17,7.31,6,8,16
2025,Philippines,Age 45 - 54,Male,42269.0,725995.0,5.82,7.0,6,9,16
2025,Philippines,Age 14 & Below,Male,39418.0,725995.0,5.43,7.63,6,10,16
2025,Philippines,Age 14 & Below,Female,35306.0,725995.0,4.86,9.31,8,10,16
2025,Philippines,Age 65 & Above,Female,33821.0,725995.0,4.66,11.94,10,13,16
2025,Philippines,Age 55 - 64,Male,27676.0,725995.0,3.81,11.13,11,12,16
2025,Philippines,Age 20 - 24,Female,25721.0,725995.0,3.54,9.0,5,12,16
2025,Philippines,Age 65 & Above,Male,19013.0,725995.0,2.62,14.88,13,16,16
2025,Philippines,Age 20 - 24,Male,16639.0,725995.0,2.29,12.75,12,15,16
2025,Philippines,Age 15 - 19,Female,14609.0,725995.0,2.01,14.19,14,15,16
2025,Philippines,Age 15 - 19,Male,12281.0,725995.0,1.69,15.69,15,16,16
2026,Philippines,Age 25 - 34,Female,60348.0,395929.0,15.24,1.0,1,1,16
2026,Philippines,Age 35 - 44,Female,51134.0,395929.0,12.91,2.63,2,3,16
2026,Philippines,Age 25 - 34,Male,38048.0,395929.0,9.61,2.38,2,3,16
2026,Philippines,Age 35 - 44,Male,36557.0,395929.0,9.23,4.0,4,4,16
2026,Philippines,Age 45 - 54,Female,31979.0,395929.0,8.08,5.19,5,7,16
2026,Philippines,Age 14 & Below,Male,24401.0,395929.0,6.16,7.63,6,10,16
2026,Philippines,Age 45 - 54,Male,23858.0,395929.0,6.03,7.0,6,9,16
2026,Philippines,Age 55 - 64,Female,23787.0,395929.0,6.01,7.31,6,8,16
2026,Philippines,Age 14 & Below,Female,23271.0,395929.0,5.88,9.31,8,10,16
2026,Philippines,Age 65 & Above,Female,19436.0,395929.0,4.91,11.94,10,13,16
2026,Philippines,Age 55 - 64,Male,14929.0,395929.0,3.77,11.13,11,12,16
2026,Philippines,Age 20 - 24,Female,12536.0,395929.0,3.17,9.0,5,12,16
2026,Philippines,Age 65 & Above,Male,11003.0,395929.0,2.78,14.88,13,16,16
2026,Philippines,Age 15 - 19,Female,8772.0,395929.0,2.22,14.19,14,15,16
2026,Philippines,Age 20 - 24,Male,8439.0,395929.0,2.13,12.75,12,15,16
2026,Philippines,Age 15 - 19,Male,7431.0,395929.0,1.88,15.69,15,16,16
2008,South Korea,Age 35 - 44,Male,55136.0,391461.0,14.08,2.25,1,3,16
2008,South Korea,Age 25 - 34,Female,48569.0,391461.0,12.41,2.0,1,5,16
2008,South Korea,Age 45 - 54,Male,42540.0,391461.0,10.87,4.31,2,6,16
2008,South Korea,Age 25 - 34,Male,40832.0,391461.0,10.43,5.88,3,9,16
2008,South Korea,Age 45 - 54,Female,35411.0,391461.0,9.05,4.0,1,6,16
2008,South Korea,Age 35 - 44,Female,35334.0,391461.0,9.03,4.13,1,6,16
2008,South Korea,Age 55 - 64,Female,23459.0,391461.0,5.99,5.81,1,9,16
2008,South Korea,Age 55 - 64,Male,23246.0,391461.0,5.94,8.38,7,10,16
2008,South Korea,Age 14 & Below,Male,19577.0,391461.0,5.0,8.88,8,10,16
2008,South Korea,Age 14 & Below,Female,16930.0,391461.0,4.32,9.94,7,11,16
2008,South Korea,Age 20 - 24,Female,11482.0,391461.0,2.93,10.94,8,13,16
2008,South Korea,Age 65 & Above,Male,9615.0,391461.0,2.46,12.75,12,15,16
2008,South Korea,Age 65 & Above,Female,9496.0,391461.0,2.43,11.88,11,13,16
2008,South Korea,Age 15 - 19,Female,6970.0,391461.0,1.78,14.38,13,15,16
2008,South Korea,Age 15 - 19,Male,6878.0,391461.0,1.76,15.63,14,16,16
2008,South Korea,Age 20 - 24,Male,5986.0,391461.0,1.53,14.88,14,16,16
2009,South Korea,Age 25 - 34,Female,40909.0,261084.0,15.67,2.0,1,5,16
2009,South Korea,Age 35 - 44,Male,39980.0,261084.0,15.31,2.25,1,3,16
2009,South Korea,Age 25 - 34,Male,32367.0,261084.0,12.4,5.88,3,9,16
2009,South Korea,Age 45 - 54,Male,28574.0,261084.0,10.94,4.31,2,6,16
2009,South Korea,Age 35 - 44,Female,22448.0,261084.0,8.6,4.13,1,6,16
2009,South Korea,Age 45 - 54,Female,17724.0,261084.0,6.79,4.0,1,6,16
2009,South Korea,Age 55 - 64,Male,12759.0,261084.0,4.89,8.38,7,10,16
2009,South Korea,Age 14 & Below,Male,11211.0,261084.0,4.29,8.88,8,10,16
2009,South Korea,Age 55 - 64,Female,10985.0,261084.0,4.21,5.81,1,9,16
2009,South Korea,Age 20 - 24,Female,10500.0,261084.0,4.02,10.94,8,13,16
2009,South Korea,Age 14 & Below,Female,10064.0,261084.0,3.85,9.94,7,11,16
2009,South Korea,Age 65 & Above,Male,5473.0,261084.0,2.1,12.75,12,15,16
2009,South Korea,Age 65 & Above,Female,4849.0,261084.0,1.86,11.88,11,13,16
2009,South Korea,Age 20 - 24,Male,4662.0,261084.0,1.79,14.88,14,16,16
2009,South Korea,Age 15 - 19,Female,4480.0,261084.0,1.72,14.38,13,15,16
2009,South Korea,Age 15 - 19,Male,4099.0,261084.0,1.57,15.63,14,16,16
2010,South Korea,Age 35 - 44,Male,49044.0,347476.0,14.11,2.25,1,3,16
2010,South Korea,Age 25 - 34,Female,46573.0,347476.0,13.4,2.0,1,5,16
2010,South Korea,Age 45 - 54,Male,37288.0,347476.0,10.73,4.31,2,6,16
2010,South Korea,Age 25 - 34,Male,36253.0,347476.0,10.43,5.88,3,9,16
2010,South Korea,Age 35 - 44,Female,31105.0,347476.0,8.95,4.13,1,6,16
2010,South Korea,Age 45 - 54,Female,29612.0,347476.0,8.52,4.0,1,6,16
2010,South Korea,Age 55 - 64,Female,21456.0,347476.0,6.17,5.81,1,9,16
2010,South Korea,Age 55 - 64,Male,21055.0,347476.0,6.06,8.38,7,10,16
2010,South Korea,Age 14 & Below,Male,14829.0,347476.0,4.27,8.88,8,10,16
2010,South Korea,Age 14 & Below,Female,14120.0,347476.0,4.06,9.94,7,11,16
2010,South Korea,Age 20 - 24,Female,11692.0,347476.0,3.36,10.94,8,13,16
2010,South Korea,Age 65 & Above,Female,8081.0,347476.0,2.33,11.88,11,13,16
2010,South Korea,Age 65 & Above,Male,7736.0,347476.0,2.23,12.75,12,15,16
2010,South Korea,Age 15 - 19,Female,7171.0,347476.0,2.06,14.38,13,15,16
2010,South Korea,Age 15 - 19,Male,5825.0,347476.0,1.68,15.63,14,16,16
2010,South Korea,Age 20 - 24,Male,5636.0,347476.0,1.62,14.88,14,16,16
2011,South Korea,Age 25 - 34,Female,55878.0,395829.0,14.12,2.0,1,5,16
2011,South Korea,Age 35 - 44,Male,55318.0,395829.0,13.98,2.25,1,3,16
2011,South Korea,Age 45 - 54,Male,40789.0,395829.0,10.3,4.31,2,6,16
2011,South Korea,Age 25 - 34,Male,40593.0,395829.0,10.26,5.88,3,9,16
2011,South Korea,Age 35 - 44,Female,36025.0,395829.0,9.1,4.13,1,6,16
2011,South Korea,Age 45 - 54,Female,31932.0,395829.0,8.07,4.0,1,6,16
2011,South Korea,Age 55 - 64,Female,24009.0,395829.0,6.07,5.81,1,9,16
2011,South Korea,Age 55 - 64,Male,22106.0,395829.0,5.58,8.38,7,10,16
2011,South Korea,Age 14 & Below,Male,17665.0,395829.0,4.46,8.88,8,10,16
2011,South Korea,Age 14 & Below,Female,16771.0,395829.0,4.24,9.94,7,11,16
2011,South Korea,Age 20 - 24,Female,14938.0,395829.0,3.77,10.94,8,13,16
2011,South Korea,Age 65 & Above,Female,8956.0,395829.0,2.26,11.88,11,13,16
2011,South Korea,Age 65 & Above,Male,8923.0,395829.0,2.25,12.75,12,15,16
2011,South Korea,Age 15 - 19,Female,8261.0,395829.0,2.09,14.38,13,15,16
2011,South Korea,Age 15 - 19,Male,7088.0,395829.0,1.79,15.63,14,16,16
2011,South Korea,Age 20 - 24,Male,6577.0,395829.0,1.66,14.88,14,16,16
2012,South Korea,Age 25 - 34,Female,60568.0,421696.0,14.36,2.0,1,5,16
2012,South Korea,Age 35 - 44,Male,56118.0,421696.0,13.31,2.25,1,3,16
2012,South Korea,Age 25 - 34,Male,43808.0,421696.0,10.39,5.88,3,9,16
2012,South Korea,Age 45 - 54,Male,41701.0,421696.0,9.89,4.31,2,6,16
2012,South Korea,Age 35 - 44,Female,38597.0,421696.0,9.15,4.13,1,6,16
2012,South Korea,Age 45 - 54,Female,34979.0,421696.0,8.29,4.0,1,6,16
2012,South Korea,Age 55 - 64,Female,26570.0,421696.0,6.3,5.81,1,9,16
2012,South Korea,Age 55 - 64,Male,23854.0,421696.0,5.66,8.38,7,10,16
2012,South Korea,Age 14 & Below,Male,18332.0,421696.0,4.35,8.88,8,10,16
2012,South Korea,Age 14 & Below,Female,17499.0,421696.0,4.15,9.94,7,11,16
2012,South Korea,Age 20 - 24,Female,16999.0,421696.0,4.03,10.94,8,13,16
2012,South Korea,Age 65 & Above,Female,9654.0,421696.0,2.29,11.88,11,13,16
2012,South Korea,Age 65 & Above,Male,9116.0,421696.0,2.16,12.75,12,15,16
2012,South Korea,Age 15 - 19,Male,8156.0,421696.0,1.93,15.63,14,16,16
2012,South Korea,Age 15 - 19,Female,8061.0,421696.0,1.91,14.38,13,15,16
2012,South Korea,Age 20 - 24,Male,7684.0,421696.0,1.82,14.88,14,16,16
2013,South Korea,Age 25 - 34,Female,62152.0,471730.0,13.18,2.0,1,5,16
2013,South Korea,Age 35 - 44,Male,56759.0,471730.0,12.03,2.25,1,3,16
2013,South Korea,Age 45 - 54,Male,46102.0,471730.0,9.77,4.31,2,6,16
2013,South Korea,Age 45 - 54,Female,45659.0,471730.0,9.68,4.0,1,6,16
2013,South Korea,Age 25 - 34,Male,45617.0,471730.0,9.67,5.88,3,9,16
2013,South Korea,Age 35 - 44,Female,41745.0,471730.0,8.85,4.13,1,6,16
2013,South Korea,Age 55 - 64,Female,35165.0,471730.0,7.45,5.81,1,9,16
2013,South Korea,Age 55 - 64,Male,29309.0,471730.0,6.21,8.38,7,10,16
2013,South Korea,Age 14 & Below,Male,20984.0,471730.0,4.45,8.88,8,10,16
2013,South Korea,Age 14 & Below,Female,19753.0,471730.0,4.19,9.94,7,11,16
2013,South Korea,Age 20 - 24,Female,19745.0,471730.0,4.19,10.94,8,13,16
2013,South Korea,Age 65 & Above,Male,11506.0,471730.0,2.44,12.75,12,15,16
2013,South Korea,Age 65 & Above,Female,11495.0,471730.0,2.44,11.88,11,13,16
2013,South Korea,Age 15 - 19,Female,9150.0,471730.0,1.94,14.38,13,15,16
2013,South Korea,Age 20 - 24,Male,8779.0,471730.0,1.86,14.88,14,16,16
2013,South Korea,Age 15 - 19,Male,7810.0,471730.0,1.66,15.63,14,16,16
2014,South Korea,Age 25 - 34,Female,72682.0,536975.0,13.54,2.0,1,5,16
2014,South Korea,Age 35 - 44,Male,59296.0,536975.0,11.04,2.25,1,3,16
2014,South Korea,Age 45 - 54,Female,53369.0,536975.0,9.94,4.0,1,6,16
2014,South Korea,Age 35 - 44,Female,50071.0,536975.0,9.32,4.13,1,6,16
2014,South Korea,Age 25 - 34,Male,48850.0,536975.0,9.1,5.88,3,9,16
2014,South Korea,Age 45 - 54,Male,48083.0,536975.0,8.95,4.31,2,6,16
2014,South Korea,Age 55 - 64,Female,41422.0,536975.0,7.71,5.81,1,9,16
2014,South Korea,Age 55 - 64,Male,31855.0,536975.0,5.93,8.38,7,10,16
2014,South Korea,Age 20 - 24,Female,28315.0,536975.0,5.27,10.94,8,13,16
2014,South Korea,Age 14 & Below,Male,25298.0,536975.0,4.71,8.88,8,10,16
2014,South Korea,Age 14 & Below,Female,22866.0,536975.0,4.26,9.94,7,11,16
2014,South Korea,Age 65 & Above,Female,13396.0,536975.0,2.49,11.88,11,13,16
2014,South Korea,Age 65 & Above,Male,11837.0,536975.0,2.2,12.75,12,15,16
2014,South Korea,Age 20 - 24,Male,11183.0,536975.0,2.08,14.88,14,16,16
2014,South Korea,Age 15 - 19,Female,10142.0,536975.0,1.89,14.38,13,15,16
2014,South Korea,Age 15 - 19,Male,8310.0,536975.0,1.55,15.63,14,16,16
2015,South Korea,Age 25 - 34,Female,70085.0,577081.0,12.14,2.0,1,5,16
2015,South Korea,Age 35 - 44,Male,61158.0,577081.0,10.6,2.25,1,3,16
2015,South Korea,Age 45 - 54,Female,58562.0,577081.0,10.15,4.0,1,6,16
2015,South Korea,Age 35 - 44,Female,52896.0,577081.0,9.17,4.13,1,6,16
2015,South Korea,Age 45 - 54,Male,50719.0,577081.0,8.79,4.31,2,6,16
2015,South Korea,Age 25 - 34,Male,48058.0,577081.0,8.33,5.88,3,9,16
2015,South Korea,Age 55 - 64,Female,47224.0,577081.0,8.18,5.81,1,9,16
2015,South Korea,Age 20 - 24,Female,33870.0,577081.0,5.87,10.94,8,13,16
2015,South Korea,Age 55 - 64,Male,33752.0,577081.0,5.85,8.38,7,10,16
2015,South Korea,Age 14 & Below,Male,29127.0,577081.0,5.05,8.88,8,10,16
2015,South Korea,Age 14 & Below,Female,26840.0,577081.0,4.65,9.94,7,11,16
2015,South Korea,Age 65 & Above,Female,15436.0,577081.0,2.67,11.88,11,13,16
2015,South Korea,Age 65 & Above,Male,13263.0,577081.0,2.3,12.75,12,15,16
2015,South Korea,Age 20 - 24,Male,13002.0,577081.0,2.25,14.88,14,16,16
2015,South Korea,Age 15 - 19,Female,12699.0,577081.0,2.2,14.38,13,15,16
2015,South Korea,Age 15 - 19,Male,10390.0,577081.0,1.8,15.63,14,16,16
2016,South Korea,Age 25 - 34,Female,64680.0,566507.0,11.42,2.0,1,5,16
2016,South Korea,Age 35 - 44,Male,59916.0,566507.0,10.58,2.25,1,3,16
2016,South Korea,Age 45 - 54,Female,58178.0,566507.0,10.27,4.0,1,6,16
2016,South Korea,Age 35 - 44,Female,53212.0,566507.0,9.39,4.13,1,6,16
2016,South Korea,Age 45 - 54,Male,51757.0,566507.0,9.14,4.31,2,6,16
2016,South Korea,Age 55 - 64,Female,46345.0,566507.0,8.18,5.81,1,9,16
2016,South Korea,Age 25 - 34,Male,44337.0,566507.0,7.83,5.88,3,9,16
2016,South Korea,Age 20 - 24,Female,34196.0,566507.0,6.04,10.94,8,13,16
2016,South Korea,Age 55 - 64,Male,33683.0,566507.0,5.95,8.38,7,10,16
2016,South Korea,Age 14 & Below,Male,28481.0,566507.0,5.03,8.88,8,10,16
2016,South Korea,Age 14 & Below,Female,26367.0,566507.0,4.65,9.94,7,11,16
2016,South Korea,Age 65 & Above,Female,14850.0,566507.0,2.62,11.88,11,13,16
2016,South Korea,Age 15 - 19,Female,13638.0,566507.0,2.41,14.38,13,15,16
2016,South Korea,Age 20 - 24,Male,13413.0,566507.0,2.37,14.88,14,16,16
2016,South Korea,Age 65 & Above,Male,12604.0,566507.0,2.22,12.75,12,15,16
2016,South Korea,Age 15 - 19,Male,10850.0,566507.0,1.92,15.63,14,16,16
2017,South Korea,Age 45 - 54,Female,67449.0,631363.0,10.68,4.0,1,6,16
2017,South Korea,Age 55 - 64,Female,65942.0,631363.0,10.44,5.81,1,9,16
2017,South Korea,Age 35 - 44,Male,63347.0,631363.0,10.03,2.25,1,3,16
2017,South Korea,Age 25 - 34,Female,63152.0,631363.0,10.0,2.0,1,5,16
2017,South Korea,Age 35 - 44,Female,56972.0,631363.0,9.02,4.13,1,6,16
2017,South Korea,Age 45 - 54,Male,56600.0,631363.0,8.96,4.31,2,6,16
2017,South Korea,Age 25 - 34,Male,44511.0,631363.0,7.05,5.88,3,9,16
2017,South Korea,Age 55 - 64,Male,42682.0,631363.0,6.76,8.38,7,10,16
2017,South Korea,Age 14 & Below,Male,33085.0,631363.0,5.24,8.88,8,10,16
2017,South Korea,Age 14 & Below,Female,30796.0,631363.0,4.88,9.94,7,11,16
2017,South Korea,Age 20 - 24,Female,30643.0,631363.0,4.85,10.94,8,13,16
2017,South Korea,Age 65 & Above,Female,21979.0,631363.0,3.48,11.88,11,13,16
2017,South Korea,Age 65 & Above,Male,17635.0,631363.0,2.79,12.75,12,15,16
2017,South Korea,Age 20 - 24,Male,12901.0,631363.0,2.04,14.88,14,16,16
2017,South Korea,Age 15 - 19,Female,12681.0,631363.0,2.01,14.38,13,15,16
2017,South Korea,Age 15 - 19,Male,10988.0,631363.0,1.74,15.63,14,16,16
2018,South Korea,Age 45 - 54,Female,67501.0,629454.0,10.72,4.0,1,6,16
2018,South Korea,Age 55 - 64,Female,67415.0,629454.0,10.71,5.81,1,9,16
2018,South Korea,Age 35 - 44,Male,62015.0,629454.0,9.85,2.25,1,3,16
2018,South Korea,Age 25 - 34,Female,60418.0,629454.0,9.6,2.0,1,5,16
2018,South Korea,Age 35 - 44,Female,57836.0,629454.0,9.19,4.13,1,6,16
2018,South Korea,Age 45 - 54,Male,56785.0,629454.0,9.02,4.31,2,6,16
2018,South Korea,Age 55 - 64,Male,43173.0,629454.0,6.86,8.38,7,10,16
2018,South Korea,Age 25 - 34,Male,42853.0,629454.0,6.81,5.88,3,9,16
2018,South Korea,Age 14 & Below,Male,33937.0,629454.0,5.39,8.88,8,10,16
2018,South Korea,Age 14 & Below,Female,31354.0,629454.0,4.98,9.94,7,11,16
2018,South Korea,Age 20 - 24,Female,26527.0,629454.0,4.21,10.94,8,13,16
2018,South Korea,Age 65 & Above,Female,24778.0,629454.0,3.94,11.88,11,13,16
2018,South Korea,Age 65 & Above,Male,20147.0,629454.0,3.2,12.75,12,15,16
2018,South Korea,Age 20 - 24,Male,12530.0,629454.0,1.99,14.88,14,16,16
2018,South Korea,Age 15 - 19,Female,12079.0,629454.0,1.92,14.38,13,15,16
2018,South Korea,Age 15 - 19,Male,10106.0,629454.0,1.61,15.63,14,16,16
2019,South Korea,Age 55 - 64,Female,72819.0,645848.0,11.27,5.81,1,9,16
2019,South Korea,Age 45 - 54,Female,68415.0,645848.0,10.59,4.0,1,6,16
2019,South Korea,Age 35 - 44,Male,61256.0,645848.0,9.48,2.25,1,3,16
2019,South Korea,Age 25 - 34,Female,59677.0,645848.0,9.24,2.0,1,5,16
2019,South Korea,Age 35 - 44,Female,59533.0,645848.0,9.22,4.13,1,6,16
2019,South Korea,Age 45 - 54,Male,58105.0,645848.0,9.0,4.31,2,6,16
2019,South Korea,Age 55 - 64,Male,43726.0,645848.0,6.77,8.38,7,10,16
2019,South Korea,Age 25 - 34,Male,41882.0,645848.0,6.48,5.88,3,9,16
2019,South Korea,Age 14 & Below,Male,36635.0,645848.0,5.67,8.88,8,10,16
2019,South Korea,Age 14 & Below,Female,34043.0,645848.0,5.27,9.94,7,11,16
2019,South Korea,Age 65 & Above,Female,28819.0,645848.0,4.46,11.88,11,13,16
2019,South Korea,Age 20 - 24,Female,24062.0,645848.0,3.73,10.94,8,13,16
2019,South Korea,Age 65 & Above,Male,22240.0,645848.0,3.44,12.75,12,15,16
2019,South Korea,Age 15 - 19,Female,12588.0,645848.0,1.95,14.38,13,15,16
2019,South Korea,Age 20 - 24,Male,11886.0,645848.0,1.84,14.88,14,16,16
2019,South Korea,Age 15 - 19,Male,10162.0,645848.0,1.57,15.63,14,16,16
2023,South Korea,Age 25 - 34,Female,66827.0,570656.0,11.71,2.0,1,5,16
2023,South Korea,Age 35 - 44,Male,58351.0,570656.0,10.23,2.25,1,3,16
2023,South Korea,Age 35 - 44,Female,58308.0,570656.0,10.22,4.13,1,6,16
2023,South Korea,Age 45 - 54,Male,50250.0,570656.0,8.81,4.31,2,6,16
2023,South Korea,Age 45 - 54,Female,49197.0,570656.0,8.62,4.0,1,6,16
2023,South Korea,Age 55 - 64,Female,46334.0,570656.0,8.12,5.81,1,9,16
2023,South Korea,Age 25 - 34,Male,44021.0,570656.0,7.71,5.88,3,9,16
2023,South Korea,Age 14 & Below,Male,33879.0,570656.0,5.94,8.88,8,10,16
2023,South Korea,Age 55 - 64,Male,33225.0,570656.0,5.82,8.38,7,10,16
2023,South Korea,Age 14 & Below,Female,31571.0,570656.0,5.53,9.94,7,11,16
2023,South Korea,Age 65 & Above,Female,24167.0,570656.0,4.23,11.88,11,13,16
2023,South Korea,Age 20 - 24,Female,22798.0,570656.0,4.0,10.94,8,13,16
2023,South Korea,Age 65 & Above,Male,19973.0,570656.0,3.5,12.75,12,15,16
2023,South Korea,Age 20 - 24,Male,12060.0,570656.0,2.11,14.88,14,16,16
2023,South Korea,Age 15 - 19,Female,10423.0,570656.0,1.83,14.38,13,15,16
2023,South Korea,Age 15 - 19,Male,9272.0,570656.0,1.62,15.63,14,16,16
2024,South Korea,Age 25 - 34,Female,61261.0,594736.0,10.3,2.0,1,5,16
2024,South Korea,Age 35 - 44,Female,60673.0,594736.0,10.2,4.13,1,6,16
2024,South Korea,Age 35 - 44,Male,57088.0,594736.0,9.6,2.25,1,3,16
2024,South Korea,Age 45 - 54,Female,54523.0,594736.0,9.17,4.0,1,6,16
2024,South Korea,Age 45 - 54,Male,53814.0,594736.0,9.05,4.31,2,6,16
2024,South Korea,Age 55 - 64,Female,52776.0,594736.0,8.87,5.81,1,9,16
2024,South Korea,Age 25 - 34,Male,40244.0,594736.0,6.77,5.88,3,9,16
2024,South Korea,Age 14 & Below,Male,37808.0,594736.0,6.36,8.88,8,10,16
2024,South Korea,Age 14 & Below,Female,36211.0,594736.0,6.09,9.94,7,11,16
2024,South Korea,Age 55 - 64,Male,35467.0,594736.0,5.96,8.38,7,10,16
2024,South Korea,Age 65 & Above,Female,28801.0,594736.0,4.84,11.88,11,13,16
2024,South Korea,Age 65 & Above,Male,22847.0,594736.0,3.84,12.75,12,15,16
2024,South Korea,Age 20 - 24,Female,20271.0,594736.0,3.41,10.94,8,13,16
2024,South Korea,Age 15 - 19,Female,11248.0,594736.0,1.89,14.38,13,15,16
2024,South Korea,Age 20 - 24,Male,11176.0,594736.0,1.88,14.88,14,16,16
2024,South Korea,Age 15 - 19,Male,10528.0,594736.0,1.77,15.63,14,16,16
2025,South Korea,Age 35 - 44,Female,61115.0,586981.0,10.41,4.13,1,6,16
2025,South Korea,Age 25 - 34,Female,58715.0,586981.0,10.0,2.0,1,5,16
2025,South Korea,Age 35 - 44,Male,56587.0,586981.0,9.64,2.25,1,3,16
2025,South Korea,Age 45 - 54,Male,54631.0,586981.0,9.31,4.31,2,6,16
2025,South Korea,Age 45 - 54,Female,53039.0,586981.0,9.04,4.0,1,6,16
2025,South Korea,Age 55 - 64,Female,48896.0,586981.0,8.33,5.81,1,9,16
2025,South Korea,Age 25 - 34,Male,40010.0,586981.0,6.82,5.88,3,9,16
2025,South Korea,Age 14 & Below,Male,38636.0,586981.0,6.58,8.88,8,10,16
2025,South Korea,Age 14 & Below,Female,36840.0,586981.0,6.28,9.94,7,11,16
2025,South Korea,Age 55 - 64,Male,34611.0,586981.0,5.9,8.38,7,10,16
2025,South Korea,Age 65 & Above,Female,29646.0,586981.0,5.05,11.88,11,13,16
2025,South Korea,Age 65 & Above,Male,22847.0,586981.0,3.89,12.75,12,15,16
2025,South Korea,Age 20 - 24,Female,19278.0,586981.0,3.28,10.94,8,13,16
2025,South Korea,Age 15 - 19,Female,11364.0,586981.0,1.94,14.38,13,15,16
2025,South Korea,Age 20 - 24,Male,10832.0,586981.0,1.85,14.88,14,16,16
2025,South Korea,Age 15 - 19,Male,9934.0,586981.0,1.69,15.63,14,16,16
2026,South Korea,Age 35 - 44,Female,31888.0,312022.0,10.22,4.13,1,6,16
2026,South Korea,Age 45 - 54,Male,30173.0,312022.0,9.67,4.31,2,6,16
2026,South Korea,Age 35 - 44,Male,29283.0,312022.0,9.38,2.25,1,3,16
2026,South Korea,Age 45 - 54,Female,28108.0,312022.0,9.01,4.0,1,6,16
2026,South Korea,Age 25 - 34,Female,26547.0,312022.0,8.51,2.0,1,5,16
2026,South Korea,Age 55 - 64,Female,25629.0,312022.0,8.21,5.81,1,9,16
2026,South Korea,Age 14 & Below,Female,22276.0,312022.0,7.14,9.94,7,11,16
2026,South Korea,Age 14 & Below,Male,22124.0,312022.0,7.09,8.88,8,10,16
2026,South Korea,Age 25 - 34,Male,19576.0,312022.0,6.27,5.88,3,9,16
2026,South Korea,Age 55 - 64,Male,18372.0,312022.0,5.89,8.38,7,10,16
2026,South Korea,Age 65 & Above,Female,17922.0,312022.0,5.74,11.88,11,13,16
2026,South Korea,Age 65 & Above,Male,13398.0,312022.0,4.29,12.75,12,15,16
2026,South Korea,Age 20 - 24,Female,8861.0,312022.0,2.84,10.94,8,13,16
2026,South Korea,Age 15 - 19,Female,6740.0,312022.0,2.16,14.38,13,15,16
2026,South Korea,Age 15 - 19,Male,5802.0,312022.0,1.86,15.63,14,16,16
2026,South Korea,Age 20 - 24,Male,5323.0,312022.0,1.71,14.88,14,16,16
2008,UK,Age 45 - 54,Male,51514.0,470533.0,10.95,2.44,1,7,16
2008,UK,Age 35 - 44,Male,51085.0,470533.0,10.86,4.5,2,8,16
2008,UK,Age 55 - 64,Male,50650.0,470533.0,10.76,2.63,1,4,16
2008,UK,Age 25 - 34,Male,44663.0,470533.0,9.49,3.31,1,5,16
2008,UK,Age 55 - 64,Female,42508.0,470533.0,9.03,6.25,3,8,16
2008,UK,Age 25 - 34,Female,37823.0,470533.0,8.04,5.44,2,7,16
2008,UK,Age 65 & Above,Male,37073.0,470533.0,7.88,4.44,1,7,16
2008,UK,Age 65 & Above,Female,31047.0,470533.0,6.6,7.0,3,8,16
2008,UK,Age 45 - 54,Female,28498.0,470533.0,6.06,9.0,9,9,16
2008,UK,Age 35 - 44,Female,25736.0,470533.0,5.47,10.0,10,10,16
2008,UK,Age 20 - 24,Female,15537.0,470533.0,3.3,11.0,11,11,16
2008,UK,Age 20 - 24,Male,14440.0,470533.0,3.07,12.5,12,14,16
2008,UK,Age 14 & Below,Male,13567.0,470533.0,2.88,12.63,12,13,16
2008,UK,Age 14 & Below,Female,13309.0,470533.0,2.83,13.88,13,14,16
2008,UK,Age 15 - 19,Male,6608.0,470533.0,1.4,15.5,15,16,16
2008,UK,Age 15 - 19,Female,6475.0,470533.0,1.38,15.5,15,16,16
2009,UK,Age 45 - 54,Male,47894.0,448234.0,10.69,2.44,1,7,16
2009,UK,Age 35 - 44,Male,47575.0,448234.0,10.61,4.5,2,8,16
2009,UK,Age 55 - 64,Male,47027.0,448234.0,10.49,2.63,1,4,16
2009,UK,Age 25 - 34,Male,44013.0,448234.0,9.82,3.31,1,5,16
2009,UK,Age 55 - 64,Female,40005.0,448234.0,8.93,6.25,3,8,16
2009,UK,Age 25 - 34,Female,37402.0,448234.0,8.34,5.44,2,7,16
2009,UK,Age 65 & Above,Male,36429.0,448234.0,8.13,4.44,1,7,16
2009,UK,Age 65 & Above,Female,30573.0,448234.0,6.82,7.0,3,8,16
2009,UK,Age 45 - 54,Female,26192.0,448234.0,5.84,9.0,9,9,16
2009,UK,Age 35 - 44,Female,24113.0,448234.0,5.38,10.0,10,10,16
2009,UK,Age 20 - 24,Female,14934.0,448234.0,3.33,11.0,11,11,16
2009,UK,Age 20 - 24,Male,14413.0,448234.0,3.22,12.5,12,14,16
2009,UK,Age 14 & Below,Male,12836.0,448234.0,2.86,12.63,12,13,16
2009,UK,Age 14 & Below,Female,12288.0,448234.0,2.74,13.88,13,14,16
2009,UK,Age 15 - 19,Male,6309.0,448234.0,1.41,15.5,15,16,16
2009,UK,Age 15 - 19,Female,6231.0,448234.0,1.39,15.5,15,16,16
2010,UK,Age 45 - 54,Male,50219.0,445370.0,11.28,2.44,1,7,16
2010,UK,Age 35 - 44,Male,49122.0,445370.0,11.03,4.5,2,8,16
2010,UK,Age 55 - 64,Male,45765.0,445370.0,10.28,2.63,1,4,16
2010,UK,Age 25 - 34,Male,43769.0,445370.0,9.83,3.31,1,5,16
2010,UK,Age 55 - 64,Female,38037.0,445370.0,8.54,6.25,3,8,16
2010,UK,Age 25 - 34,Female,37066.0,445370.0,8.32,5.44,2,7,16
2010,UK,Age 65 & Above,Male,36091.0,445370.0,8.1,4.44,1,7,16
2010,UK,Age 65 & Above,Female,30074.0,445370.0,6.75,7.0,3,8,16
2010,UK,Age 45 - 54,Female,26451.0,445370.0,5.94,9.0,9,9,16
2010,UK,Age 35 - 44,Female,24409.0,445370.0,5.48,10.0,10,10,16
2010,UK,Age 20 - 24,Female,14164.0,445370.0,3.18,11.0,11,11,16
2010,UK,Age 20 - 24,Male,13199.0,445370.0,2.96,12.5,12,14,16
2010,UK,Age 14 & Below,Male,12672.0,445370.0,2.85,12.63,12,13,16
2010,UK,Age 14 & Below,Female,12585.0,445370.0,2.83,13.88,13,14,16
2010,UK,Age 15 - 19,Male,5935.0,445370.0,1.33,15.5,15,16,16
2010,UK,Age 15 - 19,Female,5812.0,445370.0,1.3,15.5,15,16,16
2011,UK,Age 45 - 54,Male,50323.0,429262.0,11.72,2.44,1,7,16
2011,UK,Age 35 - 44,Male,48337.0,429262.0,11.26,4.5,2,8,16
2011,UK,Age 25 - 34,Male,43610.0,429262.0,10.16,3.31,1,5,16
2011,UK,Age 55 - 64,Male,43630.0,429262.0,10.16,2.63,1,4,16
2011,UK,Age 25 - 34,Female,36662.0,429262.0,8.54,5.44,2,7,16
2011,UK,Age 65 & Above,Male,34572.0,429262.0,8.05,4.44,1,7,16
2011,UK,Age 55 - 64,Female,33963.0,429262.0,7.91,6.25,3,8,16
2011,UK,Age 65 & Above,Female,28391.0,429262.0,6.61,7.0,3,8,16
2011,UK,Age 45 - 54,Female,24836.0,429262.0,5.79,9.0,9,9,16
2011,UK,Age 35 - 44,Female,24008.0,429262.0,5.59,10.0,10,10,16
2011,UK,Age 20 - 24,Female,13291.0,429262.0,3.1,11.0,11,11,16
2011,UK,Age 20 - 24,Male,12595.0,429262.0,2.93,12.5,12,14,16
2011,UK,Age 14 & Below,Male,12193.0,429262.0,2.84,12.63,12,13,16
2011,UK,Age 14 & Below,Female,11997.0,429262.0,2.79,13.88,13,14,16
2011,UK,Age 15 - 19,Male,5460.0,429262.0,1.27,15.5,15,16,16
2011,UK,Age 15 - 19,Female,5394.0,429262.0,1.26,15.5,15,16,16
2012,UK,Age 45 - 54,Male,51558.0,438077.0,11.77,2.44,1,7,16
2012,UK,Age 35 - 44,Male,47913.0,438077.0,10.94,4.5,2,8,16
2012,UK,Age 25 - 34,Male,45468.0,438077.0,10.38,3.31,1,5,16
2012,UK,Age 55 - 64,Male,44456.0,438077.0,10.15,2.63,1,4,16
2012,UK,Age 25 - 34,Female,38285.0,438077.0,8.74,5.44,2,7,16
2012,UK,Age 65 & Above,Male,38159.0,438077.0,8.71,4.44,1,7,16
2012,UK,Age 55 - 64,Female,33206.0,438077.0,7.58,6.25,3,8,16
2012,UK,Age 65 & Above,Female,30490.0,438077.0,6.96,7.0,3,8,16
2012,UK,Age 45 - 54,Female,24900.0,438077.0,5.68,9.0,9,9,16
2012,UK,Age 35 - 44,Female,24075.0,438077.0,5.5,10.0,10,10,16
2012,UK,Age 20 - 24,Female,13157.0,438077.0,3.0,11.0,11,11,16
2012,UK,Age 20 - 24,Male,12719.0,438077.0,2.9,12.5,12,14,16
2012,UK,Age 14 & Below,Male,12319.0,438077.0,2.81,12.63,12,13,16
2012,UK,Age 14 & Below,Female,11818.0,438077.0,2.7,13.88,13,14,16
2012,UK,Age 15 - 19,Female,4766.0,438077.0,1.09,15.5,15,16,16
2012,UK,Age 15 - 19,Male,4788.0,438077.0,1.09,15.5,15,16,16
2013,UK,Age 45 - 54,Male,54399.0,461544.0,11.79,2.44,1,7,16
2013,UK,Age 35 - 44,Male,49353.0,461544.0,10.69,4.5,2,8,16
2013,UK,Age 25 - 34,Male,47690.0,461544.0,10.33,3.31,1,5,16
2013,UK,Age 55 - 64,Male,46093.0,461544.0,9.99,2.63,1,4,16
2013,UK,Age 65 & Above,Male,39938.0,461544.0,8.65,4.44,1,7,16
2013,UK,Age 25 - 34,Female,39227.0,461544.0,8.5,5.44,2,7,16
2013,UK,Age 55 - 64,Female,34507.0,461544.0,7.48,6.25,3,8,16
2013,UK,Age 65 & Above,Female,32018.0,461544.0,6.94,7.0,3,8,16
2013,UK,Age 45 - 54,Female,27021.0,461544.0,5.85,9.0,9,9,16
2013,UK,Age 35 - 44,Female,25483.0,461544.0,5.52,10.0,10,10,16
2013,UK,Age 20 - 24,Female,14861.0,461544.0,3.22,11.0,11,11,16
2013,UK,Age 20 - 24,Male,13888.0,461544.0,3.01,12.5,12,14,16
2013,UK,Age 14 & Below,Male,13292.0,461544.0,2.88,12.63,12,13,16
2013,UK,Age 14 & Below,Female,12427.0,461544.0,2.69,13.88,13,14,16
2013,UK,Age 15 - 19,Male,5801.0,461544.0,1.26,15.5,15,16,16
2013,UK,Age 15 - 19,Female,5546.0,461544.0,1.2,15.5,15,16,16
2014,UK,Age 45 - 54,Male,53002.0,452067.0,11.72,2.44,1,7,16
2014,UK,Age 35 - 44,Male,47119.0,452067.0,10.42,4.5,2,8,16
2014,UK,Age 25 - 34,Male,45491.0,452067.0,10.06,3.31,1,5,16
2014,UK,Age 55 - 64,Male,44905.0,452067.0,9.93,2.63,1,4,16
2014,UK,Age 65 & Above,Male,40829.0,452067.0,9.03,4.44,1,7,16
2014,UK,Age 25 - 34,Female,38314.0,452067.0,8.48,5.44,2,7,16
2014,UK,Age 65 & Above,Female,33853.0,452067.0,7.49,7.0,3,8,16
2014,UK,Age 55 - 64,Female,33179.0,452067.0,7.34,6.25,3,8,16
2014,UK,Age 45 - 54,Female,26484.0,452067.0,5.86,9.0,9,9,16
2014,UK,Age 35 - 44,Female,24630.0,452067.0,5.45,10.0,10,10,16
2014,UK,Age 20 - 24,Female,14975.0,452067.0,3.31,11.0,11,11,16
2014,UK,Age 20 - 24,Male,13298.0,452067.0,2.94,12.5,12,14,16
2014,UK,Age 14 & Below,Male,12832.0,452067.0,2.84,12.63,12,13,16
2014,UK,Age 14 & Below,Female,12085.0,452067.0,2.67,13.88,13,14,16
2014,UK,Age 15 - 19,Female,5696.0,452067.0,1.26,15.5,15,16,16
2014,UK,Age 15 - 19,Male,5375.0,452067.0,1.19,15.5,15,16,16
2015,UK,Age 45 - 54,Male,53203.0,473961.0,11.23,2.44,1,7,16
2015,UK,Age 55 - 64,Male,47472.0,473961.0,10.02,2.63,1,4,16
2015,UK,Age 25 - 34,Male,46853.0,473961.0,9.89,3.31,1,5,16
2015,UK,Age 35 - 44,Male,46692.0,473961.0,9.85,4.5,2,8,16
2015,UK,Age 65 & Above,Male,45010.0,473961.0,9.5,4.44,1,7,16
2015,UK,Age 25 - 34,Female,39588.0,473961.0,8.35,5.44,2,7,16
2015,UK,Age 65 & Above,Female,38110.0,473961.0,8.04,7.0,3,8,16
2015,UK,Age 55 - 64,Female,36457.0,473961.0,7.69,6.25,3,8,16
2015,UK,Age 45 - 54,Female,28725.0,473961.0,6.06,9.0,9,9,16
2015,UK,Age 35 - 44,Female,25737.0,473961.0,5.43,10.0,10,10,16
2015,UK,Age 20 - 24,Female,15540.0,473961.0,3.28,11.0,11,11,16
2015,UK,Age 20 - 24,Male,13534.0,473961.0,2.86,12.5,12,14,16
2015,UK,Age 14 & Below,Male,13413.0,473961.0,2.83,12.63,12,13,16
2015,UK,Age 14 & Below,Female,12434.0,473961.0,2.62,13.88,13,14,16
2015,UK,Age 15 - 19,Female,5635.0,473961.0,1.19,15.5,15,16,16
2015,UK,Age 15 - 19,Male,5558.0,473961.0,1.17,15.5,15,16,16
2016,UK,Age 45 - 54,Male,52690.0,489347.0,10.77,2.44,1,7,16
2016,UK,Age 65 & Above,Male,48516.0,489347.0,9.91,4.44,1,7,16
2016,UK,Age 55 - 64,Male,48056.0,489347.0,9.82,2.63,1,4,16
2016,UK,Age 25 - 34,Male,46603.0,489347.0,9.52,3.31,1,5,16
2016,UK,Age 35 - 44,Male,45624.0,489347.0,9.32,4.5,2,8,16
2016,UK,Age 65 & Above,Female,41630.0,489347.0,8.51,7.0,3,8,16
2016,UK,Age 25 - 34,Female,40794.0,489347.0,8.34,5.44,2,7,16
2016,UK,Age 55 - 64,Female,38990.0,489347.0,7.97,6.25,3,8,16
2016,UK,Age 45 - 54,Female,30000.0,489347.0,6.13,9.0,9,9,16
2016,UK,Age 35 - 44,Female,26422.0,489347.0,5.4,10.0,10,10,16
2016,UK,Age 20 - 24,Female,16546.0,489347.0,3.38,11.0,11,11,16
2016,UK,Age 14 & Below,Male,14190.0,489347.0,2.9,12.63,12,13,16
2016,UK,Age 20 - 24,Male,13872.0,489347.0,2.83,12.5,12,14,16
2016,UK,Age 14 & Below,Female,13390.0,489347.0,2.74,13.88,13,14,16
2016,UK,Age 15 - 19,Female,6084.0,489347.0,1.24,15.5,15,16,16
2016,UK,Age 15 - 19,Male,5940.0,489347.0,1.21,15.5,15,16,16
2017,UK,Age 45 - 54,Male,54209.0,519039.0,10.44,2.44,1,7,16
2017,UK,Age 55 - 64,Male,51119.0,519039.0,9.85,2.63,1,4,16
2017,UK,Age 25 - 34,Male,50742.0,519039.0,9.78,3.31,1,5,16
2017,UK,Age 65 & Above,Male,50210.0,519039.0,9.67,4.44,1,7,16
2017,UK,Age 35 - 44,Male,46256.0,519039.0,8.91,4.5,2,8,16
2017,UK,Age 25 - 34,Female,45080.0,519039.0,8.69,5.44,2,7,16
2017,UK,Age 65 & Above,Female,43432.0,519039.0,8.37,7.0,3,8,16
2017,UK,Age 55 - 64,Female,41684.0,519039.0,8.03,6.25,3,8,16
2017,UK,Age 45 - 54,Female,32397.0,519039.0,6.24,9.0,9,9,16
2017,UK,Age 35 - 44,Female,27401.0,519039.0,5.28,10.0,10,10,16
2017,UK,Age 20 - 24,Female,18582.0,519039.0,3.58,11.0,11,11,16
2017,UK,Age 20 - 24,Male,15446.0,519039.0,2.98,12.5,12,14,16
2017,UK,Age 14 & Below,Male,15007.0,519039.0,2.89,12.63,12,13,16
2017,UK,Age 14 & Below,Female,14062.0,519039.0,2.71,13.88,13,14,16
2017,UK,Age 15 - 19,Female,6781.0,519039.0,1.31,15.5,15,16,16
2017,UK,Age 15 - 19,Male,6631.0,519039.0,1.28,15.5,15,16,16
2018,UK,Age 45 - 54,Male,58795.0,589009.0,9.98,2.44,1,7,16
2018,UK,Age 25 - 34,Male,57958.0,589009.0,9.84,3.31,1,5,16
2018,UK,Age 55 - 64,Male,56951.0,589009.0,9.67,2.63,1,4,16
2018,UK,Age 65 & Above,Male,55630.0,589009.0,9.44,4.44,1,7,16
2018,UK,Age 25 - 34,Female,52100.0,589009.0,8.85,5.44,2,7,16
2018,UK,Age 35 - 44,Male,50862.0,589009.0,8.64,4.5,2,8,16
2018,UK,Age 65 & Above,Female,48009.0,589009.0,8.15,7.0,3,8,16
2018,UK,Age 55 - 64,Female,47953.0,589009.0,8.14,6.25,3,8,16
2018,UK,Age 45 - 54,Female,37338.0,589009.0,6.34,9.0,9,9,16
2018,UK,Age 35 - 44,Female,31592.0,589009.0,5.36,10.0,10,10,16
2018,UK,Age 20 - 24,Female,22518.0,589009.0,3.82,11.0,11,11,16
2018,UK,Age 20 - 24,Male,18664.0,589009.0,3.17,12.5,12,14,16
2018,UK,Age 14 & Below,Male,17833.0,589009.0,3.03,12.63,12,13,16
2018,UK,Age 14 & Below,Female,17097.0,589009.0,2.9,13.88,13,14,16
2018,UK,Age 15 - 19,Female,7922.0,589009.0,1.34,15.5,15,16,16
2018,UK,Age 15 - 19,Male,7787.0,589009.0,1.32,15.5,15,16,16
2019,UK,Age 55 - 64,Male,61568.0,607821.0,10.13,2.63,1,4,16
2019,UK,Age 65 & Above,Male,60162.0,607821.0,9.9,4.44,1,7,16
2019,UK,Age 45 - 54,Male,59916.0,607821.0,9.86,2.44,1,7,16
2019,UK,Age 25 - 34,Male,56294.0,607821.0,9.26,3.31,1,5,16
2019,UK,Age 55 - 64,Female,52817.0,607821.0,8.69,6.25,3,8,16
2019,UK,Age 65 & Above,Female,52293.0,607821.0,8.6,7.0,3,8,16
2019,UK,Age 25 - 34,Female,51579.0,607821.0,8.49,5.44,2,7,16
2019,UK,Age 35 - 44,Male,50676.0,607821.0,8.34,4.5,2,8,16
2019,UK,Age 45 - 54,Female,40052.0,607821.0,6.59,9.0,9,9,16
2019,UK,Age 35 - 44,Female,32591.0,607821.0,5.36,10.0,10,10,16
2019,UK,Age 20 - 24,Female,20706.0,607821.0,3.41,11.0,11,11,16
2019,UK,Age 14 & Below,Male,18611.0,607821.0,3.06,12.63,12,13,16
2019,UK,Age 14 & Below,Female,17420.0,607821.0,2.87,13.88,13,14,16
2019,UK,Age 20 - 24,Male,16622.0,607821.0,2.73,12.5,12,14,16
2019,UK,Age 15 - 19,Female,8347.0,607821.0,1.37,15.5,15,16,16
2019,UK,Age 15 - 19,Male,8167.0,607821.0,1.34,15.5,15,16,16
2023,UK,Age 25 - 34,Male,48201.0,473603.0,10.18,3.31,1,5,16
2023,UK,Age 25 - 34,Female,47246.0,473603.0,9.98,5.44,2,7,16
2023,UK,Age 55 - 64,Male,44329.0,473603.0,9.36,2.63,1,4,16
2023,UK,Age 65 & Above,Male,43350.0,473603.0,9.15,4.44,1,7,16
2023,UK,Age 45 - 54,Male,40553.0,473603.0,8.56,2.44,1,7,16
2023,UK,Age 35 - 44,Male,38953.0,473603.0,8.22,4.5,2,8,16
2023,UK,Age 55 - 64,Female,38222.0,473603.0,8.07,6.25,3,8,16
2023,UK,Age 65 & Above,Female,37687.0,473603.0,7.96,7.0,3,8,16
2023,UK,Age 45 - 54,Female,28993.0,473603.0,6.12,9.0,9,9,16
2023,UK,Age 35 - 44,Female,27805.0,473603.0,5.87,10.0,10,10,16
2023,UK,Age 20 - 24,Female,18386.0,473603.0,3.88,11.0,11,11,16
2023,UK,Age 14 & Below,Male,15034.0,473603.0,3.17,12.63,12,13,16
2023,UK,Age 20 - 24,Male,15009.0,473603.0,3.17,12.5,12,14,16
2023,UK,Age 14 & Below,Female,14138.0,473603.0,2.99,13.88,13,14,16
2023,UK,Age 15 - 19,Male,8001.0,473603.0,1.69,15.5,15,16,16
2023,UK,Age 15 - 19,Female,7696.0,473603.0,1.62,15.5,15,16,16
2024,UK,Age 55 - 64,Male,59052.0,579497.0,10.19,2.63,1,4,16
2024,UK,Age 65 & Above,Male,56986.0,579497.0,9.83,4.44,1,7,16
2024,UK,Age 55 - 64,Female,55183.0,579497.0,9.52,6.25,3,8,16
2024,UK,Age 25 - 34,Male,54156.0,579497.0,9.35,3.31,1,5,16
2024,UK,Age 25 - 34,Female,53695.0,579497.0,9.27,5.44,2,7,16
2024,UK,Age 65 & Above,Female,50026.0,579497.0,8.63,7.0,3,8,16
2024,UK,Age 45 - 54,Male,46657.0,579497.0,8.05,2.44,1,7,16
2024,UK,Age 35 - 44,Male,44539.0,579497.0,7.69,4.5,2,8,16
2024,UK,Age 45 - 54,Female,36618.0,579497.0,6.32,9.0,9,9,16
2024,UK,Age 35 - 44,Female,33237.0,579497.0,5.74,10.0,10,10,16
2024,UK,Age 20 - 24,Female,19875.0,579497.0,3.43,11.0,11,11,16
2024,UK,Age 14 & Below,Male,17467.0,579497.0,3.01,12.63,12,13,16
2024,UK,Age 20 - 24,Male,16827.0,579497.0,2.9,12.5,12,14,16
2024,UK,Age 14 & Below,Female,16715.0,579497.0,2.88,13.88,13,14,16
2024,UK,Age 15 - 19,Male,9320.0,579497.0,1.61,15.5,15,16,16
2024,UK,Age 15 - 19,Female,9144.0,579497.0,1.58,15.5,15,16,16
2025,UK,Age 55 - 64,Male,56382.0,587332.0,9.6,2.63,1,4,16
2025,UK,Age 25 - 34,Male,55827.0,587332.0,9.51,3.31,1,5,16
2025,UK,Age 25 - 34,Female,54821.0,587332.0,9.33,5.44,2,7,16
2025,UK,Age 65 & Above,Male,54470.0,587332.0,9.27,4.44,1,7,16
2025,UK,Age 55 - 64,Female,50821.0,587332.0,8.65,6.25,3,8,16
2025,UK,Age 45 - 54,Male,47747.0,587332.0,8.13,2.44,1,7,16
2025,UK,Age 65 & Above,Female,46937.0,587332.0,7.99,7.0,3,8,16
2025,UK,Age 35 - 44,Male,46020.0,587332.0,7.84,4.5,2,8,16
2025,UK,Age 45 - 54,Female,37168.0,587332.0,6.33,9.0,9,9,16
2025,UK,Age 35 - 44,Female,34943.0,587332.0,5.95,10.0,10,10,16
2025,UK,Age 20 - 24,Female,21850.0,587332.0,3.72,11.0,11,11,16
2025,UK,Age 14 & Below,Male,20193.0,587332.0,3.44,12.63,12,13,16
2025,UK,Age 20 - 24,Male,19165.0,587332.0,3.26,12.5,12,14,16
2025,UK,Age 14 & Below,Female,18861.0,587332.0,3.21,13.88,13,14,16
2025,UK,Age 15 - 19,Female,11076.0,587332.0,1.89,15.5,15,16,16
2025,UK,Age 15 - 19,Male,11051.0,587332.0,1.88,15.5,15,16,16
2026,UK,Age 65 & Above,Male,33789.0,323670.0,10.44,4.44,1,7,16
2026,UK,Age 55 - 64,Male,30452.0,323670.0,9.41,2.63,1,4,16
2026,UK,Age 65 & Above,Female,29809.0,323670.0,9.21,7.0,3,8,16
2026,UK,Age 55 - 64,Female,29330.0,323670.0,9.06,6.25,3,8,16
2026,UK,Age 25 - 34,Female,28639.0,323670.0,8.85,5.44,2,7,16
2026,UK,Age 25 - 34,Male,28657.0,323670.0,8.85,3.31,1,5,16
2026,UK,Age 45 - 54,Male,24834.0,323670.0,7.67,2.44,1,7,16
2026,UK,Age 35 - 44,Male,24638.0,323670.0,7.61,4.5,2,8,16
2026,UK,Age 45 - 54,Female,19547.0,323670.0,6.04,9.0,9,9,16
2026,UK,Age 35 - 44,Female,19092.0,323670.0,5.9,10.0,10,10,16
2026,UK,Age 20 - 24,Female,11985.0,323670.0,3.7,11.0,11,11,16
2026,UK,Age 14 & Below,Male,10499.0,323670.0,3.24,12.63,12,13,16
2026,UK,Age 14 & Below,Female,10273.0,323670.0,3.17,13.88,13,14,16
2026,UK,Age 20 - 24,Male,10124.0,323670.0,3.13,12.5,12,14,16
2026,UK,Age 15 - 19,Female,6013.0,323670.0,1.86,15.5,15,16,16
2026,UK,Age 15 - 19,Male,5989.0,323670.0,1.85,15.5,15,16,16
2008,USA,Age 45 - 54,Male,67573.0,378999.0,17.83,1.0,1,1,16
2008,USA,Age 35 - 44,Male,60079.0,378999.0,15.85,2.31,2,5,16
2008,USA,Age 55 - 64,Male,42516.0,378999.0,11.22,2.94,2,3,16
2008,USA,Age 25 - 34,Male,35839.0,378999.0,9.46,4.31,4,7,16
2008,USA,Age 25 - 34,Female,24059.0,378999.0,6.35,5.88,5,10,16
2008,USA,Age 45 - 54,Female,23320.0,378999.0,6.15,7.38,6,9,16
2008,USA,Age 35 - 44,Female,23116.0,378999.0,6.1,7.81,6,10,16
2008,USA,Age 65 & Above,Male,20254.0,378999.0,5.34,5.69,2,8,16
2008,USA,Age 55 - 64,Female,19676.0,378999.0,5.19,9.0,7,10,16
2008,USA,Age 65 & Above,Female,13340.0,378999.0,3.52,8.69,4,10,16
2008,USA,Age 14 & Below,Male,12533.0,378999.0,3.31,11.0,11,11,16
2008,USA,Age 14 & Below,Female,11590.0,378999.0,3.06,12.0,12,12,16
2008,USA,Age 20 - 24,Male,8800.0,378999.0,2.32,13.5,13,14,16
2008,USA,Age 20 - 24,Female,7822.0,378999.0,2.06,13.5,13,14,16
2008,USA,Age 15 - 19,Female,4488.0,378999.0,1.18,15.19,15,16,16
2008,USA,Age 15 - 19,Male,3994.0,378999.0,1.05,15.81,15,16,16
2009,USA,Age 45 - 54,Male,60508.0,356300.0,16.98,1.0,1,1,16
2009,USA,Age 35 - 44,Male,52742.0,356300.0,14.8,2.31,2,5,16
2009,USA,Age 55 - 64,Male,40409.0,356300.0,11.34,2.94,2,3,16
2009,USA,Age 25 - 34,Male,33450.0,356300.0,9.39,4.31,4,7,16
2009,USA,Age 25 - 34,Female,23718.0,356300.0,6.66,5.88,5,10,16
2009,USA,Age 35 - 44,Female,21553.0,356300.0,6.05,7.81,6,10,16
2009,USA,Age 45 - 54,Female,21307.0,356300.0,5.98,7.38,6,9,16
2009,USA,Age 65 & Above,Male,20686.0,356300.0,5.81,5.69,2,8,16
2009,USA,Age 55 - 64,Female,19159.0,356300.0,5.38,9.0,7,10,16
2009,USA,Age 65 & Above,Female,14386.0,356300.0,4.04,8.69,4,10,16
2009,USA,Age 14 & Below,Male,11995.0,356300.0,3.37,11.0,11,11,16
2009,USA,Age 14 & Below,Female,11695.0,356300.0,3.28,12.0,12,12,16
2009,USA,Age 20 - 24,Male,8939.0,356300.0,2.51,13.5,13,14,16
2009,USA,Age 20 - 24,Female,7810.0,356300.0,2.19,13.5,13,14,16
2009,USA,Age 15 - 19,Female,4059.0,356300.0,1.14,15.19,15,16,16
2009,USA,Age 15 - 19,Male,3884.0,356300.0,1.09,15.81,15,16,16
2010,USA,Age 45 - 54,Male,70789.0,402755.0,17.58,1.0,1,1,16
2010,USA,Age 35 - 44,Male,60841.0,402755.0,15.11,2.31,2,5,16
2010,USA,Age 55 - 64,Male,46824.0,402755.0,11.63,2.94,2,3,16
2010,USA,Age 25 - 34,Male,36963.0,402755.0,9.18,4.31,4,7,16
2010,USA,Age 25 - 34,Female,26023.0,402755.0,6.46,5.88,5,10,16
2010,USA,Age 35 - 44,Female,25043.0,402755.0,6.22,7.81,6,10,16
2010,USA,Age 45 - 54,Female,24485.0,402755.0,6.08,7.38,6,9,16
2010,USA,Age 65 & Above,Male,22688.0,402755.0,5.63,5.69,2,8,16
2010,USA,Age 55 - 64,Female,21792.0,402755.0,5.41,9.0,7,10,16
2010,USA,Age 65 & Above,Female,15134.0,402755.0,3.76,8.69,4,10,16
2010,USA,Age 14 & Below,Male,13521.0,402755.0,3.36,11.0,11,11,16
2010,USA,Age 14 & Below,Female,12092.0,402755.0,3.0,12.0,12,12,16
2010,USA,Age 20 - 24,Male,9625.0,402755.0,2.39,13.5,13,14,16
2010,USA,Age 20 - 24,Female,8526.0,402755.0,2.12,13.5,13,14,16
2010,USA,Age 15 - 19,Male,4238.0,402755.0,1.05,15.81,15,16,16
2010,USA,Age 15 - 19,Female,4171.0,402755.0,1.04,15.19,15,16,16
2011,USA,Age 45 - 54,Male,73727.0,426941.0,17.27,1.0,1,1,16
2011,USA,Age 35 - 44,Male,61567.0,426941.0,14.42,2.31,2,5,16
2011,USA,Age 55 - 64,Male,49201.0,426941.0,11.52,2.94,2,3,16
2011,USA,Age 25 - 34,Male,39472.0,426941.0,9.25,4.31,4,7,16
2011,USA,Age 25 - 34,Female,28332.0,426941.0,6.64,5.88,5,10,16
2011,USA,Age 35 - 44,Female,26838.0,426941.0,6.29,7.81,6,10,16
2011,USA,Age 45 - 54,Female,26452.0,426941.0,6.2,7.38,6,9,16
2011,USA,Age 65 & Above,Male,25852.0,426941.0,6.06,5.69,2,8,16
2011,USA,Age 55 - 64,Female,23373.0,426941.0,5.47,9.0,7,10,16
2011,USA,Age 65 & Above,Female,17628.0,426941.0,4.13,8.69,4,10,16
2011,USA,Age 14 & Below,Male,13573.0,426941.0,3.18,11.0,11,11,16
2011,USA,Age 14 & Below,Female,12646.0,426941.0,2.96,12.0,12,12,16
2011,USA,Age 20 - 24,Male,10189.0,426941.0,2.39,13.5,13,14,16
2011,USA,Age 20 - 24,Female,9627.0,426941.0,2.25,13.5,13,14,16
2011,USA,Age 15 - 19,Female,4340.0,426941.0,1.02,15.19,15,16,16
2011,USA,Age 15 - 19,Male,4124.0,426941.0,0.97,15.81,15,16,16
2012,USA,Age 45 - 54,Male,76749.0,468873.0,16.37,1.0,1,1,16
2012,USA,Age 35 - 44,Male,63367.0,468873.0,13.51,2.31,2,5,16
2012,USA,Age 55 - 64,Male,53514.0,468873.0,11.41,2.94,2,3,16
2012,USA,Age 25 - 34,Male,43822.0,468873.0,9.35,4.31,4,7,16
2012,USA,Age 65 & Above,Male,31666.0,468873.0,6.75,5.69,2,8,16
2012,USA,Age 25 - 34,Female,31447.0,468873.0,6.71,5.88,5,10,16
2012,USA,Age 35 - 44,Female,29538.0,468873.0,6.3,7.81,6,10,16
2012,USA,Age 45 - 54,Female,28945.0,468873.0,6.17,7.38,6,9,16
2012,USA,Age 55 - 64,Female,27039.0,468873.0,5.77,9.0,7,10,16
2012,USA,Age 65 & Above,Female,22214.0,468873.0,4.74,8.69,4,10,16
2012,USA,Age 14 & Below,Male,15217.0,468873.0,3.25,11.0,11,11,16
2012,USA,Age 14 & Below,Female,13901.0,468873.0,2.96,12.0,12,12,16
2012,USA,Age 20 - 24,Male,10960.0,468873.0,2.34,13.5,13,14,16
2012,USA,Age 20 - 24,Female,10655.0,468873.0,2.27,13.5,13,14,16
2012,USA,Age 15 - 19,Female,5111.0,468873.0,1.09,15.19,15,16,16
2012,USA,Age 15 - 19,Male,4728.0,468873.0,1.01,15.81,15,16,16
2013,USA,Age 45 - 54,Male,78086.0,491875.0,15.88,1.0,1,1,16
2013,USA,Age 35 - 44,Male,63674.0,491875.0,12.95,2.31,2,5,16
2013,USA,Age 55 - 64,Male,56446.0,491875.0,11.48,2.94,2,3,16
2013,USA,Age 25 - 34,Male,46509.0,491875.0,9.46,4.31,4,7,16
2013,USA,Age 65 & Above,Male,35610.0,491875.0,7.24,5.69,2,8,16
2013,USA,Age 25 - 34,Female,33041.0,491875.0,6.72,5.88,5,10,16
2013,USA,Age 35 - 44,Female,30473.0,491875.0,6.2,7.81,6,10,16
2013,USA,Age 45 - 54,Female,29918.0,491875.0,6.08,7.38,6,9,16
2013,USA,Age 55 - 64,Female,28759.0,491875.0,5.85,9.0,7,10,16
2013,USA,Age 65 & Above,Female,26121.0,491875.0,5.31,8.69,4,10,16
2013,USA,Age 14 & Below,Male,15552.0,491875.0,3.16,11.0,11,11,16
2013,USA,Age 14 & Below,Female,14502.0,491875.0,2.95,12.0,12,12,16
2013,USA,Age 20 - 24,Male,11772.0,491875.0,2.39,13.5,13,14,16
2013,USA,Age 20 - 24,Female,11003.0,491875.0,2.24,13.5,13,14,16
2013,USA,Age 15 - 19,Female,5369.0,491875.0,1.09,15.19,15,16,16
2013,USA,Age 15 - 19,Male,5040.0,491875.0,1.02,15.81,15,16,16
2014,USA,Age 45 - 54,Male,75552.0,484911.0,15.58,1.0,1,1,16
2014,USA,Age 35 - 44,Male,61288.0,484911.0,12.64,2.31,2,5,16
2014,USA,Age 55 - 64,Male,56237.0,484911.0,11.6,2.94,2,3,16
2014,USA,Age 25 - 34,Male,45835.0,484911.0,9.45,4.31,4,7,16
2014,USA,Age 65 & Above,Male,36062.0,484911.0,7.44,5.69,2,8,16
2014,USA,Age 25 - 34,Female,33983.0,484911.0,7.01,5.88,5,10,16
2014,USA,Age 45 - 54,Female,29895.0,484911.0,6.17,7.38,6,9,16
2014,USA,Age 35 - 44,Female,29397.0,484911.0,6.06,7.81,6,10,16
2014,USA,Age 55 - 64,Female,28189.0,484911.0,5.81,9.0,7,10,16
2014,USA,Age 65 & Above,Female,27217.0,484911.0,5.61,8.69,4,10,16
2014,USA,Age 14 & Below,Male,14630.0,484911.0,3.02,11.0,11,11,16
2014,USA,Age 14 & Below,Female,13640.0,484911.0,2.81,12.0,12,12,16
2014,USA,Age 20 - 24,Female,11476.0,484911.0,2.37,13.5,13,14,16
2014,USA,Age 20 - 24,Male,11284.0,484911.0,2.33,13.5,13,14,16
2014,USA,Age 15 - 19,Female,5301.0,484911.0,1.09,15.19,15,16,16
2014,USA,Age 15 - 19,Male,4925.0,484911.0,1.02,15.81,15,16,16
2015,USA,Age 45 - 54,Male,73712.0,499509.0,14.76,1.0,1,1,16
2015,USA,Age 35 - 44,Male,59246.0,499509.0,11.86,2.31,2,5,16
2015,USA,Age 55 - 64,Male,56791.0,499509.0,11.37,2.94,2,3,16
2015,USA,Age 25 - 34,Male,46770.0,499509.0,9.36,4.31,4,7,16
2015,USA,Age 65 & Above,Male,38539.0,499509.0,7.72,5.69,2,8,16
2015,USA,Age 25 - 34,Female,36260.0,499509.0,7.26,5.88,5,10,16
2015,USA,Age 45 - 54,Female,31302.0,499509.0,6.27,7.38,6,9,16
2015,USA,Age 35 - 44,Female,30605.0,499509.0,6.13,7.81,6,10,16
2015,USA,Age 55 - 64,Female,30189.0,499509.0,6.04,9.0,7,10,16
2015,USA,Age 65 & Above,Female,30045.0,499509.0,6.01,8.69,4,10,16
2015,USA,Age 14 & Below,Male,15470.0,499509.0,3.1,11.0,11,11,16
2015,USA,Age 14 & Below,Female,14240.0,499509.0,2.85,12.0,12,12,16
2015,USA,Age 20 - 24,Female,12942.0,499509.0,2.59,13.5,13,14,16
2015,USA,Age 20 - 24,Male,12248.0,499509.0,2.45,13.5,13,14,16
2015,USA,Age 15 - 19,Female,5852.0,499509.0,1.17,15.19,15,16,16
2015,USA,Age 15 - 19,Male,5298.0,499509.0,1.06,15.81,15,16,16
2016,USA,Age 45 - 54,Male,72845.0,516446.0,14.11,1.0,1,1,16
2016,USA,Age 35 - 44,Male,57964.0,516446.0,11.22,2.31,2,5,16
2016,USA,Age 55 - 64,Male,57032.0,516446.0,11.04,2.94,2,3,16
2016,USA,Age 25 - 34,Male,49018.0,516446.0,9.49,4.31,4,7,16
2016,USA,Age 65 & Above,Male,40350.0,516446.0,7.81,5.69,2,8,16
2016,USA,Age 25 - 34,Female,39606.0,516446.0,7.67,5.88,5,10,16
2016,USA,Age 45 - 54,Female,33268.0,516446.0,6.44,7.38,6,9,16
2016,USA,Age 65 & Above,Female,32685.0,516446.0,6.33,8.69,4,10,16
2016,USA,Age 55 - 64,Female,32426.0,516446.0,6.28,9.0,7,10,16
2016,USA,Age 35 - 44,Female,32257.0,516446.0,6.25,7.81,6,10,16
2016,USA,Age 14 & Below,Male,16186.0,516446.0,3.13,11.0,11,11,16
2016,USA,Age 14 & Below,Female,14853.0,516446.0,2.88,12.0,12,12,16
2016,USA,Age 20 - 24,Female,13880.0,516446.0,2.69,13.5,13,14,16
2016,USA,Age 20 - 24,Male,12487.0,516446.0,2.42,13.5,13,14,16
2016,USA,Age 15 - 19,Female,6004.0,516446.0,1.16,15.19,15,16,16
2016,USA,Age 15 - 19,Male,5585.0,516446.0,1.08,15.81,15,16,16
2017,USA,Age 45 - 54,Male,75299.0,565430.0,13.32,1.0,1,1,16
2017,USA,Age 35 - 44,Male,61651.0,565430.0,10.9,2.31,2,5,16
2017,USA,Age 55 - 64,Male,60424.0,565430.0,10.69,2.94,2,3,16
2017,USA,Age 25 - 34,Male,56012.0,565430.0,9.91,4.31,4,7,16
2017,USA,Age 25 - 34,Female,45565.0,565430.0,8.06,5.88,5,10,16
2017,USA,Age 65 & Above,Male,42739.0,565430.0,7.56,5.69,2,8,16
2017,USA,Age 45 - 54,Female,36942.0,565430.0,6.53,7.38,6,9,16
2017,USA,Age 35 - 44,Female,36144.0,565430.0,6.39,7.81,6,10,16
2017,USA,Age 55 - 64,Female,35723.0,565430.0,6.32,9.0,7,10,16
2017,USA,Age 65 & Above,Female,34826.0,565430.0,6.16,8.69,4,10,16
2017,USA,Age 14 & Below,Male,18269.0,565430.0,3.23,11.0,11,11,16
2017,USA,Age 14 & Below,Female,17338.0,565430.0,3.07,12.0,12,12,16
2017,USA,Age 20 - 24,Female,15979.0,565430.0,2.83,13.5,13,14,16
2017,USA,Age 20 - 24,Male,14681.0,565430.0,2.6,13.5,13,14,16
2017,USA,Age 15 - 19,Female,7010.0,565430.0,1.24,15.19,15,16,16
2017,USA,Age 15 - 19,Male,6828.0,565430.0,1.21,15.81,15,16,16
2018,USA,Age 45 - 54,Male,80652.0,643268.0,12.54,1.0,1,1,16
2018,USA,Age 35 - 44,Male,68320.0,643268.0,10.62,2.31,2,5,16
2018,USA,Age 55 - 64,Male,67022.0,643268.0,10.42,2.94,2,3,16
2018,USA,Age 25 - 34,Male,61810.0,643268.0,9.61,4.31,4,7,16
2018,USA,Age 25 - 34,Female,52338.0,643268.0,8.14,5.88,5,10,16
2018,USA,Age 65 & Above,Male,50621.0,643268.0,7.87,5.69,2,8,16
2018,USA,Age 65 & Above,Female,43634.0,643268.0,6.78,8.69,4,10,16
2018,USA,Age 45 - 54,Female,43137.0,643268.0,6.71,7.38,6,9,16
2018,USA,Age 35 - 44,Female,42261.0,643268.0,6.57,7.81,6,10,16
2018,USA,Age 55 - 64,Female,41844.0,643268.0,6.5,9.0,7,10,16
2018,USA,Age 14 & Below,Male,21331.0,643268.0,3.32,11.0,11,11,16
2018,USA,Age 14 & Below,Female,20216.0,643268.0,3.14,12.0,12,12,16
2018,USA,Age 20 - 24,Female,17887.0,643268.0,2.78,13.5,13,14,16
2018,USA,Age 20 - 24,Male,16121.0,643268.0,2.51,13.5,13,14,16
2018,USA,Age 15 - 19,Female,8341.0,643268.0,1.3,15.19,15,16,16
2018,USA,Age 15 - 19,Male,7733.0,643268.0,1.2,15.81,15,16,16
2019,USA,Age 45 - 54,Male,85660.0,729409.0,11.74,1.0,1,1,16
2019,USA,Age 35 - 44,Male,75576.0,729409.0,10.36,2.31,2,5,16
2019,USA,Age 55 - 64,Male,72515.0,729409.0,9.94,2.94,2,3,16
2019,USA,Age 25 - 34,Male,70071.0,729409.0,9.61,4.31,4,7,16
2019,USA,Age 25 - 34,Female,63794.0,729409.0,8.75,5.88,5,10,16
2019,USA,Age 65 & Above,Male,54203.0,729409.0,7.43,5.69,2,8,16
2019,USA,Age 35 - 44,Female,51320.0,729409.0,7.04,7.81,6,10,16
2019,USA,Age 45 - 54,Female,50806.0,729409.0,6.97,7.38,6,9,16
2019,USA,Age 65 & Above,Female,47804.0,729409.0,6.55,8.69,4,10,16
2019,USA,Age 55 - 64,Female,47651.0,729409.0,6.53,9.0,7,10,16
2019,USA,Age 14 & Below,Male,25143.0,729409.0,3.45,11.0,11,11,16
2019,USA,Age 14 & Below,Female,23635.0,729409.0,3.24,12.0,12,12,16
2019,USA,Age 20 - 24,Female,22227.0,729409.0,3.05,13.5,13,14,16
2019,USA,Age 20 - 24,Male,18849.0,729409.0,2.58,13.5,13,14,16
2019,USA,Age 15 - 19,Female,10503.0,729409.0,1.44,15.19,15,16,16
2019,USA,Age 15 - 19,Male,9652.0,729409.0,1.32,15.81,15,16,16
2023,USA,Age 45 - 54,Male,66178.0,640972.0,10.32,1.0,1,1,16
2023,USA,Age 35 - 44,Male,64260.0,640972.0,10.03,2.31,2,5,16
2023,USA,Age 55 - 64,Male,60335.0,640972.0,9.41,2.94,2,3,16
2023,USA,Age 25 - 34,Male,59210.0,640972.0,9.24,4.31,4,7,16
2023,USA,Age 25 - 34,Female,56315.0,640972.0,8.79,5.88,5,10,16
2023,USA,Age 65 & Above,Male,50821.0,640972.0,7.93,5.69,2,8,16
2023,USA,Age 35 - 44,Female,48073.0,640972.0,7.5,7.81,6,10,16
2023,USA,Age 45 - 54,Female,47686.0,640972.0,7.44,7.38,6,9,16
2023,USA,Age 65 & Above,Female,45059.0,640972.0,7.03,8.69,4,10,16
2023,USA,Age 55 - 64,Female,44047.0,640972.0,6.87,9.0,7,10,16
2023,USA,Age 14 & Below,Male,23192.0,640972.0,3.62,11.0,11,11,16
2023,USA,Age 14 & Below,Female,21570.0,640972.0,3.37,12.0,12,12,16
2023,USA,Age 20 - 24,Female,17724.0,640972.0,2.77,13.5,13,14,16
2023,USA,Age 20 - 24,Male,16307.0,640972.0,2.54,13.5,13,14,16
2023,USA,Age 15 - 19,Female,10200.0,640972.0,1.59,15.19,15,16,16
2023,USA,Age 15 - 19,Male,9995.0,640972.0,1.56,15.81,15,16,16
2024,USA,Age 45 - 54,Male,69722.0,692315.0,10.07,1.0,1,1,16
2024,USA,Age 35 - 44,Male,66637.0,692315.0,9.63,2.31,2,5,16
2024,USA,Age 55 - 64,Male,64945.0,692315.0,9.38,2.94,2,3,16
2024,USA,Age 25 - 34,Male,61012.0,692315.0,8.81,4.31,4,7,16
2024,USA,Age 65 & Above,Male,60445.0,692315.0,8.73,5.69,2,8,16
2024,USA,Age 25 - 34,Female,56116.0,692315.0,8.11,5.88,5,10,16
2024,USA,Age 65 & Above,Female,55105.0,692315.0,7.96,8.69,4,10,16
2024,USA,Age 45 - 54,Female,51742.0,692315.0,7.47,7.38,6,9,16
2024,USA,Age 55 - 64,Female,50241.0,692315.0,7.26,9.0,7,10,16
2024,USA,Age 35 - 44,Female,50227.0,692315.0,7.25,7.81,6,10,16
2024,USA,Age 14 & Below,Male,24475.0,692315.0,3.54,11.0,11,11,16
2024,USA,Age 14 & Below,Female,22642.0,692315.0,3.27,12.0,12,12,16
2024,USA,Age 20 - 24,Female,18676.0,692315.0,2.7,13.5,13,14,16
2024,USA,Age 20 - 24,Male,18402.0,692315.0,2.66,13.5,13,14,16
2024,USA,Age 15 - 19,Female,10961.0,692315.0,1.58,15.19,15,16,16
2024,USA,Age 15 - 19,Male,10967.0,692315.0,1.58,15.81,15,16,16
2025,USA,Age 45 - 54,Male,70771.0,716852.0,9.87,1.0,1,1,16
2025,USA,Age 55 - 64,Male,69063.0,716852.0,9.63,2.94,2,3,16
2025,USA,Age 65 & Above,Male,68082.0,716852.0,9.5,5.69,2,8,16
2025,USA,Age 35 - 44,Male,67368.0,716852.0,9.4,2.31,2,5,16
2025,USA,Age 65 & Above,Female,63203.0,716852.0,8.82,8.69,4,10,16
2025,USA,Age 25 - 34,Male,59940.0,716852.0,8.36,4.31,4,7,16
2025,USA,Age 55 - 64,Female,53571.0,716852.0,7.47,9.0,7,10,16
2025,USA,Age 25 - 34,Female,53210.0,716852.0,7.42,5.88,5,10,16
2025,USA,Age 45 - 54,Female,52531.0,716852.0,7.33,7.38,6,9,16
2025,USA,Age 35 - 44,Female,50844.0,716852.0,7.09,7.81,6,10,16
2025,USA,Age 14 & Below,Male,24774.0,716852.0,3.46,11.0,11,11,16
2025,USA,Age 14 & Below,Female,22932.0,716852.0,3.2,12.0,12,12,16
2025,USA,Age 20 - 24,Male,19431.0,716852.0,2.71,13.5,13,14,16
2025,USA,Age 20 - 24,Female,18779.0,716852.0,2.62,13.5,13,14,16
2025,USA,Age 15 - 19,Male,11324.0,716852.0,1.58,15.81,15,16,16
2025,USA,Age 15 - 19,Female,11029.0,716852.0,1.54,15.19,15,16,16
2026,USA,Age 45 - 54,Male,43893.0,443435.0,9.9,1.0,1,1,16
2026,USA,Age 65 & Above,Male,43368.0,443435.0,9.78,5.69,2,8,16
2026,USA,Age 55 - 64,Male,42624.0,443435.0,9.61,2.94,2,3,16
2026,USA,Age 65 & Above,Female,40487.0,443435.0,9.13,8.69,4,10,16
2026,USA,Age 35 - 44,Male,40484.0,443435.0,9.13,2.31,2,5,16
2026,USA,Age 45 - 54,Female,33035.0,443435.0,7.45,7.38,6,9,16
2026,USA,Age 25 - 34,Male,33004.0,443435.0,7.44,4.31,4,7,16
2026,USA,Age 55 - 64,Female,32847.0,443435.0,7.41,9.0,7,10,16
2026,USA,Age 35 - 44,Female,30915.0,443435.0,6.97,7.81,6,10,16
2026,USA,Age 25 - 34,Female,30130.0,443435.0,6.79,5.88,5,10,16
2026,USA,Age 14 & Below,Male,17137.0,443435.0,3.86,11.0,11,11,16
2026,USA,Age 14 & Below,Female,16308.0,443435.0,3.68,12.0,12,12,16
2026,USA,Age 20 - 24,Male,12282.0,443435.0,2.77,13.5,13,14,16
2026,USA,Age 20 - 24,Female,11876.0,443435.0,2.68,13.5,13,14,16
2026,USA,Age 15 - 19,Female,7547.0,443435.0,1.7,15.19,15,16,16
2026,USA,Age 15 - 19,Male,7498.0,443435.0,1.69,15.81,15,16,16
