year,month,month_date,country,visitor_arrivals,is_top10,previous_year_arrivals,visitor_yoy_pct
2008,1,20080101,Australia,82778.0,1,,
2008,2,20080201,Australia,52457.0,1,,
2008,3,20080301,Australia,61681.0,1,,
2008,4,20080401,Australia,63079.0,1,,
2008,5,20080501,Australia,65901.0,1,,
2008,6,20080601,Australia,73802.0,1,,
2008,7,20080701,Australia,79776.0,1,,
2008,8,20080801,Australia,65465.0,1,,
2008,9,20080901,Australia,72816.0,1,,
2008,10,20081001,Australia,75866.0,1,,
2008,11,20081101,Australia,60257.0,1,,
2008,12,20081201,Australia,79278.0,1,,
2009,1,20090101,Australia,80008.0,1,82778.0,-3.35
2009,2,20090201,Australia,51144.0,1,52457.0,-2.5
2009,3,20090301,Australia,54821.0,1,61681.0,-11.12
2009,4,20090401,Australia,65046.0,1,63079.0,3.12
2009,5,20090501,Australia,59136.0,1,65901.0,-10.27
2009,6,20090601,Australia,65796.0,1,73802.0,-10.85
2009,7,20090701,Australia,79439.0,1,79776.0,-0.42
2009,8,20090801,Australia,67152.0,1,65465.0,2.58
2009,9,20090901,Australia,73407.0,1,72816.0,0.81
2009,10,20091001,Australia,81622.0,1,75866.0,7.59
2009,11,20091101,Australia,68570.0,1,60257.0,13.8
2009,12,20091201,Australia,84158.0,1,79278.0,6.16
2010,1,20100101,Australia,89584.0,1,80008.0,11.97
2010,2,20100201,Australia,55364.0,1,51144.0,8.25
2010,3,20100301,Australia,63659.0,1,54821.0,16.12
2010,4,20100401,Australia,70079.0,1,65046.0,7.74
2010,5,20100501,Australia,63517.0,1,59136.0,7.41
2010,6,20100601,Australia,74597.0,1,65796.0,13.38
2010,7,20100701,Australia,87289.0,1,79439.0,9.88
2010,8,20100801,Australia,68222.0,1,67152.0,1.59
2010,9,20100901,Australia,80293.0,1,73407.0,9.38
2010,10,20101001,Australia,77097.0,1,81622.0,-5.54
2010,11,20101101,Australia,64152.0,1,68570.0,-6.44
2010,12,20101201,Australia,86705.0,1,84158.0,3.03
2011,1,20110101,Australia,98023.0,1,89584.0,9.42
2011,2,20110201,Australia,58135.0,1,55364.0,5.01
2011,3,20110301,Australia,65885.0,1,63659.0,3.5
2011,4,20110401,Australia,85297.0,1,70079.0,21.72
2011,5,20110501,Australia,72365.0,1,63517.0,13.93
2011,6,20110601,Australia,84371.0,1,74597.0,13.1
2011,7,20110701,Australia,94690.0,1,87289.0,8.48
2011,8,20110801,Australia,71953.0,1,68222.0,5.47
2011,9,20110901,Australia,86076.0,1,80293.0,7.2
2011,10,20111001,Australia,84509.0,1,77097.0,9.61
2011,11,20111101,Australia,70012.0,1,64152.0,9.13
2011,12,20111201,Australia,84723.0,1,86705.0,-2.29
2012,1,20120101,Australia,94946.0,1,98023.0,-3.14
2012,2,20120201,Australia,63878.0,1,58135.0,9.88
2012,3,20120301,Australia,70960.0,1,65885.0,7.7
2012,4,20120401,Australia,81927.0,1,85297.0,-3.95
2012,5,20120501,Australia,72641.0,1,72365.0,0.38
2012,6,20120601,Australia,92951.0,1,84371.0,10.17
2012,7,20120701,Australia,105570.0,1,94690.0,11.49
2012,8,20120801,Australia,79292.0,1,71953.0,10.2
2012,9,20120901,Australia,100891.0,1,86076.0,17.21
2012,10,20121001,Australia,100138.0,1,84509.0,18.49
2012,11,20121101,Australia,83972.0,1,70012.0,19.94
2012,12,20121201,Australia,103207.0,1,84723.0,21.82
2013,1,20130101,Australia,119592.0,1,94946.0,25.96
2013,2,20130201,Australia,69470.0,1,63878.0,8.75
2013,3,20130301,Australia,87652.0,1,70960.0,23.52
2013,4,20130401,Australia,94285.0,1,81927.0,15.08
2013,5,20130501,Australia,84444.0,1,72641.0,16.25
2013,6,20130601,Australia,91231.0,1,92951.0,-1.85
2013,7,20130701,Australia,112743.0,1,105570.0,6.79
2013,8,20130801,Australia,79221.0,1,79292.0,-0.09
2013,9,20130901,Australia,105179.0,1,100891.0,4.25
2013,10,20131001,Australia,96454.0,1,100138.0,-3.68
2013,11,20131101,Australia,78324.0,1,83972.0,-6.73
2013,12,20131201,Australia,106584.0,1,103207.0,3.27
2014,1,20140101,Australia,126119.0,1,119592.0,5.46
2014,2,20140201,Australia,69119.0,1,69470.0,-0.51
2014,3,20140301,Australia,74578.0,1,87652.0,-14.92
2014,4,20140401,Australia,99811.0,1,94285.0,5.86
2014,5,20140501,Australia,78280.0,1,84444.0,-7.3
2014,6,20140601,Australia,81558.0,1,91231.0,-10.6
2014,7,20140701,Australia,106641.0,1,112743.0,-5.41
2014,8,20140801,Australia,82448.0,1,79221.0,4.07
2014,9,20140901,Australia,97642.0,1,105179.0,-7.17
2014,10,20141001,Australia,87565.0,1,96454.0,-9.22
2014,11,20141101,Australia,73262.0,1,78324.0,-6.46
2014,12,20141201,Australia,97855.0,1,106584.0,-8.19
2015,1,20150101,Australia,115584.0,1,126119.0,-8.35
2015,2,20150201,Australia,65009.0,1,69119.0,-5.95
2015,3,20150301,Australia,70708.0,1,74578.0,-5.19
2015,4,20150401,Australia,83497.0,1,99811.0,-16.34
2015,5,20150501,Australia,73965.0,1,78280.0,-5.51
2015,6,20150601,Australia,82755.0,1,81558.0,1.47
2015,7,20150701,Australia,97583.0,1,106641.0,-8.49
2015,8,20150801,Australia,83063.0,1,82448.0,0.75
2015,9,20150901,Australia,97071.0,1,97642.0,-0.58
2015,10,20151001,Australia,96340.0,1,87565.0,10.02
2015,11,20151101,Australia,76369.0,1,73262.0,4.24
2015,12,20151201,Australia,101624.0,1,97855.0,3.85
2016,1,20160101,Australia,117073.0,1,115584.0,1.29
2016,2,20160201,Australia,61900.0,1,65009.0,-4.78
2016,3,20160301,Australia,78701.0,1,70708.0,11.3
2016,4,20160401,Australia,93320.0,1,83497.0,11.76
2016,5,20160501,Australia,64175.0,1,73965.0,-13.24
2016,6,20160601,Australia,77805.0,1,82755.0,-5.98
2016,7,20160701,Australia,103689.0,1,97583.0,6.26
2016,8,20160801,Australia,78888.0,1,83063.0,-5.03
2016,9,20160901,Australia,92210.0,1,97071.0,-5.01
2016,10,20161001,Australia,85395.0,1,96340.0,-11.36
2016,11,20161101,Australia,73308.0,1,76369.0,-4.01
2016,12,20161201,Australia,100849.0,1,101624.0,-0.76
2017,1,20170101,Australia,115930.0,1,117073.0,-0.98
2017,2,20170201,Australia,71416.0,1,61900.0,15.37
2017,3,20170301,Australia,85040.0,1,78701.0,8.05
2017,4,20170401,Australia,93927.0,1,93320.0,0.65
2017,5,20170501,Australia,71970.0,1,64175.0,12.15
2017,6,20170601,Australia,84840.0,1,77805.0,9.04
2017,7,20170701,Australia,104873.0,1,103689.0,1.14
2017,8,20170801,Australia,75171.0,1,78888.0,-4.71
2017,9,20170901,Australia,100987.0,1,92210.0,9.52
2017,10,20171001,Australia,90940.0,1,85395.0,6.49
2017,11,20171101,Australia,81822.0,1,73308.0,11.61
2017,12,20171201,Australia,105085.0,1,100849.0,4.2
2018,1,20180101,Australia,114846.0,1,115930.0,-0.94
2018,2,20180201,Australia,63229.0,1,71416.0,-11.46
2018,3,20180301,Australia,87152.0,1,85040.0,2.48
2018,4,20180401,Australia,99046.0,1,93927.0,5.45
2018,5,20180501,Australia,78210.0,1,71970.0,8.67
2018,6,20180601,Australia,90665.0,1,84840.0,6.87
2018,7,20180701,Australia,108107.0,1,104873.0,3.08
2018,8,20180801,Australia,83185.0,1,75171.0,10.66
2018,9,20180901,Australia,107933.0,1,100987.0,6.88
2018,10,20181001,Australia,95096.0,1,90940.0,4.57
2018,11,20181101,Australia,74827.0,1,81822.0,-8.55
2018,12,20181201,Australia,104928.0,1,105085.0,-0.15
2019,1,20190101,Australia,122672.0,1,114846.0,6.81
2019,2,20190201,Australia,66199.0,1,63229.0,4.7
2019,3,20190301,Australia,73841.0,1,87152.0,-15.27
2019,4,20190401,Australia,107503.0,1,99046.0,8.54
2019,5,20190501,Australia,80476.0,1,78210.0,2.9
2019,6,20190601,Australia,87793.0,1,90665.0,-3.17
2019,7,20190701,Australia,107383.0,1,108107.0,-0.67
2019,8,20190801,Australia,84023.0,1,83185.0,1.01
2019,9,20190901,Australia,109506.0,1,107933.0,1.46
2019,10,20191001,Australia,97092.0,1,95096.0,2.1
2019,11,20191101,Australia,89052.0,1,74827.0,19.01
2019,12,20191201,Australia,117796.0,1,104928.0,12.26
2023,1,20230101,Australia,102888.0,1,122672.0,-16.13
2023,2,20230201,Australia,72385.0,1,66199.0,9.34
2023,3,20230301,Australia,74268.0,1,73841.0,0.58
2023,4,20230401,Australia,92937.0,1,107503.0,-13.55
2023,5,20230501,Australia,79700.0,1,80476.0,-0.96
2023,6,20230601,Australia,90770.0,1,87793.0,3.39
2023,7,20230701,Australia,98408.0,1,107383.0,-8.36
2023,8,20230801,Australia,80605.0,1,84023.0,-4.07
2023,9,20230901,Australia,104497.0,1,109506.0,-4.57
2023,10,20231001,Australia,88033.0,1,97092.0,-9.33
2023,11,20231101,Australia,88201.0,1,89052.0,-0.96
2023,12,20231201,Australia,112197.0,1,117796.0,-4.75
2024,1,20240101,Australia,124075.0,1,102888.0,20.59
2024,2,20240201,Australia,79370.0,1,72385.0,9.65
2024,3,20240301,Australia,90428.0,1,74268.0,21.76
2024,4,20240401,Australia,96751.0,1,92937.0,4.1
2024,5,20240501,Australia,79688.0,1,79700.0,-0.02
2024,6,20240601,Australia,88548.0,1,90770.0,-2.45
2024,7,20240701,Australia,105706.0,1,98408.0,7.42
2024,8,20240801,Australia,82959.0,1,80605.0,2.92
2024,9,20240901,Australia,110930.0,1,104497.0,6.16
2024,10,20241001,Australia,100935.0,1,88033.0,14.66
2024,11,20241101,Australia,92661.0,1,88201.0,5.06
2024,12,20241201,Australia,122321.0,1,112197.0,9.02
2025,1,20250101,Australia,141337.0,1,124075.0,13.91
2025,2,20250201,Australia,85012.0,1,79370.0,7.11
2025,3,20250301,Australia,81781.0,1,90428.0,-9.56
2025,4,20250401,Australia,116848.0,1,96751.0,20.77
2025,5,20250501,Australia,90145.0,1,79688.0,13.12
2025,6,20250601,Australia,90887.0,1,88548.0,2.64
2025,7,20250701,Australia,121503.0,1,105706.0,14.94
2025,8,20250801,Australia,84925.0,1,82959.0,2.37
2025,9,20250901,Australia,107322.0,1,110930.0,-3.25
2025,10,20251001,Australia,116372.0,1,100935.0,15.29
2025,11,20251101,Australia,103833.0,1,92661.0,12.06
2025,12,20251201,Australia,127495.0,1,122321.0,4.23
2026,1,20260101,Australia,140988.0,1,141337.0,-0.25
2026,2,20260201,Australia,80750.0,1,85012.0,-5.01
2026,3,20260301,Australia,90148.0,1,81781.0,10.23
2026,4,20260401,Australia,115343.0,1,116848.0,-1.29
2026,5,20260501,Australia,83512.0,1,90145.0,-7.36
2026,6,20260601,Australia,95231.0,1,90887.0,4.78
2026,7,20260701,Australia,121491.0,1,121503.0,-0.01
2008,1,20080101,Bangladesh,7252.0,0,,
2008,2,20080201,Bangladesh,6700.0,0,,
2008,3,20080301,Bangladesh,7986.0,0,,
2008,4,20080401,Bangladesh,7718.0,0,,
2008,5,20080501,Bangladesh,8495.0,0,,
2008,6,20080601,Bangladesh,8853.0,0,,
2008,7,20080701,Bangladesh,9581.0,0,,
2008,8,20080801,Bangladesh,8481.0,0,,
2008,9,20080901,Bangladesh,7914.0,0,,
2008,10,20081001,Bangladesh,8167.0,0,,
2008,11,20081101,Bangladesh,7379.0,0,,
2008,12,20081201,Bangladesh,7292.0,0,,
2009,1,20090101,Bangladesh,6209.0,0,7252.0,-14.38
2009,2,20090201,Bangladesh,6299.0,0,6700.0,-5.99
2009,3,20090301,Bangladesh,6699.0,0,7986.0,-16.12
2009,4,20090401,Bangladesh,6521.0,0,7718.0,-15.51
2009,5,20090501,Bangladesh,6427.0,0,8495.0,-24.34
2009,6,20090601,Bangladesh,7387.0,0,8853.0,-16.56
2009,7,20090701,Bangladesh,9521.0,0,9581.0,-0.63
2009,8,20090801,Bangladesh,7442.0,0,8481.0,-12.25
2009,9,20090901,Bangladesh,7105.0,0,7914.0,-10.22
2009,10,20091001,Bangladesh,8291.0,0,8167.0,1.52
2009,11,20091101,Bangladesh,6735.0,0,7379.0,-8.73
2009,12,20091201,Bangladesh,8001.0,0,7292.0,9.72
2010,1,20100101,Bangladesh,7762.0,0,6209.0,25.01
2010,2,20100201,Bangladesh,5726.0,0,6299.0,-9.1
2010,3,20100301,Bangladesh,7747.0,0,6699.0,15.64
2010,4,20100401,Bangladesh,7529.0,0,6521.0,15.46
2010,5,20100501,Bangladesh,7704.0,0,6427.0,19.87
2010,6,20100601,Bangladesh,8524.0,0,7387.0,15.39
2010,7,20100701,Bangladesh,9373.0,0,9521.0,-1.55
2010,8,20100801,Bangladesh,7144.0,0,7442.0,-4.0
2010,9,20100901,Bangladesh,7942.0,0,7105.0,11.78
2010,10,20101001,Bangladesh,7543.0,0,8291.0,-9.02
2010,11,20101101,Bangladesh,7439.0,0,6735.0,10.45
2010,12,20101201,Bangladesh,7879.0,0,8001.0,-1.52
2011,1,20110101,Bangladesh,8228.0,0,7762.0,6.0
2011,2,20110201,Bangladesh,6368.0,0,5726.0,11.21
2011,3,20110301,Bangladesh,8133.0,0,7747.0,4.98
2011,4,20110401,Bangladesh,7707.0,0,7529.0,2.36
2011,5,20110501,Bangladesh,7830.0,0,7704.0,1.64
2011,6,20110601,Bangladesh,7984.0,0,8524.0,-6.34
2011,7,20110701,Bangladesh,9038.0,0,9373.0,-3.57
2011,8,20110801,Bangladesh,7316.0,0,7144.0,2.41
2011,9,20110901,Bangladesh,8866.0,0,7942.0,11.63
2011,10,20111001,Bangladesh,8085.0,0,7543.0,7.19
2011,11,20111101,Bangladesh,7610.0,0,7439.0,2.3
2011,12,20111201,Bangladesh,8366.0,0,7879.0,6.18
2012,1,20120101,Bangladesh,7250.0,0,8228.0,-11.89
2012,2,20120201,Bangladesh,7639.0,0,6368.0,19.96
2012,3,20120301,Bangladesh,8951.0,0,8133.0,10.06
2012,4,20120401,Bangladesh,9279.0,0,7707.0,20.4
2012,5,20120501,Bangladesh,9231.0,0,7830.0,17.89
2012,6,20120601,Bangladesh,9782.0,0,7984.0,22.52
2012,7,20120701,Bangladesh,10330.0,0,9038.0,14.3
2012,8,20120801,Bangladesh,9707.0,0,7316.0,32.68
2012,9,20120901,Bangladesh,10030.0,0,8866.0,13.13
2012,10,20121001,Bangladesh,9456.0,0,8085.0,16.96
2012,11,20121101,Bangladesh,8922.0,0,7610.0,17.24
2012,12,20121201,Bangladesh,10096.0,0,8366.0,20.68
2013,1,20130101,Bangladesh,10584.0,0,7250.0,45.99
2013,2,20130201,Bangladesh,7379.0,0,7639.0,-3.4
2013,3,20130301,Bangladesh,9617.0,0,8951.0,7.44
2013,4,20130401,Bangladesh,9832.0,0,9279.0,5.96
2013,5,20130501,Bangladesh,9611.0,0,9231.0,4.12
2013,6,20130601,Bangladesh,10360.0,0,9782.0,5.91
2013,7,20130701,Bangladesh,11364.0,0,10330.0,10.01
2013,8,20130801,Bangladesh,10463.0,0,9707.0,7.79
2013,9,20130901,Bangladesh,9589.0,0,10030.0,-4.4
2013,10,20131001,Bangladesh,9843.0,0,9456.0,4.09
2013,11,20131101,Bangladesh,9899.0,0,8922.0,10.95
2013,12,20131201,Bangladesh,10783.0,0,10096.0,6.8
2014,1,20140101,Bangladesh,10428.0,0,10584.0,-1.47
2014,2,20140201,Bangladesh,9343.0,0,7379.0,26.62
2014,3,20140301,Bangladesh,10721.0,0,9617.0,11.48
2014,4,20140401,Bangladesh,9817.0,0,9832.0,-0.15
2014,5,20140501,Bangladesh,9853.0,0,9611.0,2.52
2014,6,20140601,Bangladesh,11100.0,0,10360.0,7.14
2014,7,20140701,Bangladesh,10108.0,0,11364.0,-11.05
2014,8,20140801,Bangladesh,11690.0,0,10463.0,11.73
2014,9,20140901,Bangladesh,9486.0,0,9589.0,-1.07
2014,10,20141001,Bangladesh,10722.0,0,9843.0,8.93
2014,11,20141101,Bangladesh,10027.0,0,9899.0,1.29
2014,12,20141201,Bangladesh,11631.0,0,10783.0,7.86
2015,1,20150101,Bangladesh,10923.0,0,10428.0,4.75
2015,2,20150201,Bangladesh,7960.0,0,9343.0,-14.8
2015,3,20150301,Bangladesh,10186.0,0,10721.0,-4.99
2015,4,20150401,Bangladesh,9809.0,0,9817.0,-0.08
2015,5,20150501,Bangladesh,10447.0,0,9853.0,6.03
2015,6,20150601,Bangladesh,9737.0,0,11100.0,-12.28
2015,7,20150701,Bangladesh,11793.0,0,10108.0,16.67
2015,8,20150801,Bangladesh,10353.0,0,11690.0,-11.44
2015,9,20150901,Bangladesh,10159.0,0,9486.0,7.09
2015,10,20151001,Bangladesh,10394.0,0,10722.0,-3.06
2015,11,20151101,Bangladesh,9272.0,0,10027.0,-7.53
2015,12,20151201,Bangladesh,11554.0,0,11631.0,-0.66
2016,1,20160101,Bangladesh,11151.0,0,10923.0,2.09
2016,2,20160201,Bangladesh,8445.0,0,7960.0,6.09
2016,3,20160301,Bangladesh,10845.0,0,10186.0,6.47
2016,4,20160401,Bangladesh,10303.0,0,9809.0,5.04
2016,5,20160501,Bangladesh,10700.0,0,10447.0,2.42
2016,6,20160601,Bangladesh,8949.0,0,9737.0,-8.09
2016,7,20160701,Bangladesh,12303.0,0,11793.0,4.32
2016,8,20160801,Bangladesh,9694.0,0,10353.0,-6.37
2016,9,20160901,Bangladesh,10081.0,0,10159.0,-0.77
2016,10,20161001,Bangladesh,10078.0,0,10394.0,-3.04
2016,11,20161101,Bangladesh,9830.0,0,9272.0,6.02
2016,12,20161201,Bangladesh,10960.0,0,11554.0,-5.14
2017,1,20170101,Bangladesh,9712.0,0,11151.0,-12.9
2017,2,20170201,Bangladesh,8788.0,0,8445.0,4.06
2017,3,20170301,Bangladesh,10218.0,0,10845.0,-5.78
2017,4,20170401,Bangladesh,8949.0,0,10303.0,-13.14
2017,5,20170501,Bangladesh,9548.0,0,10700.0,-10.77
2017,6,20170601,Bangladesh,9972.0,0,8949.0,11.43
2017,7,20170701,Bangladesh,11416.0,0,12303.0,-7.21
2017,8,20170801,Bangladesh,9652.0,0,9694.0,-0.43
2017,9,20170901,Bangladesh,11277.0,0,10081.0,11.86
2017,10,20171001,Bangladesh,9555.0,0,10078.0,-5.19
2017,11,20171101,Bangladesh,9023.0,0,9830.0,-8.21
2017,12,20171201,Bangladesh,12479.0,0,10960.0,13.86
2018,1,20180101,Bangladesh,11716.0,0,9712.0,20.63
2018,2,20180201,Bangladesh,9397.0,0,8788.0,6.93
2018,3,20180301,Bangladesh,11243.0,0,10218.0,10.03
2018,4,20180401,Bangladesh,10084.0,0,8949.0,12.68
2018,5,20180501,Bangladesh,9341.0,0,9548.0,-2.17
2018,6,20180601,Bangladesh,11161.0,0,9972.0,11.92
2018,7,20180701,Bangladesh,10784.0,0,11416.0,-5.54
2018,8,20180801,Bangladesh,11010.0,0,9652.0,14.07
2018,9,20180901,Bangladesh,10074.0,0,11277.0,-10.67
2018,10,20181001,Bangladesh,11206.0,0,9555.0,17.28
2018,11,20181101,Bangladesh,9001.0,0,9023.0,-0.24
2018,12,20181201,Bangladesh,11297.0,0,12479.0,-9.47
2019,1,20190101,Bangladesh,9960.0,0,11716.0,-14.99
2019,2,20190201,Bangladesh,9321.0,0,9397.0,-0.81
2019,3,20190301,Bangladesh,10894.0,0,11243.0,-3.1
2019,4,20190401,Bangladesh,11091.0,0,10084.0,9.99
2019,5,20190501,Bangladesh,9595.0,0,9341.0,2.72
2019,6,20190601,Bangladesh,13393.0,0,11161.0,20.0
2019,7,20190701,Bangladesh,12564.0,0,10784.0,16.51
2019,8,20190801,Bangladesh,11808.0,0,11010.0,7.25
2019,9,20190901,Bangladesh,10698.0,0,10074.0,6.19
2019,10,20191001,Bangladesh,12810.0,0,11206.0,14.31
2019,11,20191101,Bangladesh,11040.0,0,9001.0,22.65
2019,12,20191201,Bangladesh,13812.0,0,11297.0,22.26
2023,1,20230101,Bangladesh,8789.0,0,9960.0,-11.76
2023,2,20230201,Bangladesh,8006.0,0,9321.0,-14.11
2023,3,20230301,Bangladesh,9711.0,0,10894.0,-10.86
2023,4,20230401,Bangladesh,9824.0,0,11091.0,-11.42
2023,5,20230501,Bangladesh,9529.0,0,9595.0,-0.69
2023,6,20230601,Bangladesh,9685.0,0,13393.0,-27.69
2023,7,20230701,Bangladesh,11100.0,0,12564.0,-11.65
2023,8,20230801,Bangladesh,11124.0,0,11808.0,-5.79
2023,9,20230901,Bangladesh,10240.0,0,10698.0,-4.28
2023,10,20231001,Bangladesh,10721.0,0,12810.0,-16.31
2023,11,20231101,Bangladesh,10118.0,0,11040.0,-8.35
2023,12,20231201,Bangladesh,11743.0,0,13812.0,-14.98
2024,1,20240101,Bangladesh,10333.0,0,8789.0,17.57
2024,2,20240201,Bangladesh,8792.0,0,8006.0,9.82
2024,3,20240301,Bangladesh,8616.0,0,9711.0,-11.28
2024,4,20240401,Bangladesh,11706.0,0,9824.0,19.16
2024,5,20240501,Bangladesh,10960.0,0,9529.0,15.02
2024,6,20240601,Bangladesh,12587.0,0,9685.0,29.96
2024,7,20240701,Bangladesh,12234.0,0,11100.0,10.22
2024,8,20240801,Bangladesh,11027.0,0,11124.0,-0.87
2024,9,20240901,Bangladesh,11473.0,0,10240.0,12.04
2024,10,20241001,Bangladesh,12938.0,0,10721.0,20.68
2024,11,20241101,Bangladesh,11092.0,0,10118.0,9.63
2024,12,20241201,Bangladesh,13441.0,0,11743.0,14.46
2025,1,20250101,Bangladesh,12532.0,0,10333.0,21.28
2025,2,20250201,Bangladesh,10851.0,0,8792.0,23.42
2025,3,20250301,Bangladesh,11219.0,0,8616.0,30.21
2025,4,20250401,Bangladesh,13591.0,0,11706.0,16.1
2025,5,20250501,Bangladesh,12456.0,0,10960.0,13.65
2025,6,20250601,Bangladesh,14023.0,0,12587.0,11.41
2025,7,20250701,Bangladesh,13576.0,0,12234.0,10.97
2025,8,20250801,Bangladesh,13833.0,0,11027.0,25.45
2025,9,20250901,Bangladesh,14045.0,0,11473.0,22.42
2025,10,20251001,Bangladesh,14389.0,0,12938.0,11.22
2025,11,20251101,Bangladesh,12430.0,0,11092.0,12.06
2025,12,20251201,Bangladesh,14014.0,0,13441.0,4.26
2026,1,20260101,Bangladesh,12249.0,0,12532.0,-2.26
2026,2,20260201,Bangladesh,8958.0,0,10851.0,-17.45
2026,3,20260301,Bangladesh,12120.0,0,11219.0,8.03
2026,4,20260401,Bangladesh,12205.0,0,13591.0,-10.2
2026,5,20260501,Bangladesh,11172.0,0,12456.0,-10.31
2026,6,20260601,Bangladesh,10299.0,0,14023.0,-26.56
2026,7,20260701,Bangladesh,13051.0,0,13576.0,-3.87
2008,1,20080101,Belgium and Luxembourg,1574.0,0,,
2008,2,20080201,Belgium and Luxembourg,1672.0,0,,
2008,3,20080301,Belgium and Luxembourg,2152.0,0,,
2008,4,20080401,Belgium and Luxembourg,1598.0,0,,
2008,5,20080501,Belgium and Luxembourg,1449.0,0,,
2008,6,20080601,Belgium and Luxembourg,1409.0,0,,
2008,7,20080701,Belgium and Luxembourg,2243.0,0,,
2008,8,20080801,Belgium and Luxembourg,2108.0,0,,
2008,9,20080901,Belgium and Luxembourg,1440.0,0,,
2008,10,20081001,Belgium and Luxembourg,1563.0,0,,
2008,11,20081101,Belgium and Luxembourg,2033.0,0,,
2008,12,20081201,Belgium and Luxembourg,1859.0,0,,
2009,1,20090101,Belgium and Luxembourg,1472.0,0,1574.0,-6.48
2009,2,20090201,Belgium and Luxembourg,1447.0,0,1672.0,-13.46
2009,3,20090301,Belgium and Luxembourg,1868.0,0,2152.0,-13.2
2009,4,20090401,Belgium and Luxembourg,1946.0,0,1598.0,21.78
2009,5,20090501,Belgium and Luxembourg,1316.0,0,1449.0,-9.18
2009,6,20090601,Belgium and Luxembourg,1447.0,0,1409.0,2.7
2009,7,20090701,Belgium and Luxembourg,2387.0,0,2243.0,6.42
2009,8,20090801,Belgium and Luxembourg,2254.0,0,2108.0,6.93
2009,9,20090901,Belgium and Luxembourg,1707.0,0,1440.0,18.54
2009,10,20091001,Belgium and Luxembourg,1806.0,0,1563.0,15.55
2009,11,20091101,Belgium and Luxembourg,1967.0,0,2033.0,-3.25
2009,12,20091201,Belgium and Luxembourg,1748.0,0,1859.0,-5.97
2010,1,20100101,Belgium and Luxembourg,1954.0,0,1472.0,32.74
2010,2,20100201,Belgium and Luxembourg,1882.0,0,1447.0,30.06
2010,3,20100301,Belgium and Luxembourg,2249.0,0,1868.0,20.4
2010,4,20100401,Belgium and Luxembourg,2089.0,0,1946.0,7.35
2010,5,20100501,Belgium and Luxembourg,1542.0,0,1316.0,17.17
2010,6,20100601,Belgium and Luxembourg,1535.0,0,1447.0,6.08
2010,7,20100701,Belgium and Luxembourg,2625.0,0,2387.0,9.97
2010,8,20100801,Belgium and Luxembourg,2542.0,0,2254.0,12.78
2010,9,20100901,Belgium and Luxembourg,1878.0,0,1707.0,10.02
2010,10,20101001,Belgium and Luxembourg,1977.0,0,1806.0,9.47
2010,11,20101101,Belgium and Luxembourg,2168.0,0,1967.0,10.22
2010,12,20101201,Belgium and Luxembourg,1958.0,0,1748.0,12.01
2011,1,20110101,Belgium and Luxembourg,2059.0,0,1954.0,5.37
2011,2,20110201,Belgium and Luxembourg,1755.0,0,1882.0,-6.75
2011,3,20110301,Belgium and Luxembourg,2452.0,0,2249.0,9.03
2011,4,20110401,Belgium and Luxembourg,2198.0,0,2089.0,5.22
2011,5,20110501,Belgium and Luxembourg,1623.0,0,1542.0,5.25
2011,6,20110601,Belgium and Luxembourg,1498.0,0,1535.0,-2.41
2011,7,20110701,Belgium and Luxembourg,2683.0,0,2625.0,2.21
2011,8,20110801,Belgium and Luxembourg,2464.0,0,2542.0,-3.07
2011,9,20110901,Belgium and Luxembourg,1819.0,0,1878.0,-3.14
2011,10,20111001,Belgium and Luxembourg,2222.0,0,1977.0,12.39
2011,11,20111101,Belgium and Luxembourg,2181.0,0,2168.0,0.6
2011,12,20111201,Belgium and Luxembourg,2025.0,0,1958.0,3.42
2012,1,20120101,Belgium and Luxembourg,2153.0,0,2059.0,4.57
2012,2,20120201,Belgium and Luxembourg,2392.0,0,1755.0,36.3
2012,3,20120301,Belgium and Luxembourg,2610.0,0,2452.0,6.44
2012,4,20120401,Belgium and Luxembourg,2637.0,0,2198.0,19.97
2012,5,20120501,Belgium and Luxembourg,1661.0,0,1623.0,2.34
2012,6,20120601,Belgium and Luxembourg,1669.0,0,1498.0,11.42
2012,7,20120701,Belgium and Luxembourg,2884.0,0,2683.0,7.49
2012,8,20120801,Belgium and Luxembourg,2692.0,0,2464.0,9.25
2012,9,20120901,Belgium and Luxembourg,1970.0,0,1819.0,8.3
2012,10,20121001,Belgium and Luxembourg,2046.0,0,2222.0,-7.92
2012,11,20121101,Belgium and Luxembourg,2188.0,0,2181.0,0.32
2012,12,20121201,Belgium and Luxembourg,1922.0,0,2025.0,-5.09
2013,1,20130101,Belgium and Luxembourg,2185.0,0,2153.0,1.49
2013,2,20130201,Belgium and Luxembourg,1973.0,0,2392.0,-17.52
2013,3,20130301,Belgium and Luxembourg,2712.0,0,2610.0,3.91
2013,4,20130401,Belgium and Luxembourg,2025.0,0,2637.0,-23.21
2013,5,20130501,Belgium and Luxembourg,1850.0,0,1661.0,11.38
2013,6,20130601,Belgium and Luxembourg,1735.0,0,1669.0,3.95
2013,7,20130701,Belgium and Luxembourg,3049.0,0,2884.0,5.72
2013,8,20130801,Belgium and Luxembourg,2838.0,0,2692.0,5.42
2013,9,20130901,Belgium and Luxembourg,2051.0,0,1970.0,4.11
2013,10,20131001,Belgium and Luxembourg,2219.0,0,2046.0,8.46
2013,11,20131101,Belgium and Luxembourg,2390.0,0,2188.0,9.23
2013,12,20131201,Belgium and Luxembourg,2325.0,0,1922.0,20.97
2014,1,20140101,Belgium and Luxembourg,2220.0,0,2185.0,1.6
2014,2,20140201,Belgium and Luxembourg,2482.0,0,1973.0,25.8
2014,3,20140301,Belgium and Luxembourg,2821.0,0,2712.0,4.02
2014,4,20140401,Belgium and Luxembourg,2664.0,0,2025.0,31.56
2014,5,20140501,Belgium and Luxembourg,1792.0,0,1850.0,-3.14
2014,6,20140601,Belgium and Luxembourg,1654.0,0,1735.0,-4.67
2014,7,20140701,Belgium and Luxembourg,2987.0,0,3049.0,-2.03
2014,8,20140801,Belgium and Luxembourg,2946.0,0,2838.0,3.81
2014,9,20140901,Belgium and Luxembourg,2233.0,0,2051.0,8.87
2014,10,20141001,Belgium and Luxembourg,2029.0,0,2219.0,-8.56
2014,11,20141101,Belgium and Luxembourg,2546.0,0,2390.0,6.53
2014,12,20141201,Belgium and Luxembourg,2321.0,0,2325.0,-0.17
2015,1,20150101,Belgium and Luxembourg,2063.0,0,2220.0,-7.07
2015,2,20150201,Belgium and Luxembourg,1968.0,0,2482.0,-20.71
2015,3,20150301,Belgium and Luxembourg,2594.0,0,2821.0,-8.05
2015,4,20150401,Belgium and Luxembourg,2369.0,0,2664.0,-11.07
2015,5,20150501,Belgium and Luxembourg,1765.0,0,1792.0,-1.51
2015,6,20150601,Belgium and Luxembourg,1599.0,0,1654.0,-3.33
2015,7,20150701,Belgium and Luxembourg,3225.0,0,2987.0,7.97
2015,8,20150801,Belgium and Luxembourg,2905.0,0,2946.0,-1.39
2015,9,20150901,Belgium and Luxembourg,2155.0,0,2233.0,-3.49
2015,10,20151001,Belgium and Luxembourg,2336.0,0,2029.0,15.13
2015,11,20151101,Belgium and Luxembourg,2271.0,0,2546.0,-10.8
2015,12,20151201,Belgium and Luxembourg,2329.0,0,2321.0,0.34
2016,1,20160101,Belgium and Luxembourg,2289.0,0,2063.0,10.95
2016,2,20160201,Belgium and Luxembourg,2503.0,0,1968.0,27.18
2016,3,20160301,Belgium and Luxembourg,2760.0,0,2594.0,6.4
2016,4,20160401,Belgium and Luxembourg,2411.0,0,2369.0,1.77
2016,5,20160501,Belgium and Luxembourg,1848.0,0,1765.0,4.7
2016,6,20160601,Belgium and Luxembourg,1586.0,0,1599.0,-0.81
2016,7,20160701,Belgium and Luxembourg,3310.0,0,3225.0,2.64
2016,8,20160801,Belgium and Luxembourg,3147.0,0,2905.0,8.33
2016,9,20160901,Belgium and Luxembourg,2282.0,0,2155.0,5.89
2016,10,20161001,Belgium and Luxembourg,2565.0,0,2336.0,9.8
2016,11,20161101,Belgium and Luxembourg,2491.0,0,2271.0,9.69
2016,12,20161201,Belgium and Luxembourg,2166.0,0,2329.0,-7.0
2017,1,20170101,Belgium and Luxembourg,2336.0,0,2289.0,2.05
2017,2,20170201,Belgium and Luxembourg,2431.0,0,2503.0,-2.88
2017,3,20170301,Belgium and Luxembourg,2678.0,0,2760.0,-2.97
2017,4,20170401,Belgium and Luxembourg,2955.0,0,2411.0,22.56
2017,5,20170501,Belgium and Luxembourg,1758.0,0,1848.0,-4.87
2017,6,20170601,Belgium and Luxembourg,1741.0,0,1586.0,9.77
2017,7,20170701,Belgium and Luxembourg,4055.0,0,3310.0,22.51
2017,8,20170801,Belgium and Luxembourg,3249.0,0,3147.0,3.24
2017,9,20170901,Belgium and Luxembourg,2500.0,0,2282.0,9.55
2017,10,20171001,Belgium and Luxembourg,2425.0,0,2565.0,-5.46
2017,11,20171101,Belgium and Luxembourg,2454.0,0,2491.0,-1.49
2017,12,20171201,Belgium and Luxembourg,2218.0,0,2166.0,2.4
2018,1,20180101,Belgium and Luxembourg,2482.0,0,2336.0,6.25
2018,2,20180201,Belgium and Luxembourg,2591.0,0,2431.0,6.58
2018,3,20180301,Belgium and Luxembourg,3029.0,0,2678.0,13.11
2018,4,20180401,Belgium and Luxembourg,2938.0,0,2955.0,-0.58
2018,5,20180501,Belgium and Luxembourg,1874.0,0,1758.0,6.6
2018,6,20180601,Belgium and Luxembourg,1845.0,0,1741.0,5.97
2018,7,20180701,Belgium and Luxembourg,4902.0,0,4055.0,20.89
2018,8,20180801,Belgium and Luxembourg,4142.0,0,3249.0,27.49
2018,9,20180901,Belgium and Luxembourg,2586.0,0,2500.0,3.44
2018,10,20181001,Belgium and Luxembourg,2670.0,0,2425.0,10.1
2018,11,20181101,Belgium and Luxembourg,2727.0,0,2454.0,11.12
2018,12,20181201,Belgium and Luxembourg,2481.0,0,2218.0,11.86
2019,1,20190101,Belgium and Luxembourg,2632.0,0,2482.0,6.04
2019,2,20190201,Belgium and Luxembourg,2489.0,0,2591.0,-3.94
2019,3,20190301,Belgium and Luxembourg,2800.0,0,3029.0,-7.56
2019,4,20190401,Belgium and Luxembourg,3530.0,0,2938.0,20.15
2019,5,20190501,Belgium and Luxembourg,1967.0,0,1874.0,4.96
2019,6,20190601,Belgium and Luxembourg,1860.0,0,1845.0,0.81
2019,7,20190701,Belgium and Luxembourg,4483.0,0,4902.0,-8.55
2019,8,20190801,Belgium and Luxembourg,4092.0,0,4142.0,-1.21
2019,9,20190901,Belgium and Luxembourg,2677.0,0,2586.0,3.52
2019,10,20191001,Belgium and Luxembourg,2576.0,0,2670.0,-3.52
2019,11,20191101,Belgium and Luxembourg,2820.0,0,2727.0,3.41
2019,12,20191201,Belgium and Luxembourg,2536.0,0,2481.0,2.22
2023,1,20230101,Belgium and Luxembourg,1707.0,0,2632.0,-35.14
2023,2,20230201,Belgium and Luxembourg,2079.0,0,2489.0,-16.47
2023,3,20230301,Belgium and Luxembourg,2215.0,0,2800.0,-20.89
2023,4,20230401,Belgium and Luxembourg,2144.0,0,3530.0,-39.26
2023,5,20230501,Belgium and Luxembourg,2066.0,0,1967.0,5.03
2023,6,20230601,Belgium and Luxembourg,1646.0,0,1860.0,-11.51
2023,7,20230701,Belgium and Luxembourg,3995.0,0,4483.0,-10.89
2023,8,20230801,Belgium and Luxembourg,3466.0,0,4092.0,-15.3
2023,9,20230901,Belgium and Luxembourg,2850.0,0,2677.0,6.46
2023,10,20231001,Belgium and Luxembourg,2371.0,0,2576.0,-7.96
2023,11,20231101,Belgium and Luxembourg,2469.0,0,2820.0,-12.45
2023,12,20231201,Belgium and Luxembourg,1912.0,0,2536.0,-24.61
2024,1,20240101,Belgium and Luxembourg,2302.0,0,1707.0,34.86
2024,2,20240201,Belgium and Luxembourg,2444.0,0,2079.0,17.56
2024,3,20240301,Belgium and Luxembourg,2741.0,0,2215.0,23.75
2024,4,20240401,Belgium and Luxembourg,2969.0,0,2144.0,38.48
2024,5,20240501,Belgium and Luxembourg,2632.0,0,2066.0,27.4
2024,6,20240601,Belgium and Luxembourg,2252.0,0,1646.0,36.82
2024,7,20240701,Belgium and Luxembourg,5326.0,0,3995.0,33.32
2024,8,20240801,Belgium and Luxembourg,4458.0,0,3466.0,28.62
2024,9,20240901,Belgium and Luxembourg,3334.0,0,2850.0,16.98
2024,10,20241001,Belgium and Luxembourg,2865.0,0,2371.0,20.84
2024,11,20241101,Belgium and Luxembourg,2906.0,0,2469.0,17.7
2024,12,20241201,Belgium and Luxembourg,2533.0,0,1912.0,32.48
2025,1,20250101,Belgium and Luxembourg,2634.0,0,2302.0,14.42
2025,2,20250201,Belgium and Luxembourg,2871.0,0,2444.0,17.47
2025,3,20250301,Belgium and Luxembourg,2813.0,0,2741.0,2.63
2025,4,20250401,Belgium and Luxembourg,3139.0,0,2969.0,5.73
2025,5,20250501,Belgium and Luxembourg,2470.0,0,2632.0,-6.16
2025,6,20250601,Belgium and Luxembourg,2238.0,0,2252.0,-0.62
2025,7,20250701,Belgium and Luxembourg,5708.0,0,5326.0,7.17
2025,8,20250801,Belgium and Luxembourg,4703.0,0,4458.0,5.5
2025,9,20250901,Belgium and Luxembourg,3008.0,0,3334.0,-9.78
2025,10,20251001,Belgium and Luxembourg,3033.0,0,2865.0,5.86
2025,11,20251101,Belgium and Luxembourg,2965.0,0,2906.0,2.03
2025,12,20251201,Belgium and Luxembourg,2571.0,0,2533.0,1.5
2026,1,20260101,Belgium and Luxembourg,2686.0,0,2634.0,1.97
2026,2,20260201,Belgium and Luxembourg,3038.0,0,2871.0,5.82
2026,3,20260301,Belgium and Luxembourg,2711.0,0,2813.0,-3.63
2026,4,20260401,Belgium and Luxembourg,3380.0,0,3139.0,7.68
2026,5,20260501,Belgium and Luxembourg,2404.0,0,2470.0,-2.67
2026,6,20260601,Belgium and Luxembourg,2055.0,0,2238.0,-8.18
2026,7,20260701,Belgium and Luxembourg,5988.0,0,5708.0,4.91
2008,1,20080101,Brunei Darussalam,4126.0,0,,
2008,2,20080201,Brunei Darussalam,3338.0,0,,
2008,3,20080301,Brunei Darussalam,5406.0,0,,
2008,4,20080401,Brunei Darussalam,3409.0,0,,
2008,5,20080501,Brunei Darussalam,3927.0,0,,
2008,6,20080601,Brunei Darussalam,5959.0,0,,
2008,7,20080701,Brunei Darussalam,4505.0,0,,
2008,8,20080801,Brunei Darussalam,4627.0,0,,
2008,9,20080901,Brunei Darussalam,3569.0,0,,
2008,10,20081001,Brunei Darussalam,3340.0,0,,
2008,11,20081101,Brunei Darussalam,3989.0,0,,
2008,12,20081201,Brunei Darussalam,8090.0,0,,
2009,1,20090101,Brunei Darussalam,4080.0,0,4126.0,-1.11
2009,2,20090201,Brunei Darussalam,3421.0,0,3338.0,2.49
2009,3,20090301,Brunei Darussalam,5390.0,0,5406.0,-0.3
2009,4,20090401,Brunei Darussalam,3759.0,0,3409.0,10.27
2009,5,20090501,Brunei Darussalam,3935.0,0,3927.0,0.2
2009,6,20090601,Brunei Darussalam,5618.0,0,5959.0,-5.72
2009,7,20090701,Brunei Darussalam,3598.0,0,4505.0,-20.13
2009,8,20090801,Brunei Darussalam,3520.0,0,4627.0,-23.92
2009,9,20090901,Brunei Darussalam,4257.0,0,3569.0,19.28
2009,10,20091001,Brunei Darussalam,3988.0,0,3340.0,19.4
2009,11,20091101,Brunei Darussalam,5260.0,0,3989.0,31.86
2009,12,20091201,Brunei Darussalam,9705.0,0,8090.0,19.96
2010,1,20100101,Brunei Darussalam,5245.0,0,4080.0,28.55
2010,2,20100201,Brunei Darussalam,4139.0,0,3421.0,20.99
2010,3,20100301,Brunei Darussalam,5692.0,0,5390.0,5.6
2010,4,20100401,Brunei Darussalam,3943.0,0,3759.0,4.89
2010,5,20100501,Brunei Darussalam,4796.0,0,3935.0,21.88
2010,6,20100601,Brunei Darussalam,5953.0,0,5618.0,5.96
2010,7,20100701,Brunei Darussalam,5578.0,0,3598.0,55.03
2010,8,20100801,Brunei Darussalam,4244.0,0,3520.0,20.57
2010,9,20100901,Brunei Darussalam,4628.0,0,4257.0,8.72
2010,10,20101001,Brunei Darussalam,3750.0,0,3988.0,-5.97
2010,11,20101101,Brunei Darussalam,4673.0,0,5260.0,-11.16
2010,12,20101201,Brunei Darussalam,9516.0,0,9705.0,-1.95
2011,1,20110101,Brunei Darussalam,4547.0,0,5245.0,-13.31
2011,2,20110201,Brunei Darussalam,3890.0,0,4139.0,-6.02
2011,3,20110301,Brunei Darussalam,5795.0,0,5692.0,1.81
2011,4,20110401,Brunei Darussalam,3747.0,0,3943.0,-4.97
2011,5,20110501,Brunei Darussalam,4007.0,0,4796.0,-16.45
2011,6,20110601,Brunei Darussalam,6510.0,0,5953.0,9.36
2011,7,20110701,Brunei Darussalam,5522.0,0,5578.0,-1.0
2011,8,20110801,Brunei Darussalam,4556.0,0,4244.0,7.35
2011,9,20110901,Brunei Darussalam,3910.0,0,4628.0,-15.51
2011,10,20111001,Brunei Darussalam,4238.0,0,3750.0,13.01
2011,11,20111101,Brunei Darussalam,5139.0,0,4673.0,9.97
2011,12,20111201,Brunei Darussalam,10382.0,0,9516.0,9.1
2012,1,20120101,Brunei Darussalam,4862.0,0,4547.0,6.93
2012,2,20120201,Brunei Darussalam,4782.0,0,3890.0,22.93
2012,3,20120301,Brunei Darussalam,6942.0,0,5795.0,19.79
2012,4,20120401,Brunei Darussalam,4472.0,0,3747.0,19.35
2012,5,20120501,Brunei Darussalam,4649.0,0,4007.0,16.02
2012,6,20120601,Brunei Darussalam,6980.0,0,6510.0,7.22
2012,7,20120701,Brunei Darussalam,5485.0,0,5522.0,-0.67
2012,8,20120801,Brunei Darussalam,5860.0,0,4556.0,28.62
2012,9,20120901,Brunei Darussalam,4106.0,0,3910.0,5.01
2012,10,20121001,Brunei Darussalam,5070.0,0,4238.0,19.63
2012,11,20121101,Brunei Darussalam,6194.0,0,5139.0,20.53
2012,12,20121201,Brunei Darussalam,12353.0,0,10382.0,18.98
2013,1,20130101,Brunei Darussalam,5773.0,0,4862.0,18.74
2013,2,20130201,Brunei Darussalam,4427.0,0,4782.0,-7.42
2013,3,20130301,Brunei Darussalam,8290.0,0,6942.0,19.42
2013,4,20130401,Brunei Darussalam,4486.0,0,4472.0,0.31
2013,5,20130501,Brunei Darussalam,5574.0,0,4649.0,19.9
2013,6,20130601,Brunei Darussalam,7837.0,0,6980.0,12.28
2013,7,20130701,Brunei Darussalam,5922.0,0,5485.0,7.97
2013,8,20130801,Brunei Darussalam,6109.0,0,5860.0,4.25
2013,9,20130901,Brunei Darussalam,4824.0,0,4106.0,17.49
2013,10,20131001,Brunei Darussalam,5879.0,0,5070.0,15.96
2013,11,20131101,Brunei Darussalam,7346.0,0,6194.0,18.6
2013,12,20131201,Brunei Darussalam,13399.0,0,12353.0,8.47
2014,1,20140101,Brunei Darussalam,6418.0,0,5773.0,11.17
2014,2,20140201,Brunei Darussalam,5076.0,0,4427.0,14.66
2014,3,20140301,Brunei Darussalam,7545.0,0,8290.0,-8.99
2014,4,20140401,Brunei Darussalam,4741.0,0,4486.0,5.68
2014,5,20140501,Brunei Darussalam,6254.0,0,5574.0,12.2
2014,6,20140601,Brunei Darussalam,7393.0,0,7837.0,-5.67
2014,7,20140701,Brunei Darussalam,6305.0,0,5922.0,6.47
2014,8,20140801,Brunei Darussalam,5079.0,0,6109.0,-16.86
2014,9,20140901,Brunei Darussalam,5601.0,0,4824.0,16.11
2014,10,20141001,Brunei Darussalam,5440.0,0,5879.0,-7.47
2014,11,20141101,Brunei Darussalam,5806.0,0,7346.0,-20.96
2014,12,20141201,Brunei Darussalam,11998.0,0,13399.0,-10.46
2015,1,20150101,Brunei Darussalam,5521.0,0,6418.0,-13.98
2015,2,20150201,Brunei Darussalam,4759.0,0,5076.0,-6.25
2015,3,20150301,Brunei Darussalam,6989.0,0,7545.0,-7.37
2015,4,20150401,Brunei Darussalam,4977.0,0,4741.0,4.98
2015,5,20150501,Brunei Darussalam,5378.0,0,6254.0,-14.01
2015,6,20150601,Brunei Darussalam,4992.0,0,7393.0,-32.48
2015,7,20150701,Brunei Darussalam,7237.0,0,6305.0,14.78
2015,8,20150801,Brunei Darussalam,4585.0,0,5079.0,-9.73
2015,9,20150901,Brunei Darussalam,5761.0,0,5601.0,2.86
2015,10,20151001,Brunei Darussalam,4825.0,0,5440.0,-11.31
2015,11,20151101,Brunei Darussalam,6191.0,0,5806.0,6.63
2015,12,20151201,Brunei Darussalam,12379.0,0,11998.0,3.18
2016,1,20160101,Brunei Darussalam,5596.0,0,5521.0,1.36
2016,2,20160201,Brunei Darussalam,4768.0,0,4759.0,0.19
2016,3,20160301,Brunei Darussalam,7100.0,0,6989.0,1.59
2016,4,20160401,Brunei Darussalam,5466.0,0,4977.0,9.83
2016,5,20160501,Brunei Darussalam,5768.0,0,5378.0,7.25
2016,6,20160601,Brunei Darussalam,5061.0,0,4992.0,1.38
2016,7,20160701,Brunei Darussalam,6409.0,0,7237.0,-11.44
2016,8,20160801,Brunei Darussalam,4665.0,0,4585.0,1.74
2016,9,20160901,Brunei Darussalam,5551.0,0,5761.0,-3.65
2016,10,20161001,Brunei Darussalam,4022.0,0,4825.0,-16.64
2016,11,20161101,Brunei Darussalam,5256.0,0,6191.0,-15.1
2016,12,20161201,Brunei Darussalam,10229.0,0,12379.0,-17.37
2017,1,20170101,Brunei Darussalam,5297.0,0,5596.0,-5.34
2017,2,20170201,Brunei Darussalam,4379.0,0,4768.0,-8.16
2017,3,20170301,Brunei Darussalam,7835.0,0,7100.0,10.35
2017,4,20170401,Brunei Darussalam,4662.0,0,5466.0,-14.71
2017,5,20170501,Brunei Darussalam,4645.0,0,5768.0,-19.47
2017,6,20170601,Brunei Darussalam,5758.0,0,5061.0,13.77
2017,7,20170701,Brunei Darussalam,5625.0,0,6409.0,-12.23
2017,8,20170801,Brunei Darussalam,4610.0,0,4665.0,-1.18
2017,9,20170901,Brunei Darussalam,5387.0,0,5551.0,-2.95
2017,10,20171001,Brunei Darussalam,4202.0,0,4022.0,4.48
2017,11,20171101,Brunei Darussalam,5258.0,0,5256.0,0.04
2017,12,20171201,Brunei Darussalam,10761.0,0,10229.0,5.2
2018,1,20180101,Brunei Darussalam,6076.0,0,5297.0,14.71
2018,2,20180201,Brunei Darussalam,5105.0,0,4379.0,16.58
2018,3,20180301,Brunei Darussalam,8171.0,0,7835.0,4.29
2018,4,20180401,Brunei Darussalam,5766.0,0,4662.0,23.68
2018,5,20180501,Brunei Darussalam,5250.0,0,4645.0,13.02
2018,6,20180601,Brunei Darussalam,5897.0,0,5758.0,2.41
2018,7,20180701,Brunei Darussalam,5769.0,0,5625.0,2.56
2018,8,20180801,Brunei Darussalam,5168.0,0,4610.0,12.1
2018,9,20180901,Brunei Darussalam,6133.0,0,5387.0,13.85
2018,10,20181001,Brunei Darussalam,5017.0,0,4202.0,19.4
2018,11,20181101,Brunei Darussalam,6118.0,0,5258.0,16.36
2018,12,20181201,Brunei Darussalam,10490.0,0,10761.0,-2.52
2019,1,20190101,Brunei Darussalam,5953.0,0,6076.0,-2.02
2019,2,20190201,Brunei Darussalam,4105.0,0,5105.0,-19.59
2019,3,20190301,Brunei Darussalam,7996.0,0,8171.0,-2.14
2019,4,20190401,Brunei Darussalam,5159.0,0,5766.0,-10.53
2019,5,20190501,Brunei Darussalam,5370.0,0,5250.0,2.29
2019,6,20190601,Brunei Darussalam,5276.0,0,5897.0,-10.53
2019,7,20190701,Brunei Darussalam,5882.0,0,5769.0,1.96
2019,8,20190801,Brunei Darussalam,5156.0,0,5168.0,-0.23
2019,9,20190901,Brunei Darussalam,6356.0,0,6133.0,3.64
2019,10,20191001,Brunei Darussalam,4687.0,0,5017.0,-6.58
2019,11,20191101,Brunei Darussalam,6366.0,0,6118.0,4.05
2019,12,20191201,Brunei Darussalam,10298.0,0,10490.0,-1.83
2023,1,20230101,Brunei Darussalam,3653.0,0,5953.0,-38.64
2023,2,20230201,Brunei Darussalam,4739.0,0,4105.0,15.44
2023,3,20230301,Brunei Darussalam,4460.0,0,7996.0,-44.22
2023,4,20230401,Brunei Darussalam,5850.0,0,5159.0,13.39
2023,5,20230501,Brunei Darussalam,4570.0,0,5370.0,-14.9
2023,6,20230601,Brunei Darussalam,4121.0,0,5276.0,-21.89
2023,7,20230701,Brunei Darussalam,5108.0,0,5882.0,-13.16
2023,8,20230801,Brunei Darussalam,6214.0,0,5156.0,20.52
2023,9,20230901,Brunei Darussalam,4502.0,0,6356.0,-29.17
2023,10,20231001,Brunei Darussalam,4390.0,0,4687.0,-6.34
2023,11,20231101,Brunei Darussalam,4799.0,0,6366.0,-24.62
2023,12,20231201,Brunei Darussalam,9281.0,0,10298.0,-9.88
2024,1,20240101,Brunei Darussalam,5223.0,0,3653.0,42.98
2024,2,20240201,Brunei Darussalam,4584.0,0,4739.0,-3.27
2024,3,20240301,Brunei Darussalam,4779.0,0,4460.0,7.15
2024,4,20240401,Brunei Darussalam,4849.0,0,5850.0,-17.11
2024,5,20240501,Brunei Darussalam,3870.0,0,4570.0,-15.32
2024,6,20240601,Brunei Darussalam,3758.0,0,4121.0,-8.81
2024,7,20240701,Brunei Darussalam,4412.0,0,5108.0,-13.63
2024,8,20240801,Brunei Darussalam,5679.0,0,6214.0,-8.61
2024,9,20240901,Brunei Darussalam,3968.0,0,4502.0,-11.86
2024,10,20241001,Brunei Darussalam,3959.0,0,4390.0,-9.82
2024,11,20241101,Brunei Darussalam,4500.0,0,4799.0,-6.23
2024,12,20241201,Brunei Darussalam,8439.0,0,9281.0,-9.07
2025,1,20250101,Brunei Darussalam,4535.0,0,5223.0,-13.17
2025,2,20250201,Brunei Darussalam,3766.0,0,4584.0,-17.84
2025,3,20250301,Brunei Darussalam,4435.0,0,4779.0,-7.2
2025,4,20250401,Brunei Darussalam,4107.0,0,4849.0,-15.3
2025,5,20250501,Brunei Darussalam,4395.0,0,3870.0,13.57
2025,6,20250601,Brunei Darussalam,4591.0,0,3758.0,22.17
2025,7,20250701,Brunei Darussalam,4123.0,0,4412.0,-6.55
2025,8,20250801,Brunei Darussalam,5475.0,0,5679.0,-3.59
2025,9,20250901,Brunei Darussalam,3895.0,0,3968.0,-1.84
2025,10,20251001,Brunei Darussalam,3946.0,0,3959.0,-0.33
2025,11,20251101,Brunei Darussalam,4614.0,0,4500.0,2.53
2025,12,20251201,Brunei Darussalam,8243.0,0,8439.0,-2.32
2026,1,20260101,Brunei Darussalam,4244.0,0,4535.0,-6.42
2026,2,20260201,Brunei Darussalam,3222.0,0,3766.0,-14.45
2026,3,20260301,Brunei Darussalam,5091.0,0,4435.0,14.79
2026,4,20260401,Brunei Darussalam,3510.0,0,4107.0,-14.54
2026,5,20260501,Brunei Darussalam,4259.0,0,4395.0,-3.09
2026,6,20260601,Brunei Darussalam,3916.0,0,4591.0,-14.7
2026,7,20260701,Brunei Darussalam,4071.0,0,4123.0,-1.26
2008,1,20080101,Canada,8760.0,0,,
2008,2,20080201,Canada,7661.0,0,,
2008,3,20080301,Canada,8239.0,0,,
2008,4,20080401,Canada,6058.0,0,,
2008,5,20080501,Canada,5699.0,0,,
2008,6,20080601,Canada,5078.0,0,,
2008,7,20080701,Canada,6838.0,0,,
2008,8,20080801,Canada,6026.0,0,,
2008,9,20080901,Canada,4273.0,0,,
2008,10,20081001,Canada,6708.0,0,,
2008,11,20081101,Canada,7040.0,0,,
2008,12,20081201,Canada,7664.0,0,,
2009,1,20090101,Canada,7121.0,0,8760.0,-18.71
2009,2,20090201,Canada,6443.0,0,7661.0,-15.9
2009,3,20090301,Canada,7104.0,0,8239.0,-13.78
2009,4,20090401,Canada,5866.0,0,6058.0,-3.17
2009,5,20090501,Canada,4956.0,0,5699.0,-13.04
2009,6,20090601,Canada,4495.0,0,5078.0,-11.48
2009,7,20090701,Canada,5732.0,0,6838.0,-16.17
2009,8,20090801,Canada,5623.0,0,6026.0,-6.69
2009,9,20090901,Canada,3761.0,0,4273.0,-11.98
2009,10,20091001,Canada,5752.0,0,6708.0,-14.25
2009,11,20091101,Canada,6391.0,0,7040.0,-9.22
2009,12,20091201,Canada,6790.0,0,7664.0,-11.4
2010,1,20100101,Canada,6860.0,0,7121.0,-3.67
2010,2,20100201,Canada,6424.0,0,6443.0,-0.29
2010,3,20100301,Canada,7048.0,0,7104.0,-0.79
2010,4,20100401,Canada,6734.0,0,5866.0,14.8
2010,5,20100501,Canada,5457.0,0,4956.0,10.11
2010,6,20100601,Canada,4969.0,0,4495.0,10.55
2010,7,20100701,Canada,6646.0,0,5732.0,15.95
2010,8,20100801,Canada,6397.0,0,5623.0,13.76
2010,9,20100901,Canada,4337.0,0,3761.0,15.32
2010,10,20101001,Canada,6161.0,0,5752.0,7.11
2010,11,20101101,Canada,6485.0,0,6391.0,1.47
2010,12,20101201,Canada,7624.0,0,6790.0,12.28
2011,1,20110101,Canada,7897.0,0,6860.0,15.12
2011,2,20110201,Canada,6898.0,0,6424.0,7.38
2011,3,20110301,Canada,9415.0,0,7048.0,33.58
2011,4,20110401,Canada,7163.0,0,6734.0,6.37
2011,5,20110501,Canada,6116.0,0,5457.0,12.08
2011,6,20110601,Canada,5125.0,0,4969.0,3.14
2011,7,20110701,Canada,7098.0,0,6646.0,6.8
2011,8,20110801,Canada,6399.0,0,6397.0,0.03
2011,9,20110901,Canada,4554.0,0,4337.0,5.0
2011,10,20111001,Canada,6814.0,0,6161.0,10.6
2011,11,20111101,Canada,7843.0,0,6485.0,20.94
2011,12,20111201,Canada,7610.0,0,7624.0,-0.18
2012,1,20120101,Canada,8495.0,0,7897.0,7.57
2012,2,20120201,Canada,8303.0,0,6898.0,20.37
2012,3,20120301,Canada,9930.0,0,9415.0,5.47
2012,4,20120401,Canada,7294.0,0,7163.0,1.83
2012,5,20120501,Canada,6166.0,0,6116.0,0.82
2012,6,20120601,Canada,5356.0,0,5125.0,4.51
2012,7,20120701,Canada,7346.0,0,7098.0,3.49
2012,8,20120801,Canada,6454.0,0,6399.0,0.86
2012,9,20120901,Canada,4858.0,0,4554.0,6.68
2012,10,20121001,Canada,7002.0,0,6814.0,2.76
2012,11,20121101,Canada,7659.0,0,7843.0,-2.35
2012,12,20121201,Canada,8932.0,0,7610.0,17.37
2013,1,20130101,Canada,9798.0,0,8495.0,15.34
2013,2,20130201,Canada,8995.0,0,8303.0,8.33
2013,3,20130301,Canada,9635.0,0,9930.0,-2.97
2013,4,20130401,Canada,7769.0,0,7294.0,6.51
2013,5,20130501,Canada,6699.0,0,6166.0,8.64
2013,6,20130601,Canada,5748.0,0,5356.0,7.32
2013,7,20130701,Canada,7401.0,0,7346.0,0.75
2013,8,20130801,Canada,7008.0,0,6454.0,8.58
2013,9,20130901,Canada,4937.0,0,4858.0,1.63
2013,10,20131001,Canada,7158.0,0,7002.0,2.23
2013,11,20131101,Canada,8000.0,0,7659.0,4.45
2013,12,20131201,Canada,9537.0,0,8932.0,6.77
2014,1,20140101,Canada,10317.0,0,9798.0,5.3
2014,2,20140201,Canada,10118.0,0,8995.0,12.48
2014,3,20140301,Canada,10905.0,0,9635.0,13.18
2014,4,20140401,Canada,6861.0,0,7769.0,-11.69
2014,5,20140501,Canada,6803.0,0,6699.0,1.55
2014,6,20140601,Canada,5516.0,0,5748.0,-4.04
2014,7,20140701,Canada,7052.0,0,7401.0,-4.72
2014,8,20140801,Canada,6641.0,0,7008.0,-5.24
2014,9,20140901,Canada,5022.0,0,4937.0,1.72
2014,10,20141001,Canada,6696.0,0,7158.0,-6.45
2014,11,20141101,Canada,7662.0,0,8000.0,-4.22
2014,12,20141201,Canada,9234.0,0,9537.0,-3.18
2015,1,20150101,Canada,10875.0,0,10317.0,5.41
2015,2,20150201,Canada,9915.0,0,10118.0,-2.01
2015,3,20150301,Canada,10515.0,0,10905.0,-3.58
2015,4,20150401,Canada,7086.0,0,6861.0,3.28
2015,5,20150501,Canada,6637.0,0,6803.0,-2.44
2015,6,20150601,Canada,5914.0,0,5516.0,7.22
2015,7,20150701,Canada,6984.0,0,7052.0,-0.96
2015,8,20150801,Canada,6734.0,0,6641.0,1.4
2015,9,20150901,Canada,5196.0,0,5022.0,3.46
2015,10,20151001,Canada,7858.0,0,6696.0,17.35
2015,11,20151101,Canada,8581.0,0,7662.0,11.99
2015,12,20151201,Canada,9952.0,0,9234.0,7.78
2016,1,20160101,Canada,11209.0,0,10875.0,3.07
2016,2,20160201,Canada,10558.0,0,9915.0,6.49
2016,3,20160301,Canada,10517.0,0,10515.0,0.02
2016,4,20160401,Canada,7598.0,0,7086.0,7.23
2016,5,20160501,Canada,7211.0,0,6637.0,8.65
2016,6,20160601,Canada,5360.0,0,5914.0,-9.37
2016,7,20160701,Canada,7547.0,0,6984.0,8.06
2016,8,20160801,Canada,6896.0,0,6734.0,2.41
2016,9,20160901,Canada,5257.0,0,5196.0,1.17
2016,10,20161001,Canada,7170.0,0,7858.0,-8.76
2016,11,20161101,Canada,9104.0,0,8581.0,6.09
2016,12,20161201,Canada,10047.0,0,9952.0,0.95
2017,1,20170101,Canada,11225.0,0,11209.0,0.14
2017,2,20170201,Canada,11213.0,0,10558.0,6.2
2017,3,20170301,Canada,11493.0,0,10517.0,9.28
2017,4,20170401,Canada,7684.0,0,7598.0,1.13
2017,5,20170501,Canada,7617.0,0,7211.0,5.63
2017,6,20170601,Canada,6217.0,0,5360.0,15.99
2017,7,20170701,Canada,7924.0,0,7547.0,5.0
2017,8,20170801,Canada,7808.0,0,6896.0,13.23
2017,9,20170901,Canada,5999.0,0,5257.0,14.11
2017,10,20171001,Canada,7388.0,0,7170.0,3.04
2017,11,20171101,Canada,10203.0,0,9104.0,12.07
2017,12,20171201,Canada,10443.0,0,10047.0,3.94
2018,1,20180101,Canada,13482.0,0,11225.0,20.11
2018,2,20180201,Canada,13438.0,0,11213.0,19.84
2018,3,20180301,Canada,14317.0,0,11493.0,24.57
2018,4,20180401,Canada,10655.0,0,7684.0,38.66
2018,5,20180501,Canada,9354.0,0,7617.0,22.8
2018,6,20180601,Canada,6964.0,0,6217.0,12.02
2018,7,20180701,Canada,9182.0,0,7924.0,15.88
2018,8,20180801,Canada,9887.0,0,7808.0,26.63
2018,9,20180901,Canada,7669.0,0,5999.0,27.84
2018,10,20181001,Canada,8923.0,0,7388.0,20.78
2018,11,20181101,Canada,12031.0,0,10203.0,17.92
2018,12,20181201,Canada,13614.0,0,10443.0,30.36
2019,1,20190101,Canada,14958.0,0,13482.0,10.95
2019,2,20190201,Canada,13833.0,0,13438.0,2.94
2019,3,20190301,Canada,15968.0,0,14317.0,11.53
2019,4,20190401,Canada,11429.0,0,10655.0,7.26
2019,5,20190501,Canada,11015.0,0,9354.0,17.76
2019,6,20190601,Canada,7436.0,0,6964.0,6.78
2019,7,20190701,Canada,10260.0,0,9182.0,11.74
2019,8,20190801,Canada,11130.0,0,9887.0,12.57
2019,9,20190901,Canada,7996.0,0,7669.0,4.26
2019,10,20191001,Canada,8869.0,0,8923.0,-0.61
2019,11,20191101,Canada,11355.0,0,12031.0,-5.62
2019,12,20191201,Canada,14314.0,0,13614.0,5.14
2023,1,20230101,Canada,11207.0,0,14958.0,-25.08
2023,2,20230201,Canada,13407.0,0,13833.0,-3.08
2023,3,20230301,Canada,12626.0,0,15968.0,-20.93
2023,4,20230401,Canada,9428.0,0,11429.0,-17.51
2023,5,20230501,Canada,12592.0,0,11015.0,14.32
2023,6,20230601,Canada,6664.0,0,7436.0,-10.38
2023,7,20230701,Canada,9770.0,0,10260.0,-4.78
2023,8,20230801,Canada,9877.0,0,11130.0,-11.26
2023,9,20230901,Canada,8407.0,0,7996.0,5.14
2023,10,20231001,Canada,9006.0,0,8869.0,1.54
2023,11,20231101,Canada,13173.0,0,11355.0,16.01
2023,12,20231201,Canada,10998.0,0,14314.0,-23.17
2024,1,20240101,Canada,12878.0,0,11207.0,14.91
2024,2,20240201,Canada,12946.0,0,13407.0,-3.44
2024,3,20240301,Canada,12439.0,0,12626.0,-1.48
2024,4,20240401,Canada,11313.0,0,9428.0,19.99
2024,5,20240501,Canada,11122.0,0,12592.0,-11.67
2024,6,20240601,Canada,7895.0,0,6664.0,18.47
2024,7,20240701,Canada,10875.0,0,9770.0,11.31
2024,8,20240801,Canada,10796.0,0,9877.0,9.3
2024,9,20240901,Canada,9230.0,0,8407.0,9.79
2024,10,20241001,Canada,11402.0,0,9006.0,26.6
2024,11,20241101,Canada,14791.0,0,13173.0,12.28
2024,12,20241201,Canada,12839.0,0,10998.0,16.74
2025,1,20250101,Canada,16855.0,0,12878.0,30.88
2025,2,20250201,Canada,16299.0,0,12946.0,25.9
2025,3,20250301,Canada,17576.0,0,12439.0,41.3
2025,4,20250401,Canada,11702.0,0,11313.0,3.44
2025,5,20250501,Canada,10765.0,0,11122.0,-3.21
2025,6,20250601,Canada,7461.0,0,7895.0,-5.5
2025,7,20250701,Canada,11657.0,0,10875.0,7.19
2025,8,20250801,Canada,11370.0,0,10796.0,5.32
2025,9,20250901,Canada,8992.0,0,9230.0,-2.58
2025,10,20251001,Canada,11814.0,0,11402.0,3.61
2025,11,20251101,Canada,14515.0,0,14791.0,-1.87
2025,12,20251201,Canada,14794.0,0,12839.0,15.23
2026,1,20260101,Canada,17781.0,0,16855.0,5.49
2026,2,20260201,Canada,16255.0,0,16299.0,-0.27
2026,3,20260301,Canada,18110.0,0,17576.0,3.04
2026,4,20260401,Canada,13721.0,0,11702.0,17.25
2026,5,20260501,Canada,10364.0,0,10765.0,-3.73
2026,6,20260601,Canada,7211.0,0,7461.0,-3.35
2026,7,20260701,Canada,11103.0,0,11657.0,-4.75
2008,1,20080101,China,108486.0,1,,
2008,2,20080201,China,121031.0,1,,
2008,3,20080301,China,98180.0,1,,
2008,4,20080401,China,107639.0,1,,
2008,5,20080501,China,86785.0,1,,
2008,6,20080601,China,70565.0,1,,
2008,7,20080701,China,105528.0,1,,
2008,8,20080801,China,91325.0,1,,
2008,9,20080901,China,66582.0,1,,
2008,10,20081001,China,76836.0,1,,
2008,11,20081101,China,79096.0,1,,
2008,12,20081201,China,66689.0,1,,
2009,1,20090101,China,105144.0,1,108486.0,-3.08
2009,2,20090201,China,80037.0,1,121031.0,-33.87
2009,3,20090301,China,91275.0,1,98180.0,-7.03
2009,4,20090401,China,86525.0,1,107639.0,-19.62
2009,5,20090501,China,52058.0,1,86785.0,-40.01
2009,6,20090601,China,41650.0,1,70565.0,-40.98
2009,7,20090701,China,72326.0,1,105528.0,-31.46
2009,8,20090801,China,86530.0,1,91325.0,-5.25
2009,9,20090901,China,59588.0,1,66582.0,-10.5
2009,10,20091001,China,83273.0,1,76836.0,8.38
2009,11,20091101,China,90358.0,1,79096.0,14.24
2009,12,20091201,China,87983.0,1,66689.0,31.93
2010,1,20100101,China,98918.0,1,105144.0,-5.92
2010,2,20100201,China,143050.0,1,80037.0,78.73
2010,3,20100301,China,88038.0,1,91275.0,-3.55
2010,4,20100401,China,91702.0,1,86525.0,5.98
2010,5,20100501,China,71636.0,1,52058.0,37.61
2010,6,20100601,China,69081.0,1,41650.0,65.86
2010,7,20100701,China,117778.0,1,72326.0,62.84
2010,8,20100801,China,130593.0,1,86530.0,50.92
2010,9,20100901,China,74457.0,1,59588.0,24.95
2010,10,20101001,China,92627.0,1,83273.0,11.23
2010,11,20101101,China,94035.0,1,90358.0,4.07
2010,12,20101201,China,99578.0,1,87983.0,13.18
2011,1,20110101,China,132040.0,1,98918.0,33.48
2011,2,20110201,China,149941.0,1,143050.0,4.82
2011,3,20110301,China,129749.0,1,88038.0,47.38
2011,4,20110401,China,131797.0,1,91702.0,43.72
2011,5,20110501,China,110920.0,1,71636.0,54.84
2011,6,20110601,China,103335.0,1,69081.0,49.59
2011,7,20110701,China,183862.0,1,117778.0,56.11
2011,8,20110801,China,183890.0,1,130593.0,40.81
2011,9,20110901,China,104211.0,1,74457.0,39.96
2011,10,20111001,China,133563.0,1,92627.0,44.19
2011,11,20111101,China,100824.0,1,94035.0,7.22
2011,12,20111201,China,113390.0,1,99578.0,13.87
2012,1,20120101,China,201742.0,1,132040.0,52.79
2012,2,20120201,China,158002.0,1,149941.0,5.38
2012,3,20120301,China,182348.0,1,129749.0,40.54
2012,4,20120401,China,173543.0,1,131797.0,31.67
2012,5,20120501,China,139946.0,1,110920.0,26.17
2012,6,20120601,China,122630.0,1,103335.0,18.67
2012,7,20120701,China,201652.0,1,183862.0,9.68
2012,8,20120801,China,206734.0,1,183890.0,12.42
2012,9,20120901,China,128830.0,1,104211.0,23.62
2012,10,20121001,China,170529.0,1,133563.0,27.68
2012,11,20121101,China,177112.0,1,100824.0,75.66
2012,12,20121201,China,171109.0,1,113390.0,50.9
2013,1,20130101,China,189107.0,1,201742.0,-6.26
2013,2,20130201,China,252958.0,1,158002.0,60.1
2013,3,20130301,China,205790.0,1,182348.0,12.86
2013,4,20130401,China,227870.0,1,173543.0,31.3
2013,5,20130501,China,198429.0,1,139946.0,41.79
2013,6,20130601,China,166890.0,1,122630.0,36.09
2013,7,20130701,China,248635.0,1,201652.0,23.3
2013,8,20130801,China,242256.0,1,206734.0,17.18
2013,9,20130901,China,179130.0,1,128830.0,39.04
2013,10,20131001,China,117955.0,1,170529.0,-30.83
2013,11,20131101,China,119618.0,1,177112.0,-32.46
2013,12,20131201,China,121232.0,1,171109.0,-29.15
2014,1,20140101,China,188237.0,1,189107.0,-0.46
2014,2,20140201,China,203600.0,1,252958.0,-19.51
2014,3,20140301,China,165642.0,1,205790.0,-19.51
2014,4,20140401,China,126507.0,1,227870.0,-44.48
2014,5,20140501,China,95987.0,1,198429.0,-51.63
2014,6,20140601,China,91485.0,1,166890.0,-45.18
2014,7,20140701,China,180653.0,1,248635.0,-27.34
2014,8,20140801,China,174150.0,1,242256.0,-28.11
2014,9,20140901,China,105780.0,1,179130.0,-40.95
2014,10,20141001,China,133993.0,1,117955.0,13.6
2014,11,20141101,China,131731.0,1,119618.0,10.13
2014,12,20141201,China,124615.0,1,121232.0,2.79
2015,1,20150101,China,140548.0,1,188237.0,-25.33
2015,2,20150201,China,238011.0,1,203600.0,16.9
2015,3,20150301,China,130827.0,1,165642.0,-21.02
2015,4,20150401,China,153784.0,1,126507.0,21.56
2015,5,20150501,China,141375.0,1,95987.0,47.29
2015,6,20150601,China,144533.0,1,91485.0,57.99
2015,7,20150701,China,246819.0,1,180653.0,36.63
2015,8,20150801,China,267122.0,1,174150.0,53.39
2015,9,20150901,China,149929.0,1,105780.0,41.74
2015,10,20151001,China,165649.0,1,133993.0,23.63
2015,11,20151101,China,158736.0,1,131731.0,20.5
2015,12,20151201,China,168831.0,1,124615.0,35.48
2016,1,20160101,China,229150.0,1,140548.0,63.04
2016,2,20160201,China,277926.0,1,238011.0,16.77
2016,3,20160301,China,241230.0,1,130827.0,84.39
2016,4,20160401,China,269560.0,1,153784.0,75.28
2016,5,20160501,China,234089.0,1,141375.0,65.58
2016,6,20160601,China,221614.0,1,144533.0,53.33
2016,7,20160701,China,311124.0,1,246819.0,26.05
2016,8,20160801,China,315548.0,1,267122.0,18.13
2016,9,20160901,China,170204.0,1,149929.0,13.52
2016,10,20161001,China,173185.0,1,165649.0,4.55
2016,11,20161101,China,193984.0,1,158736.0,22.21
2016,12,20161201,China,226020.0,1,168831.0,33.87
2017,1,20170101,China,316805.0,1,229150.0,38.25
2017,2,20170201,China,268993.0,1,277926.0,-3.21
2017,3,20170301,China,264711.0,1,241230.0,9.73
2017,4,20170401,China,252135.0,1,269560.0,-6.46
2017,5,20170501,China,232361.0,1,234089.0,-0.74
2017,6,20170601,China,218118.0,1,221614.0,-1.58
2017,7,20170701,China,349654.0,1,311124.0,12.38
2017,8,20170801,China,357287.0,1,315548.0,13.23
2017,9,20170901,China,226978.0,1,170204.0,33.36
2017,10,20171001,China,245755.0,1,173185.0,41.9
2017,11,20171101,China,251096.0,1,193984.0,29.44
2017,12,20171201,China,244241.0,1,226020.0,8.06
2018,1,20180101,China,291208.0,1,316805.0,-8.08
2018,2,20180201,China,366616.0,1,268993.0,36.29
2018,3,20180301,China,274879.0,1,264711.0,3.84
2018,4,20180401,China,291119.0,1,252135.0,15.46
2018,5,20180501,China,264802.0,1,232361.0,13.96
2018,6,20180601,China,242118.0,1,218118.0,11.0
2018,7,20180701,China,361019.0,1,349654.0,3.25
2018,8,20180801,China,380108.0,1,357287.0,6.39
2018,9,20180901,China,239824.0,1,226978.0,5.66
2018,10,20181001,China,247664.0,1,245755.0,0.78
2018,11,20181101,China,220053.0,1,251096.0,-12.36
2018,12,20181201,China,238194.0,1,244241.0,-2.48
2019,1,20190101,China,320581.0,1,291208.0,10.09
2019,2,20190201,China,339550.0,1,366616.0,-7.38
2019,3,20190301,China,300209.0,1,274879.0,9.21
2019,4,20190401,China,302098.0,1,291119.0,3.77
2019,5,20190501,China,283445.0,1,264802.0,7.04
2019,6,20190601,China,266107.0,1,242118.0,9.91
2019,7,20190701,China,389503.0,1,361019.0,7.89
2019,8,20190801,China,397070.0,1,380108.0,4.46
2019,9,20190901,China,248568.0,1,239824.0,3.65
2019,10,20191001,China,258611.0,1,247664.0,4.42
2019,11,20191101,China,248636.0,1,220053.0,12.99
2019,12,20191201,China,272742.0,1,238194.0,14.5
2023,1,20230101,China,28375.0,1,320581.0,-91.15
2023,2,20230201,China,35312.0,1,339550.0,-89.6
2023,3,20230301,China,60888.0,1,300209.0,-79.72
2023,4,20230401,China,90725.0,1,302098.0,-69.97
2023,5,20230501,China,95613.0,1,283445.0,-66.27
2023,6,20230601,China,113290.0,1,266107.0,-57.43
2023,7,20230701,China,231331.0,1,389503.0,-40.61
2023,8,20230801,China,215442.0,1,397070.0,-45.74
2023,9,20230901,China,135677.0,1,248568.0,-45.42
2023,10,20231001,China,122765.0,1,258611.0,-52.53
2023,11,20231101,China,104347.0,1,248636.0,-58.03
2023,12,20231201,China,130156.0,1,272742.0,-52.28
2024,1,20240101,China,211150.0,1,28375.0,644.14
2024,2,20240201,China,326860.0,1,35312.0,825.63
2024,3,20240301,China,247622.0,1,60888.0,306.68
2024,4,20240401,China,220332.0,1,90725.0,142.86
2024,5,20240501,China,222010.0,1,95613.0,132.2
2024,6,20240601,China,216170.0,1,113290.0,90.81
2024,7,20240701,China,412805.0,1,231331.0,78.45
2024,8,20240801,China,403138.0,1,215442.0,87.12
2024,9,20240901,China,217205.0,1,135677.0,60.09
2024,10,20241001,China,234528.0,1,122765.0,91.04
2024,11,20241101,China,174751.0,1,104347.0,67.47
2024,12,20241201,China,193483.0,1,130156.0,48.65
2025,1,20250101,China,376481.0,1,211150.0,78.3
2025,2,20250201,China,267974.0,1,326860.0,-18.02
2025,3,20250301,China,187036.0,1,247622.0,-24.47
2025,4,20250401,China,207505.0,1,220332.0,-5.82
2025,5,20250501,China,242013.0,1,222010.0,9.01
2025,6,20250601,China,197185.0,1,216170.0,-8.78
2025,7,20250701,China,414488.0,1,412805.0,0.41
2025,8,20250801,China,398206.0,1,403138.0,-1.22
2025,9,20250901,China,207028.0,1,217205.0,-4.69
2025,10,20251001,China,226010.0,1,234528.0,-3.63
2025,11,20251101,China,203532.0,1,174751.0,16.47
2025,12,20251201,China,172698.0,1,193483.0,-10.74
2026,1,20260101,China,271985.0,1,376481.0,-27.76
2026,2,20260201,China,432329.0,1,267974.0,61.33
2026,3,20260301,China,209094.0,1,187036.0,11.79
2026,4,20260401,China,217874.0,1,207505.0,5.0
2026,5,20260501,China,204643.0,1,242013.0,-15.44
2026,6,20260601,China,197105.0,1,197185.0,-0.04
2026,7,20260701,China,429775.0,1,414488.0,3.69
2008,1,20080101,Denmark,3348.0,0,,
2008,2,20080201,Denmark,3992.0,0,,
2008,3,20080301,Denmark,3720.0,0,,
2008,4,20080401,Denmark,2454.0,0,,
2008,5,20080501,Denmark,1915.0,0,,
2008,6,20080601,Denmark,2003.0,0,,
2008,7,20080701,Denmark,3121.0,0,,
2008,8,20080801,Denmark,2056.0,0,,
2008,9,20080901,Denmark,1966.0,0,,
2008,10,20081001,Denmark,2775.0,0,,
2008,11,20081101,Denmark,2507.0,0,,
2008,12,20081201,Denmark,2459.0,0,,
2009,1,20090101,Denmark,3373.0,0,3348.0,0.75
2009,2,20090201,Denmark,3415.0,0,3992.0,-14.45
2009,3,20090301,Denmark,2949.0,0,3720.0,-20.73
2009,4,20090401,Denmark,2511.0,0,2454.0,2.32
2009,5,20090501,Denmark,1682.0,0,1915.0,-12.17
2009,6,20090601,Denmark,1803.0,0,2003.0,-9.99
2009,7,20090701,Denmark,3007.0,0,3121.0,-3.65
2009,8,20090801,Denmark,1885.0,0,2056.0,-8.32
2009,9,20090901,Denmark,1940.0,0,1966.0,-1.32
2009,10,20091001,Denmark,2795.0,0,2775.0,0.72
2009,11,20091101,Denmark,2811.0,0,2507.0,12.13
2009,12,20091201,Denmark,2400.0,0,2459.0,-2.4
2010,1,20100101,Denmark,3453.0,0,3373.0,2.37
2010,2,20100201,Denmark,3786.0,0,3415.0,10.86
2010,3,20100301,Denmark,3584.0,0,2949.0,21.53
2010,4,20100401,Denmark,2345.0,0,2511.0,-6.61
2010,5,20100501,Denmark,1666.0,0,1682.0,-0.95
2010,6,20100601,Denmark,1820.0,0,1803.0,0.94
2010,7,20100701,Denmark,2934.0,0,3007.0,-2.43
2010,8,20100801,Denmark,1832.0,0,1885.0,-2.81
2010,9,20100901,Denmark,1590.0,0,1940.0,-18.04
2010,10,20101001,Denmark,2451.0,0,2795.0,-12.31
2010,11,20101101,Denmark,2266.0,0,2811.0,-19.39
2010,12,20101201,Denmark,1908.0,0,2400.0,-20.5
2011,1,20110101,Denmark,2868.0,0,3453.0,-16.94
2011,2,20110201,Denmark,3188.0,0,3786.0,-15.8
2011,3,20110301,Denmark,2723.0,0,3584.0,-24.02
2011,4,20110401,Denmark,2307.0,0,2345.0,-1.62
2011,5,20110501,Denmark,1467.0,0,1666.0,-11.94
2011,6,20110601,Denmark,1578.0,0,1820.0,-13.3
2011,7,20110701,Denmark,3064.0,0,2934.0,4.43
2011,8,20110801,Denmark,1595.0,0,1832.0,-12.94
2011,9,20110901,Denmark,1659.0,0,1590.0,4.34
2011,10,20111001,Denmark,2241.0,0,2451.0,-8.57
2011,11,20111101,Denmark,2279.0,0,2266.0,0.57
2011,12,20111201,Denmark,2232.0,0,1908.0,16.98
2012,1,20120101,Denmark,3250.0,0,2868.0,13.32
2012,2,20120201,Denmark,4261.0,0,3188.0,33.66
2012,3,20120301,Denmark,3557.0,0,2723.0,30.63
2012,4,20120401,Denmark,2660.0,0,2307.0,15.3
2012,5,20120501,Denmark,1644.0,0,1467.0,12.07
2012,6,20120601,Denmark,1801.0,0,1578.0,14.13
2012,7,20120701,Denmark,3359.0,0,3064.0,9.63
2012,8,20120801,Denmark,1864.0,0,1595.0,16.87
2012,9,20120901,Denmark,1885.0,0,1659.0,13.62
2012,10,20121001,Denmark,2517.0,0,2241.0,12.32
2012,11,20121101,Denmark,2290.0,0,2279.0,0.48
2012,12,20121201,Denmark,2391.0,0,2232.0,7.12
2013,1,20130101,Denmark,3745.0,0,3250.0,15.23
2013,2,20130201,Denmark,3673.0,0,4261.0,-13.8
2013,3,20130301,Denmark,3545.0,0,3557.0,-0.34
2013,4,20130401,Denmark,2149.0,0,2660.0,-19.21
2013,5,20130501,Denmark,1691.0,0,1644.0,2.86
2013,6,20130601,Denmark,1868.0,0,1801.0,3.72
2013,7,20130701,Denmark,3672.0,0,3359.0,9.32
2013,8,20130801,Denmark,1995.0,0,1864.0,7.03
2013,9,20130901,Denmark,1964.0,0,1885.0,4.19
2013,10,20131001,Denmark,2877.0,0,2517.0,14.3
2013,11,20131101,Denmark,2345.0,0,2290.0,2.4
2013,12,20131201,Denmark,2396.0,0,2391.0,0.21
2014,1,20140101,Denmark,3717.0,0,3745.0,-0.75
2014,2,20140201,Denmark,3860.0,0,3673.0,5.09
2014,3,20140301,Denmark,3234.0,0,3545.0,-8.77
2014,4,20140401,Denmark,2649.0,0,2149.0,23.27
2014,5,20140501,Denmark,1624.0,0,1691.0,-3.96
2014,6,20140601,Denmark,1653.0,0,1868.0,-11.51
2014,7,20140701,Denmark,3293.0,0,3672.0,-10.32
2014,8,20140801,Denmark,2052.0,0,1995.0,2.86
2014,9,20140901,Denmark,2199.0,0,1964.0,11.97
2014,10,20141001,Denmark,2754.0,0,2877.0,-4.28
2014,11,20141101,Denmark,2372.0,0,2345.0,1.15
2014,12,20141201,Denmark,2485.0,0,2396.0,3.71
2015,1,20150101,Denmark,3440.0,0,3717.0,-7.45
2015,2,20150201,Denmark,3634.0,0,3860.0,-5.85
2015,3,20150301,Denmark,3246.0,0,3234.0,0.37
2015,4,20150401,Denmark,2301.0,0,2649.0,-13.14
2015,5,20150501,Denmark,1642.0,0,1624.0,1.11
2015,6,20150601,Denmark,1635.0,0,1653.0,-1.09
2015,7,20150701,Denmark,3786.0,0,3293.0,14.97
2015,8,20150801,Denmark,2161.0,0,2052.0,5.31
2015,9,20150901,Denmark,1974.0,0,2199.0,-10.23
2015,10,20151001,Denmark,2590.0,0,2754.0,-5.95
2015,11,20151101,Denmark,2656.0,0,2372.0,11.97
2015,12,20151201,Denmark,2324.0,0,2485.0,-6.48
2016,1,20160101,Denmark,3833.0,0,3440.0,11.42
2016,2,20160201,Denmark,3988.0,0,3634.0,9.74
2016,3,20160301,Denmark,3441.0,0,3246.0,6.01
2016,4,20160401,Denmark,2273.0,0,2301.0,-1.22
2016,5,20160501,Denmark,1618.0,0,1642.0,-1.46
2016,6,20160601,Denmark,1515.0,0,1635.0,-7.34
2016,7,20160701,Denmark,3506.0,0,3786.0,-7.4
2016,8,20160801,Denmark,1940.0,0,2161.0,-10.23
2016,9,20160901,Denmark,1891.0,0,1974.0,-4.2
2016,10,20161001,Denmark,2795.0,0,2590.0,7.92
2016,11,20161101,Denmark,2273.0,0,2656.0,-14.42
2016,12,20161201,Denmark,2173.0,0,2324.0,-6.5
2017,1,20170101,Denmark,3364.0,0,3833.0,-12.24
2017,2,20170201,Denmark,4099.0,0,3988.0,2.78
2017,3,20170301,Denmark,3182.0,0,3441.0,-7.53
2017,4,20170401,Denmark,2977.0,0,2273.0,30.97
2017,5,20170501,Denmark,1671.0,0,1618.0,3.28
2017,6,20170601,Denmark,1685.0,0,1515.0,11.22
2017,7,20170701,Denmark,4278.0,0,3506.0,22.02
2017,8,20170801,Denmark,2321.0,0,1940.0,19.64
2017,9,20170901,Denmark,2152.0,0,1891.0,13.8
2017,10,20171001,Denmark,2942.0,0,2795.0,5.26
2017,11,20171101,Denmark,2785.0,0,2273.0,22.53
2017,12,20171201,Denmark,2530.0,0,2173.0,16.43
2018,1,20180101,Denmark,3903.0,0,3364.0,16.02
2018,2,20180201,Denmark,4597.0,0,4099.0,12.15
2018,3,20180301,Denmark,4091.0,0,3182.0,28.57
2018,4,20180401,Denmark,2734.0,0,2977.0,-8.16
2018,5,20180501,Denmark,1996.0,0,1671.0,19.45
2018,6,20180601,Denmark,1868.0,0,1685.0,10.86
2018,7,20180701,Denmark,4796.0,0,4278.0,12.11
2018,8,20180801,Denmark,2525.0,0,2321.0,8.79
2018,9,20180901,Denmark,2519.0,0,2152.0,17.05
2018,10,20181001,Denmark,3097.0,0,2942.0,5.27
2018,11,20181101,Denmark,2631.0,0,2785.0,-5.53
2018,12,20181201,Denmark,2660.0,0,2530.0,5.14
2019,1,20190101,Denmark,3542.0,0,3903.0,-9.25
2019,2,20190201,Denmark,4049.0,0,4597.0,-11.92
2019,3,20190301,Denmark,3562.0,0,4091.0,-12.93
2019,4,20190401,Denmark,3286.0,0,2734.0,20.19
2019,5,20190501,Denmark,1850.0,0,1996.0,-7.31
2019,6,20190601,Denmark,1881.0,0,1868.0,0.7
2019,7,20190701,Denmark,5408.0,0,4796.0,12.76
2019,8,20190801,Denmark,2781.0,0,2525.0,10.14
2019,9,20190901,Denmark,2878.0,0,2519.0,14.25
2019,10,20191001,Denmark,3168.0,0,3097.0,2.29
2019,11,20191101,Denmark,2800.0,0,2631.0,6.42
2019,12,20191201,Denmark,2844.0,0,2660.0,6.92
2023,1,20230101,Denmark,2674.0,0,3542.0,-24.51
2023,2,20230201,Denmark,3216.0,0,4049.0,-20.57
2023,3,20230301,Denmark,2679.0,0,3562.0,-24.79
2023,4,20230401,Denmark,2407.0,0,3286.0,-26.75
2023,5,20230501,Denmark,1727.0,0,1850.0,-6.65
2023,6,20230601,Denmark,1499.0,0,1881.0,-20.31
2023,7,20230701,Denmark,2881.0,0,5408.0,-46.73
2023,8,20230801,Denmark,1703.0,0,2781.0,-38.76
2023,9,20230901,Denmark,2158.0,0,2878.0,-25.02
2023,10,20231001,Denmark,2636.0,0,3168.0,-16.79
2023,11,20231101,Denmark,2276.0,0,2800.0,-18.71
2023,12,20231201,Denmark,2042.0,0,2844.0,-28.2
2024,1,20240101,Denmark,2986.0,0,2674.0,11.67
2024,2,20240201,Denmark,3320.0,0,3216.0,3.23
2024,3,20240301,Denmark,2972.0,0,2679.0,10.94
2024,4,20240401,Denmark,2395.0,0,2407.0,-0.5
2024,5,20240501,Denmark,1738.0,0,1727.0,0.64
2024,6,20240601,Denmark,1457.0,0,1499.0,-2.8
2024,7,20240701,Denmark,3644.0,0,2881.0,26.48
2024,8,20240801,Denmark,1988.0,0,1703.0,16.74
2024,9,20240901,Denmark,2219.0,0,2158.0,2.83
2024,10,20241001,Denmark,2636.0,0,2636.0,0.0
2024,11,20241101,Denmark,2577.0,0,2276.0,13.22
2024,12,20241201,Denmark,2415.0,0,2042.0,18.27
2025,1,20250101,Denmark,3162.0,0,2986.0,5.89
2025,2,20250201,Denmark,3909.0,0,3320.0,17.74
2025,3,20250301,Denmark,2935.0,0,2972.0,-1.24
2025,4,20250401,Denmark,2585.0,0,2395.0,7.93
2025,5,20250501,Denmark,1527.0,0,1738.0,-12.14
2025,6,20250601,Denmark,1481.0,0,1457.0,1.65
2025,7,20250701,Denmark,3746.0,0,3644.0,2.8
2025,8,20250801,Denmark,2100.0,0,1988.0,5.63
2025,9,20250901,Denmark,1856.0,0,2219.0,-16.36
2025,10,20251001,Denmark,3136.0,0,2636.0,18.97
2025,11,20251101,Denmark,2502.0,0,2577.0,-2.91
2025,12,20251201,Denmark,2210.0,0,2415.0,-8.49
2026,1,20260101,Denmark,3264.0,0,3162.0,3.23
2026,2,20260201,Denmark,3675.0,0,3909.0,-5.99
2026,3,20260301,Denmark,3461.0,0,2935.0,17.92
2026,4,20260401,Denmark,2353.0,0,2585.0,-8.97
2026,5,20260501,Denmark,1441.0,0,1527.0,-5.63
2026,6,20260601,Denmark,1461.0,0,1481.0,-1.35
2026,7,20260701,Denmark,3859.0,0,3746.0,3.02
2008,1,20080101,Egypt,426.0,0,,
2008,2,20080201,Egypt,312.0,0,,
2008,3,20080301,Egypt,338.0,0,,
2008,4,20080401,Egypt,388.0,0,,
2008,5,20080501,Egypt,295.0,0,,
2008,6,20080601,Egypt,371.0,0,,
2008,7,20080701,Egypt,565.0,0,,
2008,8,20080801,Egypt,521.0,0,,
2008,9,20080901,Egypt,241.0,0,,
2008,10,20081001,Egypt,337.0,0,,
2008,11,20081101,Egypt,277.0,0,,
2008,12,20081201,Egypt,382.0,0,,
2009,1,20090101,Egypt,300.0,0,426.0,-29.58
2009,2,20090201,Egypt,362.0,0,312.0,16.03
2009,3,20090301,Egypt,334.0,0,338.0,-1.18
2009,4,20090401,Egypt,297.0,0,388.0,-23.45
2009,5,20090501,Egypt,220.0,0,295.0,-25.42
2009,6,20090601,Egypt,383.0,0,371.0,3.23
2009,7,20090701,Egypt,397.0,0,565.0,-29.73
2009,8,20090801,Egypt,301.0,0,521.0,-42.23
2009,9,20090901,Egypt,200.0,0,241.0,-17.01
2009,10,20091001,Egypt,390.0,0,337.0,15.73
2009,11,20091101,Egypt,365.0,0,277.0,31.77
2009,12,20091201,Egypt,312.0,0,382.0,-18.32
2010,1,20100101,Egypt,306.0,0,300.0,2.0
2010,2,20100201,Egypt,315.0,0,362.0,-12.98
2010,3,20100301,Egypt,379.0,0,334.0,13.47
2010,4,20100401,Egypt,363.0,0,297.0,22.22
2010,5,20100501,Egypt,307.0,0,220.0,39.55
2010,6,20100601,Egypt,348.0,0,383.0,-9.14
2010,7,20100701,Egypt,607.0,0,397.0,52.9
2010,8,20100801,Egypt,524.0,0,301.0,74.09
2010,9,20100901,Egypt,298.0,0,200.0,49.0
2010,10,20101001,Egypt,444.0,0,390.0,13.85
2010,11,20101101,Egypt,424.0,0,365.0,16.16
2010,12,20101201,Egypt,431.0,0,312.0,38.14
2011,1,20110101,Egypt,397.0,0,306.0,29.74
2011,2,20110201,Egypt,233.0,0,315.0,-26.03
2011,3,20110301,Egypt,292.0,0,379.0,-22.96
2011,4,20110401,Egypt,266.0,0,363.0,-26.72
2011,5,20110501,Egypt,278.0,0,307.0,-9.45
2011,6,20110601,Egypt,331.0,0,348.0,-4.89
2011,7,20110701,Egypt,496.0,0,607.0,-18.29
2011,8,20110801,Egypt,238.0,0,524.0,-54.58
2011,9,20110901,Egypt,393.0,0,298.0,31.88
2011,10,20111001,Egypt,373.0,0,444.0,-15.99
2011,11,20111101,Egypt,279.0,0,424.0,-34.2
2011,12,20111201,Egypt,253.0,0,431.0,-41.3
2012,1,20120101,Egypt,269.0,0,397.0,-32.24
2012,2,20120201,Egypt,319.0,0,233.0,36.91
2012,3,20120301,Egypt,271.0,0,292.0,-7.19
2012,4,20120401,Egypt,345.0,0,266.0,29.7
2012,5,20120501,Egypt,267.0,0,278.0,-3.96
2012,6,20120601,Egypt,304.0,0,331.0,-8.16
2012,7,20120701,Egypt,315.0,0,496.0,-36.49
2012,8,20120801,Egypt,258.0,0,238.0,8.4
2012,9,20120901,Egypt,340.0,0,393.0,-13.49
2012,10,20121001,Egypt,324.0,0,373.0,-13.14
2012,11,20121101,Egypt,341.0,0,279.0,22.22
2012,12,20121201,Egypt,277.0,0,253.0,9.49
2013,1,20130101,Egypt,277.0,0,269.0,2.97
2013,2,20130201,Egypt,288.0,0,319.0,-9.72
2013,3,20130301,Egypt,289.0,0,271.0,6.64
2013,4,20130401,Egypt,324.0,0,345.0,-6.09
2013,5,20130501,Egypt,249.0,0,267.0,-6.74
2013,6,20130601,Egypt,410.0,0,304.0,34.87
2013,7,20130701,Egypt,224.0,0,315.0,-28.89
2013,8,20130801,Egypt,371.0,0,258.0,43.8
2013,9,20130901,Egypt,316.0,0,340.0,-7.06
2013,10,20131001,Egypt,418.0,0,324.0,29.01
2013,11,20131101,Egypt,293.0,0,341.0,-14.08
2013,12,20131201,Egypt,323.0,0,277.0,16.61
2014,1,20140101,Egypt,399.0,0,277.0,44.04
2014,2,20140201,Egypt,351.0,0,288.0,21.88
2014,3,20140301,Egypt,328.0,0,289.0,13.49
2014,4,20140401,Egypt,333.0,0,324.0,2.78
2014,5,20140501,Egypt,322.0,0,249.0,29.32
2014,6,20140601,Egypt,307.0,0,410.0,-25.12
2014,7,20140701,Egypt,214.0,0,224.0,-4.46
2014,8,20140801,Egypt,448.0,0,371.0,20.75
2014,9,20140901,Egypt,399.0,0,316.0,26.27
2014,10,20141001,Egypt,406.0,0,418.0,-2.87
2014,11,20141101,Egypt,397.0,0,293.0,35.49
2014,12,20141201,Egypt,457.0,0,323.0,41.49
2015,1,20150101,Egypt,453.0,0,399.0,13.53
2015,2,20150201,Egypt,268.0,0,351.0,-23.65
2015,3,20150301,Egypt,419.0,0,328.0,27.74
2015,4,20150401,Egypt,348.0,0,333.0,4.5
2015,5,20150501,Egypt,355.0,0,322.0,10.25
2015,6,20150601,Egypt,226.0,0,307.0,-26.38
2015,7,20150701,Egypt,296.0,0,214.0,38.32
2015,8,20150801,Egypt,574.0,0,448.0,28.13
2015,9,20150901,Egypt,444.0,0,399.0,11.28
2015,10,20151001,Egypt,532.0,0,406.0,31.03
2015,11,20151101,Egypt,325.0,0,397.0,-18.14
2015,12,20151201,Egypt,298.0,0,457.0,-34.79
2016,1,20160101,Egypt,387.0,0,453.0,-14.57
2016,2,20160201,Egypt,416.0,0,268.0,55.22
2016,3,20160301,Egypt,283.0,0,419.0,-32.46
2016,4,20160401,Egypt,410.0,0,348.0,17.82
2016,5,20160501,Egypt,424.0,0,355.0,19.44
2016,6,20160601,Egypt,197.0,0,226.0,-12.83
2016,7,20160701,Egypt,340.0,0,296.0,14.86
2016,8,20160801,Egypt,462.0,0,574.0,-19.51
2016,9,20160901,Egypt,448.0,0,444.0,0.9
2016,10,20161001,Egypt,370.0,0,532.0,-30.45
2016,11,20161101,Egypt,350.0,0,325.0,7.69
2016,12,20161201,Egypt,338.0,0,298.0,13.42
2017,1,20170101,Egypt,281.0,0,387.0,-27.39
2017,2,20170201,Egypt,312.0,0,416.0,-25.0
2017,3,20170301,Egypt,390.0,0,283.0,37.81
2017,4,20170401,Egypt,342.0,0,410.0,-16.59
2017,5,20170501,Egypt,260.0,0,424.0,-38.68
2017,6,20170601,Egypt,191.0,0,197.0,-3.05
2017,7,20170701,Egypt,368.0,0,340.0,8.24
2017,8,20170801,Egypt,373.0,0,462.0,-19.26
2017,9,20170901,Egypt,339.0,0,448.0,-24.33
2017,10,20171001,Egypt,403.0,0,370.0,8.92
2017,11,20171101,Egypt,388.0,0,350.0,10.86
2017,12,20171201,Egypt,382.0,0,338.0,13.02
2018,1,20180101,Egypt,419.0,0,281.0,49.11
2018,2,20180201,Egypt,265.0,0,312.0,-15.06
2018,3,20180301,Egypt,466.0,0,390.0,19.49
2018,4,20180401,Egypt,427.0,0,342.0,24.85
2018,5,20180501,Egypt,271.0,0,260.0,4.23
2018,6,20180601,Egypt,240.0,0,191.0,25.65
2018,7,20180701,Egypt,423.0,0,368.0,14.95
2018,8,20180801,Egypt,368.0,0,373.0,-1.34
2018,9,20180901,Egypt,372.0,0,339.0,9.73
2018,10,20181001,Egypt,393.0,0,403.0,-2.48
2018,11,20181101,Egypt,289.0,0,388.0,-25.52
2018,12,20181201,Egypt,435.0,0,382.0,13.87
2019,1,20190101,Egypt,349.0,0,419.0,-16.71
2019,2,20190201,Egypt,341.0,0,265.0,28.68
2019,3,20190301,Egypt,314.0,0,466.0,-32.62
2019,4,20190401,Egypt,415.0,0,427.0,-2.81
2019,5,20190501,Egypt,198.0,0,271.0,-26.94
2019,6,20190601,Egypt,493.0,0,240.0,105.42
2019,7,20190701,Egypt,705.0,0,423.0,66.67
2019,8,20190801,Egypt,440.0,0,368.0,19.57
2019,9,20190901,Egypt,414.0,0,372.0,11.29
2019,10,20191001,Egypt,402.0,0,393.0,2.29
2019,11,20191101,Egypt,474.0,0,289.0,64.01
2019,12,20191201,Egypt,637.0,0,435.0,46.44
2023,1,20230101,Egypt,192.0,0,349.0,-44.99
2023,2,20230201,Egypt,205.0,0,341.0,-39.88
2023,3,20230301,Egypt,168.0,0,314.0,-46.5
2023,4,20230401,Egypt,155.0,0,415.0,-62.65
2023,5,20230501,Egypt,253.0,0,198.0,27.78
2023,6,20230601,Egypt,211.0,0,493.0,-57.2
2023,7,20230701,Egypt,348.0,0,705.0,-50.64
2023,8,20230801,Egypt,243.0,0,440.0,-44.77
2023,9,20230901,Egypt,272.0,0,414.0,-34.3
2023,10,20231001,Egypt,265.0,0,402.0,-34.08
2023,11,20231101,Egypt,269.0,0,474.0,-43.25
2023,12,20231201,Egypt,188.0,0,637.0,-70.49
2024,1,20240101,Egypt,279.0,0,192.0,45.31
2024,2,20240201,Egypt,220.0,0,205.0,7.32
2024,3,20240301,Egypt,175.0,0,168.0,4.17
2024,4,20240401,Egypt,152.0,0,155.0,-1.94
2024,5,20240501,Egypt,284.0,0,253.0,12.25
2024,6,20240601,Egypt,236.0,0,211.0,11.85
2024,7,20240701,Egypt,201.0,0,348.0,-42.24
2024,8,20240801,Egypt,244.0,0,243.0,0.41
2024,9,20240901,Egypt,267.0,0,272.0,-1.84
2024,10,20241001,Egypt,306.0,0,265.0,15.47
2024,11,20241101,Egypt,364.0,0,269.0,35.32
2024,12,20241201,Egypt,239.0,0,188.0,27.13
2025,1,20250101,Egypt,426.0,0,279.0,52.69
2025,2,20250201,Egypt,222.0,0,220.0,0.91
2025,3,20250301,Egypt,152.0,0,175.0,-13.14
2025,4,20250401,Egypt,205.0,0,152.0,34.87
2025,5,20250501,Egypt,253.0,0,284.0,-10.92
2025,6,20250601,Egypt,254.0,0,236.0,7.63
2025,7,20250701,Egypt,329.0,0,201.0,63.68
2025,8,20250801,Egypt,307.0,0,244.0,25.82
2025,9,20250901,Egypt,280.0,0,267.0,4.87
2025,10,20251001,Egypt,505.0,0,306.0,65.03
2025,11,20251101,Egypt,286.0,0,364.0,-21.43
2025,12,20251201,Egypt,281.0,0,239.0,17.57
2026,1,20260101,Egypt,260.0,0,426.0,-38.97
2026,2,20260201,Egypt,201.0,0,222.0,-9.46
2026,3,20260301,Egypt,136.0,0,152.0,-10.53
2026,4,20260401,Egypt,225.0,0,205.0,9.76
2026,5,20260501,Egypt,206.0,0,253.0,-18.58
2026,6,20260601,Egypt,185.0,0,254.0,-27.17
2026,7,20260701,Egypt,245.0,0,329.0,-25.53
2008,1,20080101,Finland,1513.0,0,,
2008,2,20080201,Finland,1554.0,0,,
2008,3,20080301,Finland,1431.0,0,,
2008,4,20080401,Finland,982.0,0,,
2008,5,20080501,Finland,854.0,0,,
2008,6,20080601,Finland,806.0,0,,
2008,7,20080701,Finland,784.0,0,,
2008,8,20080801,Finland,648.0,0,,
2008,9,20080901,Finland,1181.0,0,,
2008,10,20081001,Finland,946.0,0,,
2008,11,20081101,Finland,1169.0,0,,
2008,12,20081201,Finland,1512.0,0,,
2009,1,20090101,Finland,1549.0,0,1513.0,2.38
2009,2,20090201,Finland,1827.0,0,1554.0,17.57
2009,3,20090301,Finland,1801.0,0,1431.0,25.86
2009,4,20090401,Finland,1361.0,0,982.0,38.59
2009,5,20090501,Finland,1202.0,0,854.0,40.75
2009,6,20090601,Finland,1332.0,0,806.0,65.26
2009,7,20090701,Finland,969.0,0,784.0,23.6
2009,8,20090801,Finland,704.0,0,648.0,8.64
2009,9,20090901,Finland,997.0,0,1181.0,-15.58
2009,10,20091001,Finland,1137.0,0,946.0,20.19
2009,11,20091101,Finland,1395.0,0,1169.0,19.33
2009,12,20091201,Finland,1761.0,0,1512.0,16.47
2010,1,20100101,Finland,1972.0,0,1549.0,27.31
2010,2,20100201,Finland,1539.0,0,1827.0,-15.76
2010,3,20100301,Finland,1775.0,0,1801.0,-1.44
2010,4,20100401,Finland,1064.0,0,1361.0,-21.82
2010,5,20100501,Finland,878.0,0,1202.0,-26.96
2010,6,20100601,Finland,991.0,0,1332.0,-25.6
2010,7,20100701,Finland,968.0,0,969.0,-0.1
2010,8,20100801,Finland,754.0,0,704.0,7.1
2010,9,20100901,Finland,986.0,0,997.0,-1.1
2010,10,20101001,Finland,1359.0,0,1137.0,19.53
2010,11,20101101,Finland,1535.0,0,1395.0,10.04
2010,12,20101201,Finland,1790.0,0,1761.0,1.65
2011,1,20110101,Finland,2217.0,0,1972.0,12.42
2011,2,20110201,Finland,1757.0,0,1539.0,14.17
2011,3,20110301,Finland,1649.0,0,1775.0,-7.1
2011,4,20110401,Finland,1138.0,0,1064.0,6.95
2011,5,20110501,Finland,1056.0,0,878.0,20.27
2011,6,20110601,Finland,1985.0,0,991.0,100.3
2011,7,20110701,Finland,1991.0,0,968.0,105.68
2011,8,20110801,Finland,1240.0,0,754.0,64.46
2011,9,20110901,Finland,1259.0,0,986.0,27.69
2011,10,20111001,Finland,2202.0,0,1359.0,62.03
2011,11,20111101,Finland,3092.0,0,1535.0,101.43
2011,12,20111201,Finland,4319.0,0,1790.0,141.28
2012,1,20120101,Finland,4792.0,0,2217.0,116.15
2012,2,20120201,Finland,5586.0,0,1757.0,217.93
2012,3,20120301,Finland,4144.0,0,1649.0,151.3
2012,4,20120401,Finland,2358.0,0,1138.0,107.21
2012,5,20120501,Finland,1607.0,0,1056.0,52.18
2012,6,20120601,Finland,1745.0,0,1985.0,-12.09
2012,7,20120701,Finland,1425.0,0,1991.0,-28.43
2012,8,20120801,Finland,992.0,0,1240.0,-20.0
2012,9,20120901,Finland,1586.0,0,1259.0,25.97
2012,10,20121001,Finland,2541.0,0,2202.0,15.4
2012,11,20121101,Finland,2889.0,0,3092.0,-6.57
2012,12,20121201,Finland,3668.0,0,4319.0,-15.07
2013,1,20130101,Finland,3877.0,0,4792.0,-19.09
2013,2,20130201,Finland,3755.0,0,5586.0,-32.78
2013,3,20130301,Finland,3271.0,0,4144.0,-21.07
2013,4,20130401,Finland,2213.0,0,2358.0,-6.15
2013,5,20130501,Finland,1527.0,0,1607.0,-4.98
2013,6,20130601,Finland,1620.0,0,1745.0,-7.16
2013,7,20130701,Finland,1295.0,0,1425.0,-9.12
2013,8,20130801,Finland,1092.0,0,992.0,10.08
2013,9,20130901,Finland,1558.0,0,1586.0,-1.77
2013,10,20131001,Finland,2249.0,0,2541.0,-11.49
2013,11,20131101,Finland,3280.0,0,2889.0,13.53
2013,12,20131201,Finland,3638.0,0,3668.0,-0.82
2014,1,20140101,Finland,4427.0,0,3877.0,14.19
2014,2,20140201,Finland,4580.0,0,3755.0,21.97
2014,3,20140301,Finland,3449.0,0,3271.0,5.44
2014,4,20140401,Finland,2305.0,0,2213.0,4.16
2014,5,20140501,Finland,1495.0,0,1527.0,-2.1
2014,6,20140601,Finland,1532.0,0,1620.0,-5.43
2014,7,20140701,Finland,1266.0,0,1295.0,-2.24
2014,8,20140801,Finland,1108.0,0,1092.0,1.47
2014,9,20140901,Finland,1759.0,0,1558.0,12.9
2014,10,20141001,Finland,2522.0,0,2249.0,12.14
2014,11,20141101,Finland,3054.0,0,3280.0,-6.89
2014,12,20141201,Finland,3210.0,0,3638.0,-11.76
2015,1,20150101,Finland,3740.0,0,4427.0,-15.52
2015,2,20150201,Finland,3390.0,0,4580.0,-25.98
2015,3,20150301,Finland,3110.0,0,3449.0,-9.83
2015,4,20150401,Finland,2198.0,0,2305.0,-4.64
2015,5,20150501,Finland,1373.0,0,1495.0,-8.16
2015,6,20150601,Finland,1551.0,0,1532.0,1.24
2015,7,20150701,Finland,1308.0,0,1266.0,3.32
2015,8,20150801,Finland,1222.0,0,1108.0,10.29
2015,9,20150901,Finland,1451.0,0,1759.0,-17.51
2015,10,20151001,Finland,2569.0,0,2522.0,1.86
2015,11,20151101,Finland,2761.0,0,3054.0,-9.59
2015,12,20151201,Finland,3231.0,0,3210.0,0.65
2016,1,20160101,Finland,4431.0,0,3740.0,18.48
2016,2,20160201,Finland,3959.0,0,3390.0,16.78
2016,3,20160301,Finland,3186.0,0,3110.0,2.44
2016,4,20160401,Finland,1889.0,0,2198.0,-14.06
2016,5,20160501,Finland,1490.0,0,1373.0,8.52
2016,6,20160601,Finland,1434.0,0,1551.0,-7.54
2016,7,20160701,Finland,1586.0,0,1308.0,21.25
2016,8,20160801,Finland,1114.0,0,1222.0,-8.84
2016,9,20160901,Finland,1688.0,0,1451.0,16.33
2016,10,20161001,Finland,2725.0,0,2569.0,6.07
2016,11,20161101,Finland,2390.0,0,2761.0,-13.44
2016,12,20161201,Finland,2750.0,0,3231.0,-14.89
2017,1,20170101,Finland,3929.0,0,4431.0,-11.33
2017,2,20170201,Finland,3834.0,0,3959.0,-3.16
2017,3,20170301,Finland,3101.0,0,3186.0,-2.67
2017,4,20170401,Finland,2492.0,0,1889.0,31.92
2017,5,20170501,Finland,1596.0,0,1490.0,7.11
2017,6,20170601,Finland,1885.0,0,1434.0,31.45
2017,7,20170701,Finland,1618.0,0,1586.0,2.02
2017,8,20170801,Finland,1294.0,0,1114.0,16.16
2017,9,20170901,Finland,2076.0,0,1688.0,22.99
2017,10,20171001,Finland,2940.0,0,2725.0,7.89
2017,11,20171101,Finland,3170.0,0,2390.0,32.64
2017,12,20171201,Finland,3392.0,0,2750.0,23.35
2018,1,20180101,Finland,4558.0,0,3929.0,16.01
2018,2,20180201,Finland,4780.0,0,3834.0,24.67
2018,3,20180301,Finland,3963.0,0,3101.0,27.8
2018,4,20180401,Finland,2203.0,0,2492.0,-11.6
2018,5,20180501,Finland,1379.0,0,1596.0,-13.6
2018,6,20180601,Finland,1876.0,0,1885.0,-0.48
2018,7,20180701,Finland,1835.0,0,1618.0,13.41
2018,8,20180801,Finland,1156.0,0,1294.0,-10.66
2018,9,20180901,Finland,2021.0,0,2076.0,-2.65
2018,10,20181001,Finland,2867.0,0,2940.0,-2.48
2018,11,20181101,Finland,2585.0,0,3170.0,-18.45
2018,12,20181201,Finland,3357.0,0,3392.0,-1.03
2019,1,20190101,Finland,3642.0,0,4558.0,-20.1
2019,2,20190201,Finland,4220.0,0,4780.0,-11.72
2019,3,20190301,Finland,3106.0,0,3963.0,-21.63
2019,4,20190401,Finland,2148.0,0,2203.0,-2.5
2019,5,20190501,Finland,1483.0,0,1379.0,7.54
2019,6,20190601,Finland,1867.0,0,1876.0,-0.48
2019,7,20190701,Finland,1992.0,0,1835.0,8.56
2019,8,20190801,Finland,1226.0,0,1156.0,6.06
2019,9,20190901,Finland,2210.0,0,2021.0,9.35
2019,10,20191001,Finland,2843.0,0,2867.0,-0.84
2019,11,20191101,Finland,2775.0,0,2585.0,7.35
2019,12,20191201,Finland,3263.0,0,3357.0,-2.8
2023,1,20230101,Finland,2247.0,0,3642.0,-38.3
2023,2,20230201,Finland,2312.0,0,4220.0,-45.21
2023,3,20230301,Finland,2131.0,0,3106.0,-31.39
2023,4,20230401,Finland,1318.0,0,2148.0,-38.64
2023,5,20230501,Finland,1122.0,0,1483.0,-24.34
2023,6,20230601,Finland,1221.0,0,1867.0,-34.6
2023,7,20230701,Finland,1062.0,0,1992.0,-46.69
2023,8,20230801,Finland,838.0,0,1226.0,-31.65
2023,9,20230901,Finland,1275.0,0,2210.0,-42.31
2023,10,20231001,Finland,2059.0,0,2843.0,-27.58
2023,11,20231101,Finland,2236.0,0,2775.0,-19.42
2023,12,20231201,Finland,1957.0,0,3263.0,-40.02
2024,1,20240101,Finland,3490.0,0,2247.0,55.32
2024,2,20240201,Finland,3277.0,0,2312.0,41.74
2024,3,20240301,Finland,2973.0,0,2131.0,39.51
2024,4,20240401,Finland,2008.0,0,1318.0,52.35
2024,5,20240501,Finland,1528.0,0,1122.0,36.19
2024,6,20240601,Finland,1610.0,0,1221.0,31.86
2024,7,20240701,Finland,1271.0,0,1062.0,19.68
2024,8,20240801,Finland,832.0,0,838.0,-0.72
2024,9,20240901,Finland,1334.0,0,1275.0,4.63
2024,10,20241001,Finland,2470.0,0,2059.0,19.96
2024,11,20241101,Finland,2394.0,0,2236.0,7.07
2024,12,20241201,Finland,2839.0,0,1957.0,45.07
2025,1,20250101,Finland,3613.0,0,3490.0,3.52
2025,2,20250201,Finland,3434.0,0,3277.0,4.79
2025,3,20250301,Finland,2827.0,0,2973.0,-4.91
2025,4,20250401,Finland,1911.0,0,2008.0,-4.83
2025,5,20250501,Finland,1593.0,0,1528.0,4.25
2025,6,20250601,Finland,1731.0,0,1610.0,7.52
2025,7,20250701,Finland,1669.0,0,1271.0,31.31
2025,8,20250801,Finland,966.0,0,832.0,16.11
2025,9,20250901,Finland,1448.0,0,1334.0,8.55
2025,10,20251001,Finland,2877.0,0,2470.0,16.48
2025,11,20251101,Finland,2414.0,0,2394.0,0.84
2025,12,20251201,Finland,2479.0,0,2839.0,-12.68
2026,1,20260101,Finland,4322.0,0,3613.0,19.62
2026,2,20260201,Finland,4094.0,0,3434.0,19.22
2026,3,20260301,Finland,3091.0,0,2827.0,9.34
2026,4,20260401,Finland,2112.0,0,1911.0,10.52
2026,5,20260501,Finland,1438.0,0,1593.0,-9.73
2026,6,20260601,Finland,1470.0,0,1731.0,-15.08
2026,7,20260701,Finland,1313.0,0,1669.0,-21.33
2008,1,20080101,France,8771.0,0,,
2008,2,20080201,France,9093.0,0,,
2008,3,20080301,France,9707.0,0,,
2008,4,20080401,France,9897.0,0,,
2008,5,20080501,France,8451.0,0,,
2008,6,20080601,France,7147.0,0,,
2008,7,20080701,France,11267.0,0,,
2008,8,20080801,France,13597.0,0,,
2008,9,20080901,France,7682.0,0,,
2008,10,20081001,France,8200.0,0,,
2008,11,20081101,France,8782.0,0,,
2008,12,20081201,France,8604.0,0,,
2009,1,20090101,France,8168.0,0,8771.0,-6.87
2009,2,20090201,France,9002.0,0,9093.0,-1.0
2009,3,20090301,France,10418.0,0,9707.0,7.32
2009,4,20090401,France,9831.0,0,9897.0,-0.67
2009,5,20090501,France,8642.0,0,8451.0,2.26
2009,6,20090601,France,7685.0,0,7147.0,7.53
2009,7,20090701,France,11867.0,0,11267.0,5.33
2009,8,20090801,France,16005.0,0,13597.0,17.71
2009,9,20090901,France,8383.0,0,7682.0,9.13
2009,10,20091001,France,10012.0,0,8200.0,22.1
2009,11,20091101,France,10339.0,0,8782.0,17.73
2009,12,20091201,France,9376.0,0,8604.0,8.97
2010,1,20100101,France,10010.0,0,8168.0,22.55
2010,2,20100201,France,10684.0,0,9002.0,18.68
2010,3,20100301,France,11349.0,0,10418.0,8.94
2010,4,20100401,France,11283.0,0,9831.0,14.77
2010,5,20100501,France,10323.0,0,8642.0,19.45
2010,6,20100601,France,8359.0,0,7685.0,8.77
2010,7,20100701,France,11904.0,0,11867.0,0.31
2010,8,20100801,France,15794.0,0,16005.0,-1.32
2010,9,20100901,France,8362.0,0,8383.0,-0.25
2010,10,20101001,France,10062.0,0,10012.0,0.5
2010,11,20101101,France,11753.0,0,10339.0,13.68
2010,12,20101201,France,10578.0,0,9376.0,12.82
2011,1,20110101,France,10957.0,0,10010.0,9.46
2011,2,20110201,France,10755.0,0,10684.0,0.66
2011,3,20110301,France,12342.0,0,11349.0,8.75
2011,4,20110401,France,11852.0,0,11283.0,5.04
2011,5,20110501,France,10086.0,0,10323.0,-2.3
2011,6,20110601,France,7990.0,0,8359.0,-4.41
2011,7,20110701,France,13943.0,0,11904.0,17.13
2011,8,20110801,France,17520.0,0,15794.0,10.93
2011,9,20110901,France,10434.0,0,8362.0,24.78
2011,10,20111001,France,11204.0,0,10062.0,11.35
2011,11,20111101,France,11166.0,0,11753.0,-4.99
2011,12,20111201,France,12050.0,0,10578.0,13.92
2012,1,20120101,France,10939.0,0,10957.0,-0.16
2012,2,20120201,France,14493.0,0,10755.0,34.76
2012,3,20120301,France,14253.0,0,12342.0,15.48
2012,4,20120401,France,14517.0,0,11852.0,22.49
2012,5,20120501,France,10902.0,0,10086.0,8.09
2012,6,20120601,France,9301.0,0,7990.0,16.41
2012,7,20120701,France,15402.0,0,13943.0,10.46
2012,8,20120801,France,20864.0,0,17520.0,19.09
2012,9,20120901,France,12529.0,0,10434.0,20.08
2012,10,20121001,France,11328.0,0,11204.0,1.11
2012,11,20121101,France,12585.0,0,11166.0,12.71
2012,12,20121201,France,11810.0,0,12050.0,-1.99
2013,1,20130101,France,12798.0,0,10939.0,16.99
2013,2,20130201,France,12621.0,0,14493.0,-12.92
2013,3,20130301,France,16120.0,0,14253.0,13.1
2013,4,20130401,France,13403.0,0,14517.0,-7.67
2013,5,20130501,France,12432.0,0,10902.0,14.03
2013,6,20130601,France,9349.0,0,9301.0,0.52
2013,7,20130701,France,15466.0,0,15402.0,0.42
2013,8,20130801,France,21876.0,0,20864.0,4.85
2013,9,20130901,France,10508.0,0,12529.0,-16.13
2013,10,20131001,France,12384.0,0,11328.0,9.32
2013,11,20131101,France,11359.0,0,12585.0,-9.74
2013,12,20131201,France,11697.0,0,11810.0,-0.96
2014,1,20140101,France,11966.0,0,12798.0,-6.5
2014,2,20140201,France,14180.0,0,12621.0,12.35
2014,3,20140301,France,15735.0,0,16120.0,-2.39
2014,4,20140401,France,13643.0,0,13403.0,1.79
2014,5,20140501,France,11980.0,0,12432.0,-3.64
2014,6,20140601,France,9288.0,0,9349.0,-0.65
2014,7,20140701,France,14405.0,0,15466.0,-6.86
2014,8,20140801,France,20541.0,0,21876.0,-6.1
2014,9,20140901,France,10323.0,0,10508.0,-1.76
2014,10,20141001,France,12351.0,0,12384.0,-0.27
2014,11,20141101,France,11762.0,0,11359.0,3.55
2014,12,20141201,France,10708.0,0,11697.0,-8.46
2015,1,20150101,France,11285.0,0,11966.0,-5.69
2015,2,20150201,France,13590.0,0,14180.0,-4.16
2015,3,20150301,France,12789.0,0,15735.0,-18.72
2015,4,20150401,France,13135.0,0,13643.0,-3.72
2015,5,20150501,France,11686.0,0,11980.0,-2.45
2015,6,20150601,France,8969.0,0,9288.0,-3.43
2015,7,20150701,France,16926.0,0,14405.0,17.5
2015,8,20150801,France,22241.0,0,20541.0,8.28
2015,9,20150901,France,9816.0,0,10323.0,-4.91
2015,10,20151001,France,13334.0,0,12351.0,7.96
2015,11,20151101,France,12269.0,0,11762.0,4.31
2015,12,20151201,France,11443.0,0,10708.0,6.86
2016,1,20160101,France,12144.0,0,11285.0,7.61
2016,2,20160201,France,16417.0,0,13590.0,20.8
2016,3,20160301,France,14259.0,0,12789.0,11.49
2016,4,20160401,France,16628.0,0,13135.0,26.59
2016,5,20160501,France,11789.0,0,11686.0,0.88
2016,6,20160601,France,8954.0,0,8969.0,-0.17
2016,7,20160701,France,16844.0,0,16926.0,-0.48
2016,8,20160801,France,23795.0,0,22241.0,6.99
2016,9,20160901,France,11176.0,0,9816.0,13.85
2016,10,20161001,France,14543.0,0,13334.0,9.07
2016,11,20161101,France,12615.0,0,12269.0,2.82
2016,12,20161201,France,11749.0,0,11443.0,2.67
2017,1,20170101,France,12356.0,0,12144.0,1.75
2017,2,20170201,France,16851.0,0,16417.0,2.64
2017,3,20170301,France,14751.0,0,14259.0,3.45
2017,4,20170401,France,15681.0,0,16628.0,-5.7
2017,5,20170501,France,12333.0,0,11789.0,4.61
2017,6,20170601,France,9643.0,0,8954.0,7.69
2017,7,20170701,France,18255.0,0,16844.0,8.38
2017,8,20170801,France,23815.0,0,23795.0,0.08
2017,9,20170901,France,11584.0,0,11176.0,3.65
2017,10,20171001,France,14082.0,0,14543.0,-3.17
2017,11,20171101,France,14210.0,0,12615.0,12.64
2017,12,20171201,France,11852.0,0,11749.0,0.88
2018,1,20180101,France,15788.0,0,12356.0,27.78
2018,2,20180201,France,18539.0,0,16851.0,10.02
2018,3,20180301,France,17579.0,0,14751.0,19.17
2018,4,20180401,France,18647.0,0,15681.0,18.91
2018,5,20180501,France,15071.0,0,12333.0,22.2
2018,6,20180601,France,10706.0,0,9643.0,11.02
2018,7,20180701,France,21991.0,0,18255.0,20.47
2018,8,20180801,France,28097.0,0,23815.0,17.98
2018,9,20180901,France,13550.0,0,11584.0,16.97
2018,10,20181001,France,15717.0,0,14082.0,11.61
2018,11,20181101,France,16162.0,0,14210.0,13.74
2018,12,20181201,France,12922.0,0,11852.0,9.03
2019,1,20190101,France,18052.0,0,15788.0,14.34
2019,2,20190201,France,19884.0,0,18539.0,7.25
2019,3,20190301,France,19099.0,0,17579.0,8.65
2019,4,20190401,France,17974.0,0,18647.0,-3.61
2019,5,20190501,France,14413.0,0,15071.0,-4.37
2019,6,20190601,France,11822.0,0,10706.0,10.42
2019,7,20190701,France,21953.0,0,21991.0,-0.17
2019,8,20190801,France,28953.0,0,28097.0,3.05
2019,9,20190901,France,15137.0,0,13550.0,11.71
2019,10,20191001,France,16369.0,0,15717.0,4.15
2019,11,20191101,France,15407.0,0,16162.0,-4.67
2019,12,20191201,France,13745.0,0,12922.0,6.37
2023,1,20230101,France,9873.0,0,18052.0,-45.31
2023,2,20230201,France,13722.0,0,19884.0,-30.99
2023,3,20230301,France,12924.0,0,19099.0,-32.33
2023,4,20230401,France,13260.0,0,17974.0,-26.23
2023,5,20230501,France,13557.0,0,14413.0,-5.94
2023,6,20230601,France,9709.0,0,11822.0,-17.87
2023,7,20230701,France,18158.0,0,21953.0,-17.29
2023,8,20230801,France,24471.0,0,28953.0,-15.48
2023,9,20230901,France,13476.0,0,15137.0,-10.97
2023,10,20231001,France,13088.0,0,16369.0,-20.04
2023,11,20231101,France,12002.0,0,15407.0,-22.1
2023,12,20231201,France,10010.0,0,13745.0,-27.17
2024,1,20240101,France,12945.0,0,9873.0,31.12
2024,2,20240201,France,17244.0,0,13722.0,25.67
2024,3,20240301,France,14035.0,0,12924.0,8.6
2024,4,20240401,France,16776.0,0,13260.0,26.52
2024,5,20240501,France,15013.0,0,13557.0,10.74
2024,6,20240601,France,10852.0,0,9709.0,11.77
2024,7,20240701,France,21021.0,0,18158.0,15.77
2024,8,20240801,France,26916.0,0,24471.0,9.99
2024,9,20240901,France,14774.0,0,13476.0,9.63
2024,10,20241001,France,14969.0,0,13088.0,14.37
2024,11,20241101,France,13671.0,0,12002.0,13.91
2024,12,20241201,France,10947.0,0,10010.0,9.36
2025,1,20250101,France,12948.0,0,12945.0,0.02
2025,2,20250201,France,18937.0,0,17244.0,9.82
2025,3,20250301,France,14771.0,0,14035.0,5.24
2025,4,20250401,France,15665.0,0,16776.0,-6.62
2025,5,20250501,France,14639.0,0,15013.0,-2.49
2025,6,20250601,France,10480.0,0,10852.0,-3.43
2025,7,20250701,France,24943.0,0,21021.0,18.66
2025,8,20250801,France,31826.0,0,26916.0,18.24
2025,9,20250901,France,14149.0,0,14774.0,-4.23
2025,10,20251001,France,14996.0,0,14969.0,0.18
2025,11,20251101,France,12683.0,0,13671.0,-7.23
2025,12,20251201,France,10620.0,0,10947.0,-2.99
2026,1,20260101,France,13400.0,0,12948.0,3.49
2026,2,20260201,France,17535.0,0,18937.0,-7.4
2026,3,20260301,France,15521.0,0,14771.0,5.08
2026,4,20260401,France,15988.0,0,15665.0,2.06
2026,5,20260501,France,13574.0,0,14639.0,-7.28
2026,6,20260601,France,10569.0,0,10480.0,0.85
2026,7,20260701,France,21750.0,0,24943.0,-12.8
2008,1,20080101,Germany,14269.0,0,,
2008,2,20080201,Germany,15670.0,0,,
2008,3,20080301,Germany,18467.0,0,,
2008,4,20080401,Germany,14169.0,0,,
2008,5,20080501,Germany,11609.0,0,,
2008,6,20080601,Germany,10893.0,0,,
2008,7,20080701,Germany,13500.0,0,,
2008,8,20080801,Germany,14690.0,0,,
2008,9,20080901,Germany,14033.0,0,,
2008,10,20081001,Germany,16762.0,0,,
2008,11,20081101,Germany,16946.0,0,,
2008,12,20081201,Germany,14272.0,0,,
2009,1,20090101,Germany,14551.0,0,14269.0,1.98
2009,2,20090201,Germany,14985.0,0,15670.0,-4.37
2009,3,20090301,Germany,19351.0,0,18467.0,4.79
2009,4,20090401,Germany,15931.0,0,14169.0,12.44
2009,5,20090501,Germany,11002.0,0,11609.0,-5.23
2009,6,20090601,Germany,10373.0,0,10893.0,-4.77
2009,7,20090701,Germany,13356.0,0,13500.0,-1.07
2009,8,20090801,Germany,15563.0,0,14690.0,5.94
2009,9,20090901,Germany,14742.0,0,14033.0,5.05
2009,10,20091001,Germany,17384.0,0,16762.0,3.71
2009,11,20091101,Germany,20619.0,0,16946.0,21.67
2009,12,20091201,Germany,15824.0,0,14272.0,10.87
2010,1,20100101,Germany,18091.0,0,14551.0,24.33
2010,2,20100201,Germany,17337.0,0,14985.0,15.7
2010,3,20100301,Germany,24044.0,0,19351.0,24.25
2010,4,20100401,Germany,17908.0,0,15931.0,12.41
2010,5,20100501,Germany,14058.0,0,11002.0,27.78
2010,6,20100601,Germany,11839.0,0,10373.0,14.13
2010,7,20100701,Germany,14647.0,0,13356.0,9.67
2010,8,20100801,Germany,17269.0,0,15563.0,10.96
2010,9,20100901,Germany,15994.0,0,14742.0,8.49
2010,10,20101001,Germany,18241.0,0,17384.0,4.93
2010,11,20101101,Germany,22283.0,0,20619.0,8.07
2010,12,20101201,Germany,17552.0,0,15824.0,10.92
2011,1,20110101,Germany,19862.0,0,18091.0,9.79
2011,2,20110201,Germany,19290.0,0,17337.0,11.26
2011,3,20110301,Germany,23715.0,0,24044.0,-1.37
2011,4,20110401,Germany,18274.0,0,17908.0,2.04
2011,5,20110501,Germany,12628.0,0,14058.0,-10.17
2011,6,20110601,Germany,12094.0,0,11839.0,2.15
2011,7,20110701,Germany,15675.0,0,14647.0,7.02
2011,8,20110801,Germany,18141.0,0,17269.0,5.05
2011,9,20110901,Germany,17400.0,0,15994.0,8.79
2011,10,20111001,Germany,18938.0,0,18241.0,3.82
2011,11,20111101,Germany,22487.0,0,22283.0,0.92
2011,12,20111201,Germany,21448.0,0,17552.0,22.2
2012,1,20120101,Germany,26463.0,0,19862.0,33.23
2012,2,20120201,Germany,27868.0,0,19290.0,44.47
2012,3,20120301,Germany,30111.0,0,23715.0,26.97
2012,4,20120401,Germany,19375.0,0,18274.0,6.02
2012,5,20120501,Germany,14377.0,0,12628.0,13.85
2012,6,20120601,Germany,13106.0,0,12094.0,8.37
2012,7,20120701,Germany,17784.0,0,15675.0,13.45
2012,8,20120801,Germany,20355.0,0,18141.0,12.2
2012,9,20120901,Germany,19658.0,0,17400.0,12.98
2012,10,20121001,Germany,20744.0,0,18938.0,9.54
2012,11,20121101,Germany,20254.0,0,22487.0,-9.93
2012,12,20121201,Germany,22338.0,0,21448.0,4.15
2013,1,20130101,Germany,22837.0,0,26463.0,-13.7
2013,2,20130201,Germany,23053.0,0,27868.0,-17.28
2013,3,20130301,Germany,31307.0,0,30111.0,3.97
2013,4,20130401,Germany,18494.0,0,19375.0,-4.55
2013,5,20130501,Germany,15763.0,0,14377.0,9.64
2013,6,20130601,Germany,13453.0,0,13106.0,2.65
2013,7,20130701,Germany,18262.0,0,17784.0,2.69
2013,8,20130801,Germany,22265.0,0,20355.0,9.38
2013,9,20130901,Germany,21012.0,0,19658.0,6.89
2013,10,20131001,Germany,21759.0,0,20744.0,4.89
2013,11,20131101,Germany,21213.0,0,20254.0,4.73
2013,12,20131201,Germany,22142.0,0,22338.0,-0.88
2014,1,20140101,Germany,25176.0,0,22837.0,10.24
2014,2,20140201,Germany,25422.0,0,23053.0,10.28
2014,3,20140301,Germany,30806.0,0,31307.0,-1.6
2014,4,20140401,Germany,22125.0,0,18494.0,19.63
2014,5,20140501,Germany,15425.0,0,15763.0,-2.14
2014,6,20140601,Germany,13270.0,0,13453.0,-1.36
2014,7,20140701,Germany,17014.0,0,18262.0,-6.83
2014,8,20140801,Germany,24544.0,0,22265.0,10.24
2014,9,20140901,Germany,22156.0,0,21012.0,5.44
2014,10,20141001,Germany,21905.0,0,21759.0,0.67
2014,11,20141101,Germany,21514.0,0,21213.0,1.42
2014,12,20141201,Germany,24156.0,0,22142.0,9.1
2015,1,20150101,Germany,24529.0,0,25176.0,-2.57
2015,2,20150201,Germany,24937.0,0,25422.0,-1.91
2015,3,20150301,Germany,31468.0,0,30806.0,2.15
2015,4,20150401,Germany,20086.0,0,22125.0,-9.22
2015,5,20150501,Germany,16266.0,0,15425.0,5.45
2015,6,20150601,Germany,13660.0,0,13270.0,2.94
2015,7,20150701,Germany,18815.0,0,17014.0,10.59
2015,8,20150801,Germany,26784.0,0,24544.0,9.13
2015,9,20150901,Germany,22303.0,0,22156.0,0.66
2015,10,20151001,Germany,24718.0,0,21905.0,12.84
2015,11,20151101,Germany,27994.0,0,21514.0,30.12
2015,12,20151201,Germany,35172.0,0,24156.0,45.6
2016,1,20160101,Germany,39133.0,0,24529.0,59.54
2016,2,20160201,Germany,37455.0,0,24937.0,50.2
2016,3,20160301,Germany,40603.0,0,31468.0,29.03
2016,4,20160401,Germany,21371.0,0,20086.0,6.4
2016,5,20160501,Germany,17868.0,0,16266.0,9.85
2016,6,20160601,Germany,13776.0,0,13660.0,0.85
2016,7,20160701,Germany,19327.0,0,18815.0,2.72
2016,8,20160801,Germany,25895.0,0,26784.0,-3.32
2016,9,20160901,Germany,22567.0,0,22303.0,1.18
2016,10,20161001,Germany,27153.0,0,24718.0,9.85
2016,11,20161101,Germany,28441.0,0,27994.0,1.6
2016,12,20161201,Germany,35176.0,0,35172.0,0.01
2017,1,20170101,Germany,37068.0,0,39133.0,-5.28
2017,2,20170201,Germany,40022.0,0,37455.0,6.85
2017,3,20170301,Germany,43618.0,0,40603.0,7.43
2017,4,20170401,Germany,30420.0,0,21371.0,42.34
2017,5,20170501,Germany,17427.0,0,17868.0,-2.47
2017,6,20170601,Germany,16274.0,0,13776.0,18.13
2017,7,20170701,Germany,21206.0,0,19327.0,9.72
2017,8,20170801,Germany,26590.0,0,25895.0,2.68
2017,9,20170901,Germany,24858.0,0,22567.0,10.15
2017,10,20171001,Germany,27617.0,0,27153.0,1.71
2017,11,20171101,Germany,28423.0,0,28441.0,-0.06
2017,12,20171201,Germany,28863.0,0,35176.0,-17.95
2018,1,20180101,Germany,38733.0,0,37068.0,4.49
2018,2,20180201,Germany,36701.0,0,40022.0,-8.3
2018,3,20180301,Germany,36973.0,0,43618.0,-15.23
2018,4,20180401,Germany,26640.0,0,30420.0,-12.43
2018,5,20180501,Germany,20136.0,0,17427.0,15.54
2018,6,20180601,Germany,17397.0,0,16274.0,6.9
2018,7,20180701,Germany,25215.0,0,21206.0,18.91
2018,8,20180801,Germany,29525.0,0,26590.0,11.04
2018,9,20180901,Germany,28000.0,0,24858.0,12.64
2018,10,20181001,Germany,28808.0,0,27617.0,4.31
2018,11,20181101,Germany,29465.0,0,28423.0,3.67
2018,12,20181201,Germany,39214.0,0,28863.0,35.86
2019,1,20190101,Germany,46784.0,0,38733.0,20.79
2019,2,20190201,Germany,41522.0,0,36701.0,13.14
2019,3,20190301,Germany,44963.0,0,36973.0,21.61
2019,4,20190401,Germany,33428.0,0,26640.0,25.48
2019,5,20190501,Germany,18753.0,0,20136.0,-6.87
2019,6,20190601,Germany,17574.0,0,17397.0,1.02
2019,7,20190701,Germany,23843.0,0,25215.0,-5.44
2019,8,20190801,Germany,27209.0,0,29525.0,-7.84
2019,9,20190901,Germany,26979.0,0,28000.0,-3.65
2019,10,20191001,Germany,28485.0,0,28808.0,-1.12
2019,11,20191101,Germany,37191.0,0,29465.0,26.22
2019,12,20191201,Germany,34026.0,0,39214.0,-13.23
2023,1,20230101,Germany,26678.0,0,46784.0,-42.98
2023,2,20230201,Germany,31063.0,0,41522.0,-25.19
2023,3,20230301,Germany,34976.0,0,44963.0,-22.21
2023,4,20230401,Germany,24219.0,0,33428.0,-27.55
2023,5,20230501,Germany,22534.0,0,18753.0,20.16
2023,6,20230601,Germany,15026.0,0,17574.0,-14.5
2023,7,20230701,Germany,21074.0,0,23843.0,-11.61
2023,8,20230801,Germany,24633.0,0,27209.0,-9.47
2023,9,20230901,Germany,25075.0,0,26979.0,-7.06
2023,10,20231001,Germany,24581.0,0,28485.0,-13.71
2023,11,20231101,Germany,26528.0,0,37191.0,-28.67
2023,12,20231201,Germany,25476.0,0,34026.0,-25.13
2024,1,20240101,Germany,40121.0,0,26678.0,50.39
2024,2,20240201,Germany,37725.0,0,31063.0,21.45
2024,3,20240301,Germany,39349.0,0,34976.0,12.5
2024,4,20240401,Germany,27952.0,0,24219.0,15.41
2024,5,20240501,Germany,24536.0,0,22534.0,8.88
2024,6,20240601,Germany,13930.0,0,15026.0,-7.29
2024,7,20240701,Germany,21116.0,0,21074.0,0.2
2024,8,20240801,Germany,27501.0,0,24633.0,11.64
2024,9,20240901,Germany,23795.0,0,25075.0,-5.1
2024,10,20241001,Germany,26180.0,0,24581.0,6.51
2024,11,20241101,Germany,26020.0,0,26528.0,-1.91
2024,12,20241201,Germany,31729.0,0,25476.0,24.54
2025,1,20250101,Germany,39376.0,0,40121.0,-1.86
2025,2,20250201,Germany,39200.0,0,37725.0,3.91
2025,3,20250301,Germany,37577.0,0,39349.0,-4.5
2025,4,20250401,Germany,30761.0,0,27952.0,10.05
2025,5,20250501,Germany,26299.0,0,24536.0,7.19
2025,6,20250601,Germany,15844.0,0,13930.0,13.74
2025,7,20250701,Germany,23199.0,0,21116.0,9.86
2025,8,20250801,Germany,32190.0,0,27501.0,17.05
2025,9,20250901,Germany,25397.0,0,23795.0,6.73
2025,10,20251001,Germany,26922.0,0,26180.0,2.83
2025,11,20251101,Germany,24859.0,0,26020.0,-4.46
2025,12,20251201,Germany,34757.0,0,31729.0,9.54
2026,1,20260101,Germany,34723.0,0,39376.0,-11.82
2026,2,20260201,Germany,45675.0,0,39200.0,16.52
2026,3,20260301,Germany,40094.0,0,37577.0,6.7
2026,4,20260401,Germany,26265.0,0,30761.0,-14.62
2026,5,20260501,Germany,22357.0,0,26299.0,-14.99
2026,6,20260601,Germany,14105.0,0,15844.0,-10.98
2026,7,20260701,Germany,24357.0,0,23199.0,4.99
2008,1,20080101,Hong Kong SAR,19817.0,0,,
2008,2,20080201,Hong Kong SAR,27263.0,0,,
2008,3,20080301,Hong Kong SAR,27600.0,0,,
2008,4,20080401,Hong Kong SAR,20232.0,0,,
2008,5,20080501,Hong Kong SAR,22867.0,0,,
2008,6,20080601,Hong Kong SAR,23055.0,0,,
2008,7,20080701,Hong Kong SAR,28218.0,0,,
2008,8,20080801,Hong Kong SAR,26847.0,0,,
2008,9,20080901,Hong Kong SAR,20765.0,0,,
2008,10,20081001,Hong Kong SAR,20016.0,0,,
2008,11,20081101,Hong Kong SAR,19197.0,0,,
2008,12,20081201,Hong Kong SAR,22238.0,0,,
2009,1,20090101,Hong Kong SAR,23399.0,0,19817.0,18.08
2009,2,20090201,Hong Kong SAR,19720.0,0,27263.0,-27.67
2009,3,20090301,Hong Kong SAR,21290.0,0,27600.0,-22.86
2009,4,20090401,Hong Kong SAR,28587.0,0,20232.0,41.3
2009,5,20090501,Hong Kong SAR,21529.0,0,22867.0,-5.85
2009,6,20090601,Hong Kong SAR,21703.0,0,23055.0,-5.86
2009,7,20090701,Hong Kong SAR,33382.0,0,28218.0,18.3
2009,8,20090801,Hong Kong SAR,36218.0,0,26847.0,34.91
2009,9,20090901,Hong Kong SAR,21509.0,0,20765.0,3.58
2009,10,20091001,Hong Kong SAR,25512.0,0,20016.0,27.46
2009,11,20091101,Hong Kong SAR,20525.0,0,19197.0,6.92
2009,12,20091201,Hong Kong SAR,21046.0,0,22238.0,-5.36
2010,1,20100101,Hong Kong SAR,19415.0,0,23399.0,-17.03
2010,2,20100201,Hong Kong SAR,24904.0,0,19720.0,26.29
2010,3,20100301,Hong Kong SAR,26245.0,0,21290.0,23.27
2010,4,20100401,Hong Kong SAR,35564.0,0,28587.0,24.41
2010,5,20100501,Hong Kong SAR,32047.0,0,21529.0,48.86
2010,6,20100601,Hong Kong SAR,32190.0,0,21703.0,48.32
2010,7,20100701,Hong Kong SAR,46727.0,0,33382.0,39.98
2010,8,20100801,Hong Kong SAR,46696.0,0,36218.0,28.93
2010,9,20100901,Hong Kong SAR,28469.0,0,21509.0,32.36
2010,10,20101001,Hong Kong SAR,32834.0,0,25512.0,28.7
2010,11,20101101,Hong Kong SAR,29852.0,0,20525.0,45.44
2010,12,20101201,Hong Kong SAR,32636.0,0,21046.0,55.07
2011,1,20110101,Hong Kong SAR,29322.0,0,19415.0,51.03
2011,2,20110201,Hong Kong SAR,38190.0,0,24904.0,53.35
2011,3,20110301,Hong Kong SAR,32721.0,0,26245.0,24.68
2011,4,20110401,Hong Kong SAR,52413.0,0,35564.0,47.38
2011,5,20110501,Hong Kong SAR,37886.0,0,32047.0,18.22
2011,6,20110601,Hong Kong SAR,37962.0,0,32190.0,17.93
2011,7,20110701,Hong Kong SAR,56960.0,0,46727.0,21.9
2011,8,20110801,Hong Kong SAR,49034.0,0,46696.0,5.01
2011,9,20110901,Hong Kong SAR,31113.0,0,28469.0,9.29
2011,10,20111001,Hong Kong SAR,31027.0,0,32834.0,-5.5
2011,11,20111101,Hong Kong SAR,31543.0,0,29852.0,5.66
2011,12,20111201,Hong Kong SAR,36204.0,0,32636.0,10.93
2012,1,20120101,Hong Kong SAR,39000.0,0,29322.0,33.01
2012,2,20120201,Hong Kong SAR,30416.0,0,38190.0,-20.36
2012,3,20120301,Hong Kong SAR,35154.0,0,32721.0,7.44
2012,4,20120401,Hong Kong SAR,47141.0,0,52413.0,-10.06
2012,5,20120501,Hong Kong SAR,33091.0,0,37886.0,-12.66
2012,6,20120601,Hong Kong SAR,36897.0,0,37962.0,-2.81
2012,7,20120701,Hong Kong SAR,50113.0,0,56960.0,-12.02
2012,8,20120801,Hong Kong SAR,48138.0,0,49034.0,-1.83
2012,9,20120901,Hong Kong SAR,34584.0,0,31113.0,11.16
2012,10,20121001,Hong Kong SAR,38630.0,0,31027.0,24.5
2012,11,20121101,Hong Kong SAR,36704.0,0,31543.0,16.36
2012,12,20121201,Hong Kong SAR,42299.0,0,36204.0,16.84
2013,1,20130101,Hong Kong SAR,32438.0,0,39000.0,-16.83
2013,2,20130201,Hong Kong SAR,48473.0,0,30416.0,59.37
2013,3,20130301,Hong Kong SAR,50220.0,0,35154.0,42.86
2013,4,20130401,Hong Kong SAR,40252.0,0,47141.0,-14.61
2013,5,20130501,Hong Kong SAR,40898.0,0,33091.0,23.59
2013,6,20130601,Hong Kong SAR,43857.0,0,36897.0,18.86
2013,7,20130701,Hong Kong SAR,67662.0,0,50113.0,35.02
2013,8,20130801,Hong Kong SAR,61337.0,0,48138.0,27.42
2013,9,20130901,Hong Kong SAR,33514.0,0,34584.0,-3.09
2013,10,20131001,Hong Kong SAR,37570.0,0,38630.0,-2.74
2013,11,20131101,Hong Kong SAR,38801.0,0,36704.0,5.71
2013,12,20131201,Hong Kong SAR,44788.0,0,42299.0,5.88
2014,1,20140101,Hong Kong SAR,41909.0,0,32438.0,29.2
2014,2,20140201,Hong Kong SAR,48440.0,0,48473.0,-0.07
2014,3,20140301,Hong Kong SAR,43218.0,0,50220.0,-13.94
2014,4,20140401,Hong Kong SAR,69675.0,0,40252.0,73.1
2014,5,20140501,Hong Kong SAR,47859.0,0,40898.0,17.02
2014,6,20140601,Hong Kong SAR,47182.0,0,43857.0,7.58
2014,7,20140701,Hong Kong SAR,80808.0,0,67662.0,19.43
2014,8,20140801,Hong Kong SAR,87173.0,0,61337.0,42.12
2014,9,20140901,Hong Kong SAR,39931.0,0,33514.0,19.15
2014,10,20141001,Hong Kong SAR,40146.0,0,37570.0,6.86
2014,11,20141101,Hong Kong SAR,39019.0,0,38801.0,0.56
2014,12,20141201,Hong Kong SAR,45669.0,0,44788.0,1.97
2015,1,20150101,Hong Kong SAR,34012.0,0,41909.0,-18.84
2015,2,20150201,Hong Kong SAR,46985.0,0,48440.0,-3.0
2015,3,20150301,Hong Kong SAR,41803.0,0,43218.0,-3.27
2015,4,20150401,Hong Kong SAR,58959.0,0,69675.0,-15.38
2015,5,20150501,Hong Kong SAR,45742.0,0,47859.0,-4.42
2015,6,20150601,Hong Kong SAR,45453.0,0,47182.0,-3.66
2015,7,20150701,Hong Kong SAR,82817.0,0,80808.0,2.49
2015,8,20150801,Hong Kong SAR,89436.0,0,87173.0,2.6
2015,9,20150901,Hong Kong SAR,40315.0,0,39931.0,0.96
2015,10,20151001,Hong Kong SAR,41272.0,0,40146.0,2.8
2015,11,20151101,Hong Kong SAR,37241.0,0,39019.0,-4.56
2015,12,20151201,Hong Kong SAR,45853.0,0,45669.0,0.4
2016,1,20160101,Hong Kong SAR,34742.0,0,34012.0,2.15
2016,2,20160201,Hong Kong SAR,49837.0,0,46985.0,6.07
2016,3,20160301,Hong Kong SAR,58341.0,0,41803.0,39.56
2016,4,20160401,Hong Kong SAR,42712.0,0,58959.0,-27.56
2016,5,20160501,Hong Kong SAR,39959.0,0,45742.0,-12.64
2016,6,20160601,Hong Kong SAR,42330.0,0,45453.0,-6.87
2016,7,20160701,Hong Kong SAR,69847.0,0,82817.0,-15.66
2016,8,20160801,Hong Kong SAR,70842.0,0,89436.0,-20.79
2016,9,20160901,Hong Kong SAR,30252.0,0,40315.0,-24.96
2016,10,20161001,Hong Kong SAR,31512.0,0,41272.0,-23.65
2016,11,20161101,Hong Kong SAR,30832.0,0,37241.0,-17.21
2016,12,20161201,Hong Kong SAR,36763.0,0,45853.0,-19.82
2017,1,20170101,Hong Kong SAR,34436.0,0,34742.0,-0.88
2017,2,20170201,Hong Kong SAR,33169.0,0,49837.0,-33.45
2017,3,20170301,Hong Kong SAR,33561.0,0,58341.0,-42.47
2017,4,20170401,Hong Kong SAR,53971.0,0,42712.0,26.36
2017,5,20170501,Hong Kong SAR,33784.0,0,39959.0,-15.45
2017,6,20170601,Hong Kong SAR,32684.0,0,42330.0,-22.79
2017,7,20170701,Hong Kong SAR,54124.0,0,69847.0,-22.51
2017,8,20170801,Hong Kong SAR,55265.0,0,70842.0,-21.99
2017,9,20170901,Hong Kong SAR,31937.0,0,30252.0,5.57
2017,10,20171001,Hong Kong SAR,32964.0,0,31512.0,4.61
2017,11,20171101,Hong Kong SAR,33174.0,0,30832.0,7.6
2017,12,20171201,Hong Kong SAR,36712.0,0,36763.0,-0.14
2018,1,20180101,Hong Kong SAR,29758.0,0,34436.0,-13.58
2018,2,20180201,Hong Kong SAR,36433.0,0,33169.0,9.84
2018,3,20180301,Hong Kong SAR,41979.0,0,33561.0,25.08
2018,4,20180401,Hong Kong SAR,41414.0,0,53971.0,-23.27
2018,5,20180501,Hong Kong SAR,36379.0,0,33784.0,7.68
2018,6,20180601,Hong Kong SAR,38115.0,0,32684.0,16.62
2018,7,20180701,Hong Kong SAR,52507.0,0,54124.0,-2.99
2018,8,20180801,Hong Kong SAR,56484.0,0,55265.0,2.21
2018,9,20180901,Hong Kong SAR,35588.0,0,31937.0,11.43
2018,10,20181001,Hong Kong SAR,34865.0,0,32964.0,5.77
2018,11,20181101,Hong Kong SAR,32620.0,0,33174.0,-1.67
2018,12,20181201,Hong Kong SAR,36982.0,0,36712.0,0.74
2019,1,20190101,Hong Kong SAR,30056.0,0,29758.0,1.0
2019,2,20190201,Hong Kong SAR,38921.0,0,36433.0,6.83
2019,3,20190301,Hong Kong SAR,34355.0,0,41979.0,-18.16
2019,4,20190401,Hong Kong SAR,52206.0,0,41414.0,26.06
2019,5,20190501,Hong Kong SAR,36429.0,0,36379.0,0.14
2019,6,20190601,Hong Kong SAR,36226.0,0,38115.0,-4.96
2019,7,20190701,Hong Kong SAR,50820.0,0,52507.0,-3.21
2019,8,20190801,Hong Kong SAR,52768.0,0,56484.0,-6.58
2019,9,20190901,Hong Kong SAR,35351.0,0,35588.0,-0.67
2019,10,20191001,Hong Kong SAR,36073.0,0,34865.0,3.46
2019,11,20191101,Hong Kong SAR,40383.0,0,32620.0,23.8
2019,12,20191201,Hong Kong SAR,44954.0,0,36982.0,21.56
2023,1,20230101,Hong Kong SAR,26208.0,0,30056.0,-12.8
2023,2,20230201,Hong Kong SAR,20227.0,0,38921.0,-48.03
2023,3,20230301,Hong Kong SAR,23465.0,0,34355.0,-31.7
2023,4,20230401,Hong Kong SAR,32791.0,0,52206.0,-37.19
2023,5,20230501,Hong Kong SAR,26356.0,0,36429.0,-27.65
2023,6,20230601,Hong Kong SAR,23179.0,0,36226.0,-36.02
2023,7,20230701,Hong Kong SAR,32175.0,0,50820.0,-36.69
2023,8,20230801,Hong Kong SAR,32627.0,0,52768.0,-38.17
2023,9,20230901,Hong Kong SAR,25848.0,0,35351.0,-26.88
2023,10,20231001,Hong Kong SAR,25108.0,0,36073.0,-30.4
2023,11,20231101,Hong Kong SAR,22646.0,0,40383.0,-43.92
2023,12,20231201,Hong Kong SAR,26440.0,0,44954.0,-41.18
2024,1,20240101,Hong Kong SAR,23460.0,0,26208.0,-10.49
2024,2,20240201,Hong Kong SAR,26556.0,0,20227.0,31.29
2024,3,20240301,Hong Kong SAR,35836.0,0,23465.0,52.72
2024,4,20240401,Hong Kong SAR,26605.0,0,32791.0,-18.86
2024,5,20240501,Hong Kong SAR,24420.0,0,26356.0,-7.35
2024,6,20240601,Hong Kong SAR,25388.0,0,23179.0,9.53
2024,7,20240701,Hong Kong SAR,33929.0,0,32175.0,5.45
2024,8,20240801,Hong Kong SAR,35682.0,0,32627.0,9.36
2024,9,20240901,Hong Kong SAR,26627.0,0,25848.0,3.01
2024,10,20241001,Hong Kong SAR,25197.0,0,25108.0,0.35
2024,11,20241101,Hong Kong SAR,24541.0,0,22646.0,8.37
2024,12,20241201,Hong Kong SAR,23487.0,0,26440.0,-11.17
2025,1,20250101,Hong Kong SAR,25869.0,0,23460.0,10.27
2025,2,20250201,Hong Kong SAR,21228.0,0,26556.0,-20.06
2025,3,20250301,Hong Kong SAR,23378.0,0,35836.0,-34.76
2025,4,20250401,Hong Kong SAR,34549.0,0,26605.0,29.86
2025,5,20250501,Hong Kong SAR,32814.0,0,24420.0,34.37
2025,6,20250601,Hong Kong SAR,27750.0,0,25388.0,9.3
2025,7,20250701,Hong Kong SAR,38198.0,0,33929.0,12.58
2025,8,20250801,Hong Kong SAR,38784.0,0,35682.0,8.69
2025,9,20250901,Hong Kong SAR,22474.0,0,26627.0,-15.6
2025,10,20251001,Hong Kong SAR,26182.0,0,25197.0,3.91
2025,11,20251101,Hong Kong SAR,25067.0,0,24541.0,2.14
2025,12,20251201,Hong Kong SAR,21359.0,0,23487.0,-9.06
2026,1,20260101,Hong Kong SAR,19428.0,0,25869.0,-24.9
2026,2,20260201,Hong Kong SAR,22103.0,0,21228.0,4.12
2026,3,20260301,Hong Kong SAR,25495.0,0,23378.0,9.06
2026,4,20260401,Hong Kong SAR,34553.0,0,34549.0,0.01
2026,5,20260501,Hong Kong SAR,23958.0,0,32814.0,-26.99
2026,6,20260601,Hong Kong SAR,25553.0,0,27750.0,-7.92
2026,7,20260701,Hong Kong SAR,38213.0,0,38198.0,0.04
2008,1,20080101,India,58365.0,1,,
2008,2,20080201,India,49078.0,1,,
2008,3,20080301,India,57776.0,1,,
2008,4,20080401,India,62908.0,1,,
2008,5,20080501,India,103468.0,1,,
2008,6,20080601,India,84143.0,1,,
2008,7,20080701,India,63373.0,1,,
2008,8,20080801,India,58626.0,1,,
2008,9,20080901,India,53488.0,1,,
2008,10,20081001,India,67510.0,1,,
2008,11,20081101,India,56927.0,1,,
2008,12,20081201,India,62641.0,1,,
2009,1,20090101,India,46752.0,1,58365.0,-19.9
2009,2,20090201,India,42275.0,1,49078.0,-13.86
2009,3,20090301,India,46779.0,1,57776.0,-19.03
2009,4,20090401,India,55994.0,1,62908.0,-10.99
2009,5,20090501,India,90395.0,1,103468.0,-12.63
2009,6,20090601,India,78538.0,1,84143.0,-6.66
2009,7,20090701,India,65978.0,1,63373.0,4.11
2009,8,20090801,India,54631.0,1,58626.0,-6.81
2009,9,20090901,India,57110.0,1,53488.0,6.77
2009,10,20091001,India,67239.0,1,67510.0,-0.4
2009,11,20091101,India,49836.0,1,56927.0,-12.46
2009,12,20091201,India,70097.0,1,62641.0,11.9
2010,1,20100101,India,57404.0,1,46752.0,22.78
2010,2,20100201,India,46061.0,1,42275.0,8.96
2010,3,20100301,India,53966.0,1,46779.0,15.36
2010,4,20100401,India,73219.0,1,55994.0,30.76
2010,5,20100501,India,115965.0,1,90395.0,28.29
2010,6,20100601,India,83472.0,1,78538.0,6.28
2010,7,20100701,India,64912.0,1,65978.0,-1.62
2010,8,20100801,India,57109.0,1,54631.0,4.54
2010,9,20100901,India,54860.0,1,57110.0,-3.94
2010,10,20101001,India,75574.0,1,67239.0,12.4
2010,11,20101101,India,72920.0,1,49836.0,46.32
2010,12,20101201,India,73532.0,1,70097.0,4.9
2011,1,20110101,India,63078.0,1,57404.0,9.88
2011,2,20110201,India,50696.0,1,46061.0,10.06
2011,3,20110301,India,57601.0,1,53966.0,6.74
2011,4,20110401,India,74097.0,1,73219.0,1.2
2011,5,20110501,India,114316.0,1,115965.0,-1.42
2011,6,20110601,India,90742.0,1,83472.0,8.71
2011,7,20110701,India,71209.0,1,64912.0,9.7
2011,8,20110801,India,60926.0,1,57109.0,6.68
2011,9,20110901,India,58309.0,1,54860.0,6.29
2011,10,20111001,India,77196.0,1,75574.0,2.15
2011,11,20111101,India,72387.0,1,72920.0,-0.73
2011,12,20111201,India,78434.0,1,73532.0,6.67
2012,1,20120101,India,57265.0,1,63078.0,-9.22
2012,2,20120201,India,61815.0,1,50696.0,21.93
2012,3,20120301,India,65547.0,1,57601.0,13.79
2012,4,20120401,India,76035.0,1,74097.0,2.62
2012,5,20120501,India,124147.0,1,114316.0,8.6
2012,6,20120601,India,93694.0,1,90742.0,3.25
2012,7,20120701,India,68749.0,1,71209.0,-3.45
2012,8,20120801,India,63579.0,1,60926.0,4.35
2012,9,20120901,India,58748.0,1,58309.0,0.75
2012,10,20121001,India,72348.0,1,77196.0,-6.28
2012,11,20121101,India,74794.0,1,72387.0,3.33
2012,12,20121201,India,78272.0,1,78434.0,-0.21
2013,1,20130101,India,71162.0,1,57265.0,24.27
2013,2,20130201,India,59665.0,1,61815.0,-3.48
2013,3,20130301,India,70480.0,1,65547.0,7.53
2013,4,20130401,India,76103.0,1,76035.0,0.09
2013,5,20130501,India,122030.0,1,124147.0,-1.71
2013,6,20130601,India,99754.0,1,93694.0,6.47
2013,7,20130701,India,73550.0,1,68749.0,6.98
2013,8,20130801,India,66274.0,1,63579.0,4.24
2013,9,20130901,India,64556.0,1,58748.0,9.89
2013,10,20131001,India,72429.0,1,72348.0,0.11
2013,11,20131101,India,74389.0,1,74794.0,-0.54
2013,12,20131201,India,83161.0,1,78272.0,6.25
2014,1,20140101,India,65557.0,1,71162.0,-7.88
2014,2,20140201,India,62999.0,1,59665.0,5.59
2014,3,20140301,India,70488.0,1,70480.0,0.01
2014,4,20140401,India,79536.0,1,76103.0,4.51
2014,5,20140501,India,118953.0,1,122030.0,-2.52
2014,6,20140601,India,94738.0,1,99754.0,-5.03
2014,7,20140701,India,72724.0,1,73550.0,-1.12
2014,8,20140801,India,69960.0,1,66274.0,5.56
2014,9,20140901,India,65751.0,1,64556.0,1.85
2014,10,20141001,India,88855.0,1,72429.0,22.68
2014,11,20141101,India,71555.0,1,74389.0,-3.81
2014,12,20141201,India,82520.0,1,83161.0,-0.77
2015,1,20150101,India,73605.0,1,65557.0,12.28
2015,2,20150201,India,60016.0,1,62999.0,-4.73
2015,3,20150301,India,70302.0,1,70488.0,-0.26
2015,4,20150401,India,84041.0,1,79536.0,5.66
2015,5,20150501,India,130511.0,1,118953.0,9.72
2015,6,20150601,India,101773.0,1,94738.0,7.43
2015,7,20150701,India,83806.0,1,72724.0,15.24
2015,8,20150801,India,77137.0,1,69960.0,10.26
2015,9,20150901,India,69846.0,1,65751.0,6.23
2015,10,20151001,India,86649.0,1,88855.0,-2.48
2015,11,20151101,India,88350.0,1,71555.0,23.47
2015,12,20151201,India,87950.0,1,82520.0,6.58
2016,1,20160101,India,81363.0,1,73605.0,10.54
2016,2,20160201,India,64702.0,1,60016.0,7.81
2016,3,20160301,India,78859.0,1,70302.0,12.17
2016,4,20160401,India,94578.0,1,84041.0,12.54
2016,5,20160501,India,141986.0,1,130511.0,8.79
2016,6,20160601,India,112026.0,1,101773.0,10.07
2016,7,20160701,India,87919.0,1,83806.0,4.91
2016,8,20160801,India,80977.0,1,77137.0,4.98
2016,9,20160901,India,75074.0,1,69846.0,7.49
2016,10,20161001,India,94649.0,1,86649.0,9.23
2016,11,20161101,India,90734.0,1,88350.0,2.7
2016,12,20161201,India,94323.0,1,87950.0,7.25
2017,1,20170101,India,80062.0,1,81363.0,-1.6
2017,2,20170201,India,75905.0,1,64702.0,17.31
2017,3,20170301,India,85299.0,1,78859.0,8.17
2017,4,20170401,India,109303.0,1,94578.0,15.57
2017,5,20170501,India,172822.0,1,141986.0,21.72
2017,6,20170601,India,136478.0,1,112026.0,21.83
2017,7,20170701,India,97125.0,1,87919.0,10.47
2017,8,20170801,India,91551.0,1,80977.0,13.06
2017,9,20170901,India,102262.0,1,75074.0,36.21
2017,10,20171001,India,120100.0,1,94649.0,26.89
2017,11,20171101,India,86432.0,1,90734.0,-4.74
2017,12,20171201,India,114738.0,1,94323.0,21.64
2018,1,20180101,India,108067.0,1,80062.0,34.98
2018,2,20180201,India,81797.0,1,75905.0,7.76
2018,3,20180301,India,105560.0,1,85299.0,23.75
2018,4,20180401,India,122229.0,1,109303.0,11.83
2018,5,20180501,India,196072.0,1,172822.0,13.45
2018,6,20180601,India,154945.0,1,136478.0,13.53
2018,7,20180701,India,117798.0,1,97125.0,21.28
2018,8,20180801,India,100744.0,1,91551.0,10.04
2018,9,20180901,India,102251.0,1,102262.0,-0.01
2018,10,20181001,India,114000.0,1,120100.0,-5.08
2018,11,20181101,India,121319.0,1,86432.0,40.36
2018,12,20181201,India,117495.0,1,114738.0,2.4
2019,1,20190101,India,104562.0,1,108067.0,-3.24
2019,2,20190201,India,88926.0,1,81797.0,8.72
2019,3,20190301,India,106506.0,1,105560.0,0.9
2019,4,20190401,India,120225.0,1,122229.0,-1.64
2019,5,20190501,India,182727.0,1,196072.0,-6.81
2019,6,20190601,India,144118.0,1,154945.0,-6.99
2019,7,20190701,India,112026.0,1,117798.0,-4.9
2019,8,20190801,India,108736.0,1,100744.0,7.93
2019,9,20190901,India,105075.0,1,102251.0,2.76
2019,10,20191001,India,116182.0,1,114000.0,1.91
2019,11,20191101,India,113717.0,1,121319.0,-6.27
2019,12,20191201,India,115193.0,1,117495.0,-1.96
2023,1,20230101,India,56605.0,1,104562.0,-45.86
2023,2,20230201,India,61301.0,1,88926.0,-31.07
2023,3,20230301,India,75339.0,1,106506.0,-29.26
2023,4,20230401,India,97032.0,1,120225.0,-19.29
2023,5,20230501,India,130444.0,1,182727.0,-28.61
2023,6,20230601,India,114588.0,1,144118.0,-20.49
2023,7,20230701,India,93056.0,1,112026.0,-16.93
2023,8,20230801,India,83601.0,1,108736.0,-23.12
2023,9,20230901,India,81016.0,1,105075.0,-22.9
2023,10,20231001,India,94334.0,1,116182.0,-18.8
2023,11,20231101,India,90231.0,1,113717.0,-20.65
2023,12,20231201,India,92620.0,1,115193.0,-19.6
2024,1,20240101,India,82113.0,1,56605.0,45.06
2024,2,20240201,India,66149.0,1,61301.0,7.91
2024,3,20240301,India,97026.0,1,75339.0,28.79
2024,4,20240401,India,106694.0,1,97032.0,9.96
2024,5,20240501,India,156517.0,1,130444.0,19.99
2024,6,20240601,India,120009.0,1,114588.0,4.73
2024,7,20240701,India,89642.0,1,93056.0,-3.67
2024,8,20240801,India,91805.0,1,83601.0,9.81
2024,9,20240901,India,87767.0,1,81016.0,8.33
2024,10,20241001,India,102233.0,1,94334.0,8.37
2024,11,20241101,India,92905.0,1,90231.0,2.96
2024,12,20241201,India,103740.0,1,92620.0,12.01
2025,1,20250101,India,85400.0,1,82113.0,4.0
2025,2,20250201,India,74869.0,1,66149.0,13.18
2025,3,20250301,India,101198.0,1,97026.0,4.3
2025,4,20250401,India,118660.0,1,106694.0,11.22
2025,5,20250501,India,154403.0,1,156517.0,-1.35
2025,6,20250601,India,112726.0,1,120009.0,-6.07
2025,7,20250701,India,85791.0,1,89642.0,-4.3
2025,8,20250801,India,91142.0,1,91805.0,-0.72
2025,9,20250901,India,99039.0,1,87767.0,12.84
2025,10,20251001,India,103054.0,1,102233.0,0.8
2025,11,20251101,India,84256.0,1,92905.0,-9.31
2025,12,20251201,India,96662.0,1,103740.0,-6.82
2026,1,20260101,India,86430.0,1,85400.0,1.21
2026,2,20260201,India,65041.0,1,74869.0,-13.13
2026,3,20260301,India,95911.0,1,101198.0,-5.22
2026,4,20260401,India,107157.0,1,118660.0,-9.69
2026,5,20260501,India,144009.0,1,154403.0,-6.73
2026,6,20260601,India,105984.0,1,112726.0,-5.98
2026,7,20260701,India,88457.0,1,85791.0,3.11
2008,1,20080101,Indonesia,155708.0,1,,
2008,2,20080201,Indonesia,124940.0,1,,
2008,3,20080301,Indonesia,155238.0,1,,
2008,4,20080401,Indonesia,131809.0,1,,
2008,5,20080501,Indonesia,137243.0,1,,
2008,6,20080601,Indonesia,154546.0,1,,
2008,7,20080701,Indonesia,168492.0,1,,
2008,8,20080801,Indonesia,134811.0,1,,
2008,9,20080901,Indonesia,144158.0,1,,
2008,10,20081001,Indonesia,158276.0,1,,
2008,11,20081101,Indonesia,119530.0,1,,
2008,12,20081201,Indonesia,180678.0,1,,
2009,1,20090101,Indonesia,118342.0,1,155708.0,-24.0
2009,2,20090201,Indonesia,103501.0,1,124940.0,-17.16
2009,3,20090301,Indonesia,128446.0,1,155238.0,-17.26
2009,4,20090401,Indonesia,126815.0,1,131809.0,-3.79
2009,5,20090501,Indonesia,129444.0,1,137243.0,-5.68
2009,6,20090601,Indonesia,159603.0,1,154546.0,3.27
2009,7,20090701,Indonesia,169634.0,1,168492.0,0.68
2009,8,20090801,Indonesia,131985.0,1,134811.0,-2.1
2009,9,20090901,Indonesia,182901.0,1,144158.0,26.88
2009,10,20091001,Indonesia,137011.0,1,158276.0,-13.44
2009,11,20091101,Indonesia,143014.0,1,119530.0,19.65
2009,12,20091201,Indonesia,214634.0,1,180678.0,18.79
2010,1,20100101,Indonesia,173640.0,1,118342.0,46.73
2010,2,20100201,Indonesia,143921.0,1,103501.0,39.05
2010,3,20100301,Indonesia,166036.0,1,128446.0,29.27
2010,4,20100401,Indonesia,163076.0,1,126815.0,28.59
2010,5,20100501,Indonesia,185809.0,1,129444.0,43.54
2010,6,20100601,Indonesia,214445.0,1,159603.0,34.36
2010,7,20100701,Indonesia,232630.0,1,169634.0,37.14
2010,8,20100801,Indonesia,165525.0,1,131985.0,25.41
2010,9,20100901,Indonesia,243869.0,1,182901.0,33.33
2010,10,20101001,Indonesia,178939.0,1,137011.0,30.6
2010,11,20101101,Indonesia,176118.0,1,143014.0,23.15
2010,12,20101201,Indonesia,262235.0,1,214634.0,22.18
2011,1,20110101,Indonesia,208232.0,1,173640.0,19.92
2011,2,20110201,Indonesia,177003.0,1,143921.0,22.99
2011,3,20110301,Indonesia,191842.0,1,166036.0,15.54
2011,4,20110401,Indonesia,194335.0,1,163076.0,19.17
2011,5,20110501,Indonesia,199881.0,1,185809.0,7.57
2011,6,20110601,Indonesia,253383.0,1,214445.0,18.16
2011,7,20110701,Indonesia,251419.0,1,232630.0,8.08
2011,8,20110801,Indonesia,228209.0,1,165525.0,37.87
2011,9,20110901,Indonesia,221319.0,1,243869.0,-9.25
2011,10,20111001,Indonesia,193879.0,1,178939.0,8.35
2011,11,20111101,Indonesia,188488.0,1,176118.0,7.02
2011,12,20111201,Indonesia,284232.0,1,262235.0,8.39
2012,1,20120101,Indonesia,230500.0,1,208232.0,10.69
2012,2,20120201,Indonesia,211738.0,1,177003.0,19.62
2012,3,20120301,Indonesia,227695.0,1,191842.0,18.69
2012,4,20120401,Indonesia,214289.0,1,194335.0,10.27
2012,5,20120501,Indonesia,228359.0,1,199881.0,14.25
2012,6,20120601,Indonesia,253510.0,1,253383.0,0.05
2012,7,20120701,Indonesia,246772.0,1,251419.0,-1.85
2012,8,20120801,Indonesia,276938.0,1,228209.0,21.35
2012,9,20120901,Indonesia,195481.0,1,221319.0,-11.67
2012,10,20121001,Indonesia,215668.0,1,193879.0,11.24
2012,11,20121101,Indonesia,229432.0,1,188488.0,21.72
2012,12,20121201,Indonesia,307155.0,1,284232.0,8.06
2013,1,20130101,Indonesia,254725.0,1,230500.0,10.51
2013,2,20130201,Indonesia,196059.0,1,211738.0,-7.4
2013,3,20130301,Indonesia,259244.0,1,227695.0,13.86
2013,4,20130401,Indonesia,218602.0,1,214289.0,2.01
2013,5,20130501,Indonesia,251092.0,1,228359.0,9.95
2013,6,20130601,Indonesia,295907.0,1,253510.0,16.72
2013,7,20130701,Indonesia,260700.0,1,246772.0,5.64
2013,8,20130801,Indonesia,328174.0,1,276938.0,18.5
2013,9,20130901,Indonesia,218751.0,1,195481.0,11.9
2013,10,20131001,Indonesia,246115.0,1,215668.0,14.12
2013,11,20131101,Indonesia,238233.0,1,229432.0,3.84
2013,12,20131201,Indonesia,321257.0,1,307155.0,4.59
2014,1,20140101,Indonesia,284126.0,1,254725.0,11.54
2014,2,20140201,Indonesia,219036.0,1,196059.0,11.72
2014,3,20140301,Indonesia,246308.0,1,259244.0,-4.99
2014,4,20140401,Indonesia,230236.0,1,218602.0,5.32
2014,5,20140501,Indonesia,267714.0,1,251092.0,6.62
2014,6,20140601,Indonesia,278181.0,1,295907.0,-5.99
2014,7,20140701,Indonesia,296880.0,1,260700.0,13.88
2014,8,20140801,Indonesia,234710.0,1,328174.0,-28.48
2014,9,20140901,Indonesia,206593.0,1,218751.0,-5.56
2014,10,20141001,Indonesia,226630.0,1,246115.0,-7.92
2014,11,20141101,Indonesia,219369.0,1,238233.0,-7.92
2014,12,20141201,Indonesia,315395.0,1,321257.0,-1.82
2015,1,20150101,Indonesia,236295.0,1,284126.0,-16.83
2015,2,20150201,Indonesia,184183.0,1,219036.0,-15.91
2015,3,20150301,Indonesia,211347.0,1,246308.0,-14.19
2015,4,20150401,Indonesia,207138.0,1,230236.0,-10.03
2015,5,20150501,Indonesia,238688.0,1,267714.0,-10.84
2015,6,20150601,Indonesia,238403.0,1,278181.0,-14.3
2015,7,20150701,Indonesia,305600.0,1,296880.0,2.94
2015,8,20150801,Indonesia,205671.0,1,234710.0,-12.37
2015,9,20150901,Indonesia,187629.0,1,206593.0,-9.18
2015,10,20151001,Indonesia,204574.0,1,226630.0,-9.73
2015,11,20151101,Indonesia,200687.0,1,219369.0,-8.52
2015,12,20151201,Indonesia,311475.0,1,315395.0,-1.24
2016,1,20160101,Indonesia,249876.0,1,236295.0,5.75
2016,2,20160201,Indonesia,216284.0,1,184183.0,17.43
2016,3,20160301,Indonesia,238160.0,1,211347.0,12.69
2016,4,20160401,Indonesia,215353.0,1,207138.0,3.97
2016,5,20160501,Indonesia,258606.0,1,238688.0,8.34
2016,6,20160601,Indonesia,235444.0,1,238403.0,-1.24
2016,7,20160701,Indonesia,319759.0,1,305600.0,4.63
2016,8,20160801,Indonesia,210626.0,1,205671.0,2.41
2016,9,20160901,Indonesia,186610.0,1,187629.0,-0.54
2016,10,20161001,Indonesia,213070.0,1,204574.0,4.15
2016,11,20161101,Indonesia,219845.0,1,200687.0,9.55
2016,12,20161201,Indonesia,329994.0,1,311475.0,5.95
2017,1,20170101,Indonesia,254634.0,1,249876.0,1.9
2017,2,20170201,Indonesia,208853.0,1,216284.0,-3.44
2017,3,20170301,Indonesia,256636.0,1,238160.0,7.76
2017,4,20170401,Indonesia,248048.0,1,215353.0,15.18
2017,5,20170501,Indonesia,220534.0,1,258606.0,-14.72
2017,6,20170601,Indonesia,281171.0,1,235444.0,19.42
2017,7,20170701,Indonesia,268010.0,1,319759.0,-16.18
2017,8,20170801,Indonesia,217339.0,1,210626.0,3.19
2017,9,20170901,Indonesia,216278.0,1,186610.0,15.9
2017,10,20171001,Indonesia,221036.0,1,213070.0,3.74
2017,11,20171101,Indonesia,231705.0,1,219845.0,5.39
2017,12,20171201,Indonesia,330156.0,1,329994.0,0.05
2018,1,20180101,Indonesia,265384.0,1,254634.0,4.22
2018,2,20180201,Indonesia,221178.0,1,208853.0,5.9
2018,3,20180301,Indonesia,260685.0,1,256636.0,1.58
2018,4,20180401,Indonesia,235260.0,1,248048.0,-5.16
2018,5,20180501,Indonesia,227536.0,1,220534.0,3.18
2018,6,20180601,Indonesia,332990.0,1,281171.0,18.43
2018,7,20180701,Indonesia,263277.0,1,268010.0,-1.77
2018,8,20180801,Indonesia,217787.0,1,217339.0,0.21
2018,9,20180901,Indonesia,224629.0,1,216278.0,3.86
2018,10,20181001,Indonesia,225244.0,1,221036.0,1.9
2018,11,20181101,Indonesia,226425.0,1,231705.0,-2.28
2018,12,20181201,Indonesia,321060.0,1,330156.0,-2.76
2019,1,20190101,Indonesia,261622.0,1,265384.0,-1.42
2019,2,20190201,Indonesia,213991.0,1,221178.0,-3.25
2019,3,20190301,Indonesia,249164.0,1,260685.0,-4.42
2019,4,20190401,Indonesia,240868.0,1,235260.0,2.38
2019,5,20190501,Indonesia,215825.0,1,227536.0,-5.15
2019,6,20190601,Indonesia,311036.0,1,332990.0,-6.59
2019,7,20190701,Indonesia,294173.0,1,263277.0,11.74
2019,8,20190801,Indonesia,228095.0,1,217787.0,4.73
2019,9,20190901,Indonesia,237637.0,1,224629.0,5.79
2019,10,20191001,Indonesia,251936.0,1,225244.0,11.85
2019,11,20191101,Indonesia,266774.0,1,226425.0,17.82
2019,12,20191201,Indonesia,339505.0,1,321060.0,5.75
2023,1,20230101,Indonesia,168975.0,1,261622.0,-35.41
2023,2,20230201,Indonesia,156448.0,1,213991.0,-26.89
2023,3,20230301,Indonesia,171507.0,1,249164.0,-31.17
2023,4,20230401,Indonesia,220067.0,1,240868.0,-8.64
2023,5,20230501,Indonesia,183758.0,1,215825.0,-14.86
2023,6,20230601,Indonesia,217052.0,1,311036.0,-30.22
2023,7,20230701,Indonesia,229886.0,1,294173.0,-21.85
2023,8,20230801,Indonesia,168122.0,1,228095.0,-26.29
2023,9,20230901,Indonesia,175603.0,1,237637.0,-26.1
2023,10,20231001,Indonesia,180884.0,1,251936.0,-28.2
2023,11,20231101,Indonesia,184281.0,1,266774.0,-30.92
2023,12,20231201,Indonesia,244322.0,1,339505.0,-28.04
2024,1,20240101,Indonesia,268979.0,1,168975.0,59.18
2024,2,20240201,Indonesia,190747.0,1,156448.0,21.92
2024,3,20240301,Indonesia,204997.0,1,171507.0,19.53
2024,4,20240401,Indonesia,243913.0,1,220067.0,10.84
2024,5,20240501,Indonesia,189245.0,1,183758.0,2.99
2024,6,20240601,Indonesia,200206.0,1,217052.0,-7.76
2024,7,20240701,Indonesia,209827.0,1,229886.0,-8.73
2024,8,20240801,Indonesia,163910.0,1,168122.0,-2.51
2024,9,20240901,Indonesia,173613.0,1,175603.0,-1.13
2024,10,20241001,Indonesia,183714.0,1,180884.0,1.56
2024,11,20241101,Indonesia,194446.0,1,184281.0,5.52
2024,12,20241201,Indonesia,266033.0,1,244322.0,8.89
2025,1,20250101,Indonesia,251772.0,1,268979.0,-6.4
2025,2,20250201,Indonesia,192616.0,1,190747.0,0.98
2025,3,20250301,Indonesia,195890.0,1,204997.0,-4.44
2025,4,20250401,Indonesia,236847.0,1,243913.0,-2.9
2025,5,20250501,Indonesia,197881.0,1,189245.0,4.56
2025,6,20250601,Indonesia,205552.0,1,200206.0,2.67
2025,7,20250701,Indonesia,223463.0,1,209827.0,6.5
2025,8,20250801,Indonesia,162901.0,1,163910.0,-0.62
2025,9,20250901,Indonesia,169866.0,1,173613.0,-2.16
2025,10,20251001,Indonesia,177211.0,1,183714.0,-3.54
2025,11,20251101,Indonesia,181469.0,1,194446.0,-6.67
2025,12,20251201,Indonesia,244377.0,1,266033.0,-8.14
2026,1,20260101,Indonesia,218818.0,1,251772.0,-13.09
2026,2,20260201,Indonesia,167039.0,1,192616.0,-13.28
2026,3,20260301,Indonesia,240368.0,1,195890.0,22.71
2026,4,20260401,Indonesia,164202.0,1,236847.0,-30.67
2026,5,20260501,Indonesia,170126.0,1,197881.0,-14.03
2026,6,20260601,Indonesia,184565.0,1,205552.0,-10.21
2026,7,20260701,Indonesia,194868.0,1,223463.0,-12.8
2008,1,20080101,Iran,1045.0,0,,
2008,2,20080201,Iran,1259.0,0,,
2008,3,20080301,Iran,6760.0,0,,
2008,4,20080401,Iran,772.0,0,,
2008,5,20080501,Iran,634.0,0,,
2008,6,20080601,Iran,1021.0,0,,
2008,7,20080701,Iran,844.0,0,,
2008,8,20080801,Iran,1714.0,0,,
2008,9,20080901,Iran,1336.0,0,,
2008,10,20081001,Iran,1243.0,0,,
2008,11,20081101,Iran,1063.0,0,,
2008,12,20081201,Iran,1392.0,0,,
2009,1,20090101,Iran,1034.0,0,1045.0,-1.05
2009,2,20090201,Iran,1525.0,0,1259.0,21.13
2009,3,20090301,Iran,8136.0,0,6760.0,20.36
2009,4,20090401,Iran,911.0,0,772.0,18.01
2009,5,20090501,Iran,790.0,0,634.0,24.61
2009,6,20090601,Iran,1362.0,0,1021.0,33.4
2009,7,20090701,Iran,1249.0,0,844.0,47.99
2009,8,20090801,Iran,1864.0,0,1714.0,8.75
2009,9,20090901,Iran,1934.0,0,1336.0,44.76
2009,10,20091001,Iran,1336.0,0,1243.0,7.48
2009,11,20091101,Iran,1722.0,0,1063.0,61.99
2009,12,20091201,Iran,2054.0,0,1392.0,47.56
2010,1,20100101,Iran,1779.0,0,1034.0,72.05
2010,2,20100201,Iran,4042.0,0,1525.0,165.05
2010,3,20100301,Iran,10024.0,0,8136.0,23.21
2010,4,20100401,Iran,1184.0,0,911.0,29.97
2010,5,20100501,Iran,1448.0,0,790.0,83.29
2010,6,20100601,Iran,2118.0,0,1362.0,55.51
2010,7,20100701,Iran,2032.0,0,1249.0,62.69
2010,8,20100801,Iran,2727.0,0,1864.0,46.3
2010,9,20100901,Iran,4182.0,0,1934.0,116.24
2010,10,20101001,Iran,2215.0,0,1336.0,65.79
2010,11,20101101,Iran,2512.0,0,1722.0,45.88
2010,12,20101201,Iran,2669.0,0,2054.0,29.94
2011,1,20110101,Iran,2279.0,0,1779.0,28.11
2011,2,20110201,Iran,3038.0,0,4042.0,-24.84
2011,3,20110301,Iran,8787.0,0,10024.0,-12.34
2011,4,20110401,Iran,1064.0,0,1184.0,-10.14
2011,5,20110501,Iran,1678.0,0,1448.0,15.88
2011,6,20110601,Iran,2020.0,0,2118.0,-4.63
2011,7,20110701,Iran,2182.0,0,2032.0,7.38
2011,8,20110801,Iran,2339.0,0,2727.0,-14.23
2011,9,20110901,Iran,3485.0,0,4182.0,-16.67
2011,10,20111001,Iran,1706.0,0,2215.0,-22.98
2011,11,20111101,Iran,1827.0,0,2512.0,-27.27
2011,12,20111201,Iran,2029.0,0,2669.0,-23.98
2012,1,20120101,Iran,1726.0,0,2279.0,-24.27
2012,2,20120201,Iran,1483.0,0,3038.0,-51.18
2012,3,20120301,Iran,5048.0,0,8787.0,-42.55
2012,4,20120401,Iran,886.0,0,1064.0,-16.73
2012,5,20120501,Iran,924.0,0,1678.0,-44.93
2012,6,20120601,Iran,1345.0,0,2020.0,-33.42
2012,7,20120701,Iran,1403.0,0,2182.0,-35.7
2012,8,20120801,Iran,1985.0,0,2339.0,-15.13
2012,9,20120901,Iran,1747.0,0,3485.0,-49.87
2012,10,20121001,Iran,575.0,0,1706.0,-66.3
2012,11,20121101,Iran,738.0,0,1827.0,-59.61
2012,12,20121201,Iran,693.0,0,2029.0,-65.85
2013,1,20130101,Iran,675.0,0,1726.0,-60.89
2013,2,20130201,Iran,731.0,0,1483.0,-50.71
2013,3,20130301,Iran,2223.0,0,5048.0,-55.96
2013,4,20130401,Iran,504.0,0,886.0,-43.12
2013,5,20130501,Iran,421.0,0,924.0,-54.44
2013,6,20130601,Iran,699.0,0,1345.0,-48.03
2013,7,20130701,Iran,606.0,0,1403.0,-56.81
2013,8,20130801,Iran,961.0,0,1985.0,-51.59
2013,9,20130901,Iran,1431.0,0,1747.0,-18.09
2013,10,20131001,Iran,883.0,0,575.0,53.57
2013,11,20131101,Iran,732.0,0,738.0,-0.81
2013,12,20131201,Iran,1090.0,0,693.0,57.29
2014,1,20140101,Iran,898.0,0,675.0,33.04
2014,2,20140201,Iran,896.0,0,731.0,22.57
2014,3,20140301,Iran,3433.0,0,2223.0,54.43
2014,4,20140401,Iran,577.0,0,504.0,14.48
2014,5,20140501,Iran,443.0,0,421.0,5.23
2014,6,20140601,Iran,685.0,0,699.0,-2.0
2014,7,20140701,Iran,844.0,0,606.0,39.27
2014,8,20140801,Iran,892.0,0,961.0,-7.18
2014,9,20140901,Iran,1254.0,0,1431.0,-12.37
2014,10,20141001,Iran,756.0,0,883.0,-14.38
2014,11,20141101,Iran,758.0,0,732.0,3.55
2014,12,20141201,Iran,934.0,0,1090.0,-14.31
2015,1,20150101,Iran,601.0,0,898.0,-33.07
2015,2,20150201,Iran,632.0,0,896.0,-29.46
2015,3,20150301,Iran,2937.0,0,3433.0,-14.45
2015,4,20150401,Iran,548.0,0,577.0,-5.03
2015,5,20150501,Iran,488.0,0,443.0,10.16
2015,6,20150601,Iran,646.0,0,685.0,-5.69
2015,7,20150701,Iran,665.0,0,844.0,-21.21
2015,8,20150801,Iran,889.0,0,892.0,-0.34
2015,9,20150901,Iran,1473.0,0,1254.0,17.46
2015,10,20151001,Iran,943.0,0,756.0,24.74
2015,11,20151101,Iran,1048.0,0,758.0,38.26
2015,12,20151201,Iran,1397.0,0,934.0,49.57
2016,1,20160101,Iran,1156.0,0,601.0,92.35
2016,2,20160201,Iran,1516.0,0,632.0,139.87
2016,3,20160301,Iran,6275.0,0,2937.0,113.65
2016,4,20160401,Iran,819.0,0,548.0,49.45
2016,5,20160501,Iran,1198.0,0,488.0,145.49
2016,6,20160601,Iran,972.0,0,646.0,50.46
2016,7,20160701,Iran,1529.0,0,665.0,129.92
2016,8,20160801,Iran,1901.0,0,889.0,113.84
2016,9,20160901,Iran,2534.0,0,1473.0,72.03
2016,10,20161001,Iran,1718.0,0,943.0,82.18
2016,11,20161101,Iran,1632.0,0,1048.0,55.73
2016,12,20161201,Iran,1391.0,0,1397.0,-0.43
2017,1,20170101,Iran,1421.0,0,1156.0,22.92
2017,2,20170201,Iran,1704.0,0,1516.0,12.4
2017,3,20170301,Iran,8000.0,0,6275.0,27.49
2017,4,20170401,Iran,922.0,0,819.0,12.58
2017,5,20170501,Iran,1115.0,0,1198.0,-6.93
2017,6,20170601,Iran,1607.0,0,972.0,65.33
2017,7,20170701,Iran,1423.0,0,1529.0,-6.93
2017,8,20170801,Iran,1724.0,0,1901.0,-9.31
2017,9,20170901,Iran,2840.0,0,2534.0,12.08
2017,10,20171001,Iran,1423.0,0,1718.0,-17.17
2017,11,20171101,Iran,1402.0,0,1632.0,-14.09
2017,12,20171201,Iran,1304.0,0,1391.0,-6.25
2018,1,20180101,Iran,1673.0,0,1421.0,17.73
2018,2,20180201,Iran,1777.0,0,1704.0,4.28
2018,3,20180301,Iran,4963.0,0,8000.0,-37.96
2018,4,20180401,Iran,937.0,0,922.0,1.63
2018,5,20180501,Iran,551.0,0,1115.0,-50.58
2018,6,20180601,Iran,822.0,0,1607.0,-48.85
2018,7,20180701,Iran,923.0,0,1423.0,-35.14
2018,8,20180801,Iran,874.0,0,1724.0,-49.3
2018,9,20180901,Iran,551.0,0,2840.0,-80.6
2018,10,20181001,Iran,233.0,0,1423.0,-83.63
2018,11,20181101,Iran,342.0,0,1402.0,-75.61
2018,12,20181201,Iran,292.0,0,1304.0,-77.61
2019,1,20190101,Iran,420.0,0,1673.0,-74.9
2019,2,20190201,Iran,446.0,0,1777.0,-74.9
2019,3,20190301,Iran,1864.0,0,4963.0,-62.44
2019,4,20190401,Iran,323.0,0,937.0,-65.53
2019,5,20190501,Iran,212.0,0,551.0,-61.52
2019,6,20190601,Iran,388.0,0,822.0,-52.8
2019,7,20190701,Iran,413.0,0,923.0,-55.25
2019,8,20190801,Iran,798.0,0,874.0,-8.7
2019,9,20190901,Iran,1083.0,0,551.0,96.55
2019,10,20191001,Iran,738.0,0,233.0,216.74
2019,11,20191101,Iran,698.0,0,342.0,104.09
2019,12,20191201,Iran,581.0,0,292.0,98.97
2023,1,20230101,Iran,156.0,0,420.0,-62.86
2023,2,20230201,Iran,175.0,0,446.0,-60.76
2023,3,20230301,Iran,1414.0,0,1864.0,-24.14
2023,4,20230401,Iran,421.0,0,323.0,30.34
2023,5,20230501,Iran,190.0,0,212.0,-10.38
2023,6,20230601,Iran,322.0,0,388.0,-17.01
2023,7,20230701,Iran,298.0,0,413.0,-27.85
2023,8,20230801,Iran,406.0,0,798.0,-49.12
2023,9,20230901,Iran,1009.0,0,1083.0,-6.83
2023,10,20231001,Iran,521.0,0,738.0,-29.4
2023,11,20231101,Iran,560.0,0,698.0,-19.77
2023,12,20231201,Iran,427.0,0,581.0,-26.51
2024,1,20240101,Iran,409.0,0,156.0,162.18
2024,2,20240201,Iran,506.0,0,175.0,189.14
2024,3,20240301,Iran,2207.0,0,1414.0,56.08
2024,4,20240401,Iran,404.0,0,421.0,-4.04
2024,5,20240501,Iran,310.0,0,190.0,63.16
2024,6,20240601,Iran,364.0,0,322.0,13.04
2024,7,20240701,Iran,388.0,0,298.0,30.2
2024,8,20240801,Iran,521.0,0,406.0,28.33
2024,9,20240901,Iran,853.0,0,1009.0,-15.46
2024,10,20241001,Iran,385.0,0,521.0,-26.1
2024,11,20241101,Iran,400.0,0,560.0,-28.57
2024,12,20241201,Iran,430.0,0,427.0,0.7
2025,1,20250101,Iran,390.0,0,409.0,-4.65
2025,2,20250201,Iran,325.0,0,506.0,-35.77
2025,3,20250301,Iran,1565.0,0,2207.0,-29.09
2025,4,20250401,Iran,509.0,0,404.0,25.99
2025,5,20250501,Iran,222.0,0,310.0,-28.39
2025,6,20250601,Iran,194.0,0,364.0,-46.7
2025,7,20250701,Iran,114.0,0,388.0,-70.62
2025,8,20250801,Iran,285.0,0,521.0,-45.3
2025,9,20250901,Iran,539.0,0,853.0,-36.81
2025,10,20251001,Iran,493.0,0,385.0,28.05
2025,11,20251101,Iran,571.0,0,400.0,42.75
2025,12,20251201,Iran,650.0,0,430.0,51.16
2026,1,20260101,Iran,501.0,0,390.0,28.46
2026,2,20260201,Iran,211.0,0,325.0,-35.08
2026,3,20260301,Iran,32.0,0,1565.0,-97.96
2026,4,20260401,Iran,25.0,0,509.0,-95.09
2026,5,20260501,Iran,33.0,0,222.0,-85.14
2026,6,20260601,Iran,75.0,0,194.0,-61.34
2026,7,20260701,Iran,110.0,0,114.0,-3.51
2008,1,20080101,Israel,1147.0,0,,
2008,2,20080201,Israel,1149.0,0,,
2008,3,20080301,Israel,1024.0,0,,
2008,4,20080401,Israel,816.0,0,,
2008,5,20080501,Israel,828.0,0,,
2008,6,20080601,Israel,905.0,0,,
2008,7,20080701,Israel,863.0,0,,
2008,8,20080801,Israel,892.0,0,,
2008,9,20080901,Israel,912.0,0,,
2008,10,20081001,Israel,1075.0,0,,
2008,11,20081101,Israel,1002.0,0,,
2008,12,20081201,Israel,789.0,0,,
2009,1,20090101,Israel,847.0,0,1147.0,-26.16
2009,2,20090201,Israel,994.0,0,1149.0,-13.49
2009,3,20090301,Israel,1025.0,0,1024.0,0.1
2009,4,20090401,Israel,606.0,0,816.0,-25.74
2009,5,20090501,Israel,745.0,0,828.0,-10.02
2009,6,20090601,Israel,846.0,0,905.0,-6.52
2009,7,20090701,Israel,856.0,0,863.0,-0.81
2009,8,20090801,Israel,1088.0,0,892.0,21.97
2009,9,20090901,Israel,857.0,0,912.0,-6.03
2009,10,20091001,Israel,1083.0,0,1075.0,0.74
2009,11,20091101,Israel,1051.0,0,1002.0,4.89
2009,12,20091201,Israel,886.0,0,789.0,12.29
2010,1,20100101,Israel,1277.0,0,847.0,50.77
2010,2,20100201,Israel,997.0,0,994.0,0.3
2010,3,20100301,Israel,1175.0,0,1025.0,14.63
2010,4,20100401,Israel,957.0,0,606.0,57.92
2010,5,20100501,Israel,1029.0,0,745.0,38.12
2010,6,20100601,Israel,1174.0,0,846.0,38.77
2010,7,20100701,Israel,918.0,0,856.0,7.24
2010,8,20100801,Israel,1199.0,0,1088.0,10.2
2010,9,20100901,Israel,785.0,0,857.0,-8.4
2010,10,20101001,Israel,1109.0,0,1083.0,2.4
2010,11,20101101,Israel,1310.0,0,1051.0,24.64
2010,12,20101201,Israel,903.0,0,886.0,1.92
2011,1,20110101,Israel,1120.0,0,1277.0,-12.29
2011,2,20110201,Israel,1040.0,0,997.0,4.31
2011,3,20110301,Israel,1084.0,0,1175.0,-7.74
2011,4,20110401,Israel,931.0,0,957.0,-2.72
2011,5,20110501,Israel,984.0,0,1029.0,-4.37
2011,6,20110601,Israel,881.0,0,1174.0,-24.96
2011,7,20110701,Israel,1170.0,0,918.0,27.45
2011,8,20110801,Israel,1006.0,0,1199.0,-16.1
2011,9,20110901,Israel,922.0,0,785.0,17.45
2011,10,20111001,Israel,1136.0,0,1109.0,2.43
2011,11,20111101,Israel,1085.0,0,1310.0,-17.18
2011,12,20111201,Israel,778.0,0,903.0,-13.84
2012,1,20120101,Israel,1138.0,0,1120.0,1.61
2012,2,20120201,Israel,1336.0,0,1040.0,28.46
2012,3,20120301,Israel,1216.0,0,1084.0,12.18
2012,4,20120401,Israel,979.0,0,931.0,5.16
2012,5,20120501,Israel,977.0,0,984.0,-0.71
2012,6,20120601,Israel,1088.0,0,881.0,23.5
2012,7,20120701,Israel,1239.0,0,1170.0,5.9
2012,8,20120801,Israel,999.0,0,1006.0,-0.7
2012,9,20120901,Israel,1171.0,0,922.0,27.01
2012,10,20121001,Israel,1331.0,0,1136.0,17.17
2012,11,20121101,Israel,1091.0,0,1085.0,0.55
2012,12,20121201,Israel,1035.0,0,778.0,33.03
2013,1,20130101,Israel,1351.0,0,1138.0,18.72
2013,2,20130201,Israel,1196.0,0,1336.0,-10.48
2013,3,20130301,Israel,1241.0,0,1216.0,2.06
2013,4,20130401,Israel,1023.0,0,979.0,4.49
2013,5,20130501,Israel,1044.0,0,977.0,6.86
2013,6,20130601,Israel,1215.0,0,1088.0,11.67
2013,7,20130701,Israel,1313.0,0,1239.0,5.97
2013,8,20130801,Israel,1270.0,0,999.0,27.13
2013,9,20130901,Israel,1330.0,0,1171.0,13.58
2013,10,20131001,Israel,1254.0,0,1331.0,-5.79
2013,11,20131101,Israel,1175.0,0,1091.0,7.7
2013,12,20131201,Israel,1167.0,0,1035.0,12.75
2014,1,20140101,Israel,1325.0,0,1351.0,-1.92
2014,2,20140201,Israel,1556.0,0,1196.0,30.1
2014,3,20140301,Israel,1320.0,0,1241.0,6.37
2014,4,20140401,Israel,1273.0,0,1023.0,24.44
2014,5,20140501,Israel,1075.0,0,1044.0,2.97
2014,6,20140601,Israel,1193.0,0,1215.0,-1.81
2014,7,20140701,Israel,1065.0,0,1313.0,-18.89
2014,8,20140801,Israel,1166.0,0,1270.0,-8.19
2014,9,20140901,Israel,1134.0,0,1330.0,-14.74
2014,10,20141001,Israel,1441.0,0,1254.0,14.91
2014,11,20141101,Israel,1602.0,0,1175.0,36.34
2014,12,20141201,Israel,1120.0,0,1167.0,-4.03
2015,1,20150101,Israel,1425.0,0,1325.0,7.55
2015,2,20150201,Israel,1347.0,0,1556.0,-13.43
2015,3,20150301,Israel,1414.0,0,1320.0,7.12
2015,4,20150401,Israel,1264.0,0,1273.0,-0.71
2015,5,20150501,Israel,1188.0,0,1075.0,10.51
2015,6,20150601,Israel,1087.0,0,1193.0,-8.89
2015,7,20150701,Israel,1266.0,0,1065.0,18.87
2015,8,20150801,Israel,1323.0,0,1166.0,13.46
2015,9,20150901,Israel,1356.0,0,1134.0,19.58
2015,10,20151001,Israel,1456.0,0,1441.0,1.04
2015,11,20151101,Israel,1421.0,0,1602.0,-11.3
2015,12,20151201,Israel,1196.0,0,1120.0,6.79
2016,1,20160101,Israel,1707.0,0,1425.0,19.79
2016,2,20160201,Israel,1655.0,0,1347.0,22.87
2016,3,20160301,Israel,1582.0,0,1414.0,11.88
2016,4,20160401,Israel,1270.0,0,1264.0,0.47
2016,5,20160501,Israel,1371.0,0,1188.0,15.4
2016,6,20160601,Israel,1007.0,0,1087.0,-7.36
2016,7,20160701,Israel,1446.0,0,1266.0,14.22
2016,8,20160801,Israel,1556.0,0,1323.0,17.61
2016,9,20160901,Israel,1639.0,0,1356.0,20.87
2016,10,20161001,Israel,2232.0,0,1456.0,53.3
2016,11,20161101,Israel,1729.0,0,1421.0,21.67
2016,12,20161201,Israel,1441.0,0,1196.0,20.48
2017,1,20170101,Israel,1630.0,0,1707.0,-4.51
2017,2,20170201,Israel,1799.0,0,1655.0,8.7
2017,3,20170301,Israel,1633.0,0,1582.0,3.22
2017,4,20170401,Israel,1698.0,0,1270.0,33.7
2017,5,20170501,Israel,1627.0,0,1371.0,18.67
2017,6,20170601,Israel,1171.0,0,1007.0,16.29
2017,7,20170701,Israel,1807.0,0,1446.0,24.97
2017,8,20170801,Israel,1610.0,0,1556.0,3.47
2017,9,20170901,Israel,1528.0,0,1639.0,-6.77
2017,10,20171001,Israel,2051.0,0,2232.0,-8.11
2017,11,20171101,Israel,1566.0,0,1729.0,-9.43
2017,12,20171201,Israel,1571.0,0,1441.0,9.02
2018,1,20180101,Israel,2118.0,0,1630.0,29.94
2018,2,20180201,Israel,2138.0,0,1799.0,18.84
2018,3,20180301,Israel,2115.0,0,1633.0,29.52
2018,4,20180401,Israel,1775.0,0,1698.0,4.53
2018,5,20180501,Israel,1288.0,0,1627.0,-20.84
2018,6,20180601,Israel,1426.0,0,1171.0,21.78
2018,7,20180701,Israel,1756.0,0,1807.0,-2.82
2018,8,20180801,Israel,1931.0,0,1610.0,19.94
2018,9,20180901,Israel,2379.0,0,1528.0,55.69
2018,10,20181001,Israel,2073.0,0,2051.0,1.07
2018,11,20181101,Israel,1704.0,0,1566.0,8.81
2018,12,20181201,Israel,1682.0,0,1571.0,7.07
2019,1,20190101,Israel,2374.0,0,2118.0,12.09
2019,2,20190201,Israel,1896.0,0,2138.0,-11.32
2019,3,20190301,Israel,1945.0,0,2115.0,-8.04
2019,4,20190401,Israel,2071.0,0,1775.0,16.68
2019,5,20190501,Israel,1523.0,0,1288.0,18.25
2019,6,20190601,Israel,1502.0,0,1426.0,5.33
2019,7,20190701,Israel,1866.0,0,1756.0,6.26
2019,8,20190801,Israel,1937.0,0,1931.0,0.31
2019,9,20190901,Israel,2160.0,0,2379.0,-9.21
2019,10,20191001,Israel,2982.0,0,2073.0,43.85
2019,11,20191101,Israel,2009.0,0,1704.0,17.9
2019,12,20191201,Israel,2032.0,0,1682.0,20.81
2023,1,20230101,Israel,1342.0,0,2374.0,-43.47
2023,2,20230201,Israel,1510.0,0,1896.0,-20.36
2023,3,20230301,Israel,1639.0,0,1945.0,-15.73
2023,4,20230401,Israel,1275.0,0,2071.0,-38.44
2023,5,20230501,Israel,1184.0,0,1523.0,-22.26
2023,6,20230601,Israel,1012.0,0,1502.0,-32.62
2023,7,20230701,Israel,1596.0,0,1866.0,-14.47
2023,8,20230801,Israel,1669.0,0,1937.0,-13.84
2023,9,20230901,Israel,1805.0,0,2160.0,-16.44
2023,10,20231001,Israel,1029.0,0,2982.0,-65.49
2023,11,20231101,Israel,592.0,0,2009.0,-70.53
2023,12,20231201,Israel,693.0,0,2032.0,-65.9
2024,1,20240101,Israel,1075.0,0,1342.0,-19.9
2024,2,20240201,Israel,1346.0,0,1510.0,-10.86
2024,3,20240301,Israel,1284.0,0,1639.0,-21.66
2024,4,20240401,Israel,1448.0,0,1275.0,13.57
2024,5,20240501,Israel,1296.0,0,1184.0,9.46
2024,6,20240601,Israel,1134.0,0,1012.0,12.06
2024,7,20240701,Israel,1318.0,0,1596.0,-17.42
2024,8,20240801,Israel,1299.0,0,1669.0,-22.17
2024,9,20240901,Israel,1779.0,0,1805.0,-1.44
2024,10,20241001,Israel,2123.0,0,1029.0,106.32
2024,11,20241101,Israel,1877.0,0,592.0,217.06
2024,12,20241201,Israel,1494.0,0,693.0,115.58
2025,1,20250101,Israel,2116.0,0,1075.0,96.84
2025,2,20250201,Israel,2133.0,0,1346.0,58.47
2025,3,20250301,Israel,2413.0,0,1284.0,87.93
2025,4,20250401,Israel,2126.0,0,1448.0,46.82
2025,5,20250501,Israel,1546.0,0,1296.0,19.29
2025,6,20250601,Israel,792.0,0,1134.0,-30.16
2025,7,20250701,Israel,1784.0,0,1318.0,35.36
2025,8,20250801,Israel,1942.0,0,1299.0,49.5
2025,9,20250901,Israel,2267.0,0,1779.0,27.43
2025,10,20251001,Israel,2855.0,0,2123.0,34.48
2025,11,20251101,Israel,1942.0,0,1877.0,3.46
2025,12,20251201,Israel,1909.0,0,1494.0,27.78
2026,1,20260101,Israel,2476.0,0,2116.0,17.01
2026,2,20260201,Israel,2429.0,0,2133.0,13.88
2026,3,20260301,Israel,1194.0,0,2413.0,-50.52
2026,4,20260401,Israel,1660.0,0,2126.0,-21.92
2026,5,20260501,Israel,1819.0,0,1546.0,17.66
2026,6,20260601,Israel,1676.0,0,792.0,111.62
2026,7,20260701,Israel,2548.0,0,1784.0,42.83
2008,1,20080101,Italy,3719.0,0,,
2008,2,20080201,Italy,3226.0,0,,
2008,3,20080301,Italy,3420.0,0,,
2008,4,20080401,Italy,3556.0,0,,
2008,5,20080501,Italy,2638.0,0,,
2008,6,20080601,Italy,2450.0,0,,
2008,7,20080701,Italy,3971.0,0,,
2008,8,20080801,Italy,6556.0,0,,
2008,9,20080901,Italy,3397.0,0,,
2008,10,20081001,Italy,3077.0,0,,
2008,11,20081101,Italy,3367.0,0,,
2008,12,20081201,Italy,3658.0,0,,
2009,1,20090101,Italy,3564.0,0,3719.0,-4.17
2009,2,20090201,Italy,3154.0,0,3226.0,-2.23
2009,3,20090301,Italy,3979.0,0,3420.0,16.35
2009,4,20090401,Italy,2861.0,0,3556.0,-19.54
2009,5,20090501,Italy,3069.0,0,2638.0,16.34
2009,6,20090601,Italy,3038.0,0,2450.0,24.0
2009,7,20090701,Italy,3623.0,0,3971.0,-8.76
2009,8,20090801,Italy,8871.0,0,6556.0,35.31
2009,9,20090901,Italy,3727.0,0,3397.0,9.71
2009,10,20091001,Italy,3695.0,0,3077.0,20.08
2009,11,20091101,Italy,3436.0,0,3367.0,2.05
2009,12,20091201,Italy,3753.0,0,3658.0,2.6
2010,1,20100101,Italy,4619.0,0,3564.0,29.6
2010,2,20100201,Italy,3821.0,0,3154.0,21.15
2010,3,20100301,Italy,4014.0,0,3979.0,0.88
2010,4,20100401,Italy,3527.0,0,2861.0,23.28
2010,5,20100501,Italy,3406.0,0,3069.0,10.98
2010,6,20100601,Italy,3201.0,0,3038.0,5.37
2010,7,20100701,Italy,4084.0,0,3623.0,12.72
2010,8,20100801,Italy,8781.0,0,8871.0,-1.01
2010,9,20100901,Italy,3734.0,0,3727.0,0.19
2010,10,20101001,Italy,3328.0,0,3695.0,-9.93
2010,11,20101101,Italy,4394.0,0,3436.0,27.88
2010,12,20101201,Italy,4177.0,0,3753.0,11.3
2011,1,20110101,Italy,5048.0,0,4619.0,9.29
2011,2,20110201,Italy,3518.0,0,3821.0,-7.93
2011,3,20110301,Italy,5155.0,0,4014.0,28.43
2011,4,20110401,Italy,3583.0,0,3527.0,1.59
2011,5,20110501,Italy,3499.0,0,3406.0,2.73
2011,6,20110601,Italy,3099.0,0,3201.0,-3.19
2011,7,20110701,Italy,4151.0,0,4084.0,1.64
2011,8,20110801,Italy,8242.0,0,8781.0,-6.14
2011,9,20110901,Italy,3867.0,0,3734.0,3.56
2011,10,20111001,Italy,3767.0,0,3328.0,13.19
2011,11,20111101,Italy,4718.0,0,4394.0,7.37
2011,12,20111201,Italy,4873.0,0,4177.0,16.66
2012,1,20120101,Italy,5443.0,0,5048.0,7.82
2012,2,20120201,Italy,5314.0,0,3518.0,51.05
2012,3,20120301,Italy,6122.0,0,5155.0,18.76
2012,4,20120401,Italy,4848.0,0,3583.0,35.31
2012,5,20120501,Italy,3639.0,0,3499.0,4.0
2012,6,20120601,Italy,3668.0,0,3099.0,18.36
2012,7,20120701,Italy,5403.0,0,4151.0,30.16
2012,8,20120801,Italy,11397.0,0,8242.0,38.28
2012,9,20120901,Italy,5174.0,0,3867.0,33.8
2012,10,20121001,Italy,4265.0,0,3767.0,13.22
2012,11,20121101,Italy,5298.0,0,4718.0,12.29
2012,12,20121201,Italy,4986.0,0,4873.0,2.32
2013,1,20130101,Italy,6262.0,0,5443.0,15.05
2013,2,20130201,Italy,4309.0,0,5314.0,-18.91
2013,3,20130301,Italy,5463.0,0,6122.0,-10.76
2013,4,20130401,Italy,4011.0,0,4848.0,-17.26
2013,5,20130501,Italy,4407.0,0,3639.0,21.1
2013,6,20130601,Italy,4185.0,0,3668.0,14.09
2013,7,20130701,Italy,5303.0,0,5403.0,-1.85
2013,8,20130801,Italy,13117.0,0,11397.0,15.09
2013,9,20130901,Italy,5029.0,0,5174.0,-2.8
2013,10,20131001,Italy,4550.0,0,4265.0,6.68
2013,11,20131101,Italy,5140.0,0,5298.0,-2.98
2013,12,20131201,Italy,4874.0,0,4986.0,-2.25
2014,1,20140101,Italy,5429.0,0,6262.0,-13.3
2014,2,20140201,Italy,4944.0,0,4309.0,14.74
2014,3,20140301,Italy,5940.0,0,5463.0,8.73
2014,4,20140401,Italy,4684.0,0,4011.0,16.78
2014,5,20140501,Italy,3712.0,0,4407.0,-15.77
2014,6,20140601,Italy,3674.0,0,4185.0,-12.21
2014,7,20140701,Italy,5153.0,0,5303.0,-2.83
2014,8,20140801,Italy,13280.0,0,13117.0,1.24
2014,9,20140901,Italy,5164.0,0,5029.0,2.68
2014,10,20141001,Italy,4389.0,0,4550.0,-3.54
2014,11,20141101,Italy,5559.0,0,5140.0,8.15
2014,12,20141201,Italy,5124.0,0,4874.0,5.13
2015,1,20150101,Italy,5470.0,0,5429.0,0.76
2015,2,20150201,Italy,4192.0,0,4944.0,-15.21
2015,3,20150301,Italy,5311.0,0,5940.0,-10.59
2015,4,20150401,Italy,4870.0,0,4684.0,3.97
2015,5,20150501,Italy,3923.0,0,3712.0,5.68
2015,6,20150601,Italy,3915.0,0,3674.0,6.56
2015,7,20150701,Italy,5402.0,0,5153.0,4.83
2015,8,20150801,Italy,15817.0,0,13280.0,19.1
2015,9,20150901,Italy,5291.0,0,5164.0,2.46
2015,10,20151001,Italy,5042.0,0,4389.0,14.88
2015,11,20151101,Italy,5317.0,0,5559.0,-4.35
2015,12,20151201,Italy,4800.0,0,5124.0,-6.32
2016,1,20160101,Italy,6186.0,0,5470.0,13.09
2016,2,20160201,Italy,4883.0,0,4192.0,16.48
2016,3,20160301,Italy,4825.0,0,5311.0,-9.15
2016,4,20160401,Italy,5783.0,0,4870.0,18.75
2016,5,20160501,Italy,4300.0,0,3923.0,9.61
2016,6,20160601,Italy,4272.0,0,3915.0,9.12
2016,7,20160701,Italy,6093.0,0,5402.0,12.79
2016,8,20160801,Italy,16139.0,0,15817.0,2.04
2016,9,20160901,Italy,5731.0,0,5291.0,8.32
2016,10,20161001,Italy,5336.0,0,5042.0,5.83
2016,11,20161101,Italy,5425.0,0,5317.0,2.03
2016,12,20161201,Italy,5656.0,0,4800.0,17.83
2017,1,20170101,Italy,6231.0,0,6186.0,0.73
2017,2,20170201,Italy,5320.0,0,4883.0,8.95
2017,3,20170301,Italy,5470.0,0,4825.0,13.37
2017,4,20170401,Italy,5450.0,0,5783.0,-5.76
2017,5,20170501,Italy,4337.0,0,4300.0,0.86
2017,6,20170601,Italy,4048.0,0,4272.0,-5.24
2017,7,20170701,Italy,6984.0,0,6093.0,14.62
2017,8,20170801,Italy,19114.0,0,16139.0,18.43
2017,9,20170901,Italy,6568.0,0,5731.0,14.6
2017,10,20171001,Italy,5280.0,0,5336.0,-1.05
2017,11,20171101,Italy,6425.0,0,5425.0,18.43
2017,12,20171201,Italy,5201.0,0,5656.0,-8.04
2018,1,20180101,Italy,9760.0,0,6231.0,56.64
2018,2,20180201,Italy,8919.0,0,5320.0,67.65
2018,3,20180301,Italy,7967.0,0,5470.0,45.65
2018,4,20180401,Italy,6599.0,0,5450.0,21.08
2018,5,20180501,Italy,5299.0,0,4337.0,22.18
2018,6,20180601,Italy,4997.0,0,4048.0,23.44
2018,7,20180701,Italy,7779.0,0,6984.0,11.38
2018,8,20180801,Italy,22950.0,0,19114.0,20.07
2018,9,20180901,Italy,7349.0,0,6568.0,11.89
2018,10,20181001,Italy,5777.0,0,5280.0,9.41
2018,11,20181101,Italy,5973.0,0,6425.0,-7.04
2018,12,20181201,Italy,8637.0,0,5201.0,66.06
2019,1,20190101,Italy,10910.0,0,9760.0,11.78
2019,2,20190201,Italy,10085.0,0,8919.0,13.07
2019,3,20190301,Italy,7201.0,0,7967.0,-9.61
2019,4,20190401,Italy,6381.0,0,6599.0,-3.3
2019,5,20190501,Italy,4775.0,0,5299.0,-9.89
2019,6,20190601,Italy,4404.0,0,4997.0,-11.87
2019,7,20190701,Italy,7418.0,0,7779.0,-4.64
2019,8,20190801,Italy,21699.0,0,22950.0,-5.45
2019,9,20190901,Italy,6993.0,0,7349.0,-4.84
2019,10,20191001,Italy,5655.0,0,5777.0,-2.11
2019,11,20191101,Italy,6074.0,0,5973.0,1.69
2019,12,20191201,Italy,11129.0,0,8637.0,28.85
2023,1,20230101,Italy,4082.0,0,10910.0,-62.58
2023,2,20230201,Italy,4861.0,0,10085.0,-51.8
2023,3,20230301,Italy,4643.0,0,7201.0,-35.52
2023,4,20230401,Italy,4220.0,0,6381.0,-33.87
2023,5,20230501,Italy,4092.0,0,4775.0,-14.3
2023,6,20230601,Italy,3426.0,0,4404.0,-22.21
2023,7,20230701,Italy,6965.0,0,7418.0,-6.11
2023,8,20230801,Italy,20896.0,0,21699.0,-3.7
2023,9,20230901,Italy,6547.0,0,6993.0,-6.38
2023,10,20231001,Italy,4058.0,0,5655.0,-28.24
2023,11,20231101,Italy,4119.0,0,6074.0,-32.19
2023,12,20231201,Italy,4237.0,0,11129.0,-61.93
2024,1,20240101,Italy,5573.0,0,4082.0,36.53
2024,2,20240201,Italy,5038.0,0,4861.0,3.64
2024,3,20240301,Italy,4868.0,0,4643.0,4.85
2024,4,20240401,Italy,5141.0,0,4220.0,21.82
2024,5,20240501,Italy,4444.0,0,4092.0,8.6
2024,6,20240601,Italy,4818.0,0,3426.0,40.63
2024,7,20240701,Italy,7807.0,0,6965.0,12.09
2024,8,20240801,Italy,29522.0,0,20896.0,41.28
2024,9,20240901,Italy,8001.0,0,6547.0,22.21
2024,10,20241001,Italy,5864.0,0,4058.0,44.5
2024,11,20241101,Italy,5112.0,0,4119.0,24.11
2024,12,20241201,Italy,4828.0,0,4237.0,13.95
2025,1,20250101,Italy,6086.0,0,5573.0,9.21
2025,2,20250201,Italy,5709.0,0,5038.0,13.32
2025,3,20250301,Italy,5354.0,0,4868.0,9.98
2025,4,20250401,Italy,6480.0,0,5141.0,26.05
2025,5,20250501,Italy,5479.0,0,4444.0,23.29
2025,6,20250601,Italy,4901.0,0,4818.0,1.72
2025,7,20250701,Italy,9366.0,0,7807.0,19.97
2025,8,20250801,Italy,30649.0,0,29522.0,3.82
2025,9,20250901,Italy,8367.0,0,8001.0,4.57
2025,10,20251001,Italy,5595.0,0,5864.0,-4.59
2025,11,20251101,Italy,5802.0,0,5112.0,13.5
2025,12,20251201,Italy,6078.0,0,4828.0,25.89
2026,1,20260101,Italy,7474.0,0,6086.0,22.81
2026,2,20260201,Italy,7028.0,0,5709.0,23.1
2026,3,20260301,Italy,5311.0,0,5354.0,-0.8
2026,4,20260401,Italy,4952.0,0,6480.0,-23.58
2026,5,20260501,Italy,4037.0,0,5479.0,-26.32
2026,6,20260601,Italy,5401.0,0,4901.0,10.2
2026,7,20260701,Italy,9042.0,0,9366.0,-3.46
2008,1,20080101,Japan,52973.0,1,,
2008,2,20080201,Japan,47449.0,1,,
2008,3,20080301,Japan,57364.0,1,,
2008,4,20080401,Japan,36301.0,1,,
2008,5,20080501,Japan,42382.0,1,,
2008,6,20080601,Japan,40879.0,1,,
2008,7,20080701,Japan,47659.0,1,,
2008,8,20080801,Japan,53699.0,1,,
2008,9,20080901,Japan,48771.0,1,,
2008,10,20081001,Japan,47736.0,1,,
2008,11,20081101,Japan,48225.0,1,,
2008,12,20081201,Japan,47602.0,1,,
2009,1,20090101,Japan,38382.0,1,52973.0,-27.54
2009,2,20090201,Japan,42807.0,1,47449.0,-9.78
2009,3,20090301,Japan,46797.0,1,57364.0,-18.42
2009,4,20090401,Japan,31633.0,1,36301.0,-12.86
2009,5,20090501,Japan,29800.0,1,42382.0,-29.69
2009,6,20090601,Japan,28060.0,1,40879.0,-31.36
2009,7,20090701,Japan,46633.0,1,47659.0,-2.15
2009,8,20090801,Japan,50698.0,1,53699.0,-5.59
2009,9,20090901,Japan,52561.0,1,48771.0,7.77
2009,10,20091001,Japan,43247.0,1,47736.0,-9.4
2009,11,20091101,Japan,38949.0,1,48225.0,-19.23
2009,12,20091201,Japan,40420.0,1,47602.0,-15.09
2010,1,20100101,Japan,37747.0,1,38382.0,-1.65
2010,2,20100201,Japan,40669.0,1,42807.0,-4.99
2010,3,20100301,Japan,51836.0,1,46797.0,10.77
2010,4,20100401,Japan,35179.0,1,31633.0,11.21
2010,5,20100501,Japan,36827.0,1,29800.0,23.58
2010,6,20100601,Japan,36469.0,1,28060.0,29.97
2010,7,20100701,Japan,44649.0,1,46633.0,-4.25
2010,8,20100801,Japan,56680.0,1,50698.0,11.8
2010,9,20100901,Japan,45012.0,1,52561.0,-14.36
2010,10,20101001,Japan,43497.0,1,43247.0,0.58
2010,11,20101101,Japan,51542.0,1,38949.0,32.33
2010,12,20101201,Japan,48844.0,1,40420.0,20.84
2011,1,20110101,Japan,48799.0,1,37747.0,29.28
2011,2,20110201,Japan,58190.0,1,40669.0,43.08
2011,3,20110301,Japan,59999.0,1,51836.0,15.75
2011,4,20110401,Japan,38311.0,1,35179.0,8.9
2011,5,20110501,Japan,41594.0,1,36827.0,12.94
2011,6,20110601,Japan,38061.0,1,36469.0,4.37
2011,7,20110701,Japan,55479.0,1,44649.0,24.26
2011,8,20110801,Japan,72034.0,1,56680.0,27.09
2011,9,20110901,Japan,62395.0,1,45012.0,38.62
2011,10,20111001,Japan,57677.0,1,43497.0,32.6
2011,11,20111101,Japan,61293.0,1,51542.0,18.92
2011,12,20111201,Japan,62585.0,1,48844.0,28.13
2012,1,20120101,Japan,50672.0,1,48799.0,3.84
2012,2,20120201,Japan,67306.0,1,58190.0,15.67
2012,3,20120301,Japan,74995.0,1,59999.0,24.99
2012,4,20120401,Japan,49203.0,1,38311.0,28.43
2012,5,20120501,Japan,50006.0,1,41594.0,20.22
2012,6,20120601,Japan,52387.0,1,38061.0,37.64
2012,7,20120701,Japan,61139.0,1,55479.0,10.2
2012,8,20120801,Japan,82747.0,1,72034.0,14.87
2012,9,20120901,Japan,65991.0,1,62395.0,5.76
2012,10,20121001,Japan,62436.0,1,57677.0,8.25
2012,11,20121101,Japan,70696.0,1,61293.0,15.34
2012,12,20121201,Japan,69538.0,1,62585.0,11.11
2013,1,20130101,Japan,62857.0,1,50672.0,24.05
2013,2,20130201,Japan,68442.0,1,67306.0,1.69
2013,3,20130301,Japan,87359.0,1,74995.0,16.49
2013,4,20130401,Japan,53292.0,1,49203.0,8.31
2013,5,20130501,Japan,55491.0,1,50006.0,10.97
2013,6,20130601,Japan,57757.0,1,52387.0,10.25
2013,7,20130701,Japan,70113.0,1,61139.0,14.68
2013,8,20130801,Japan,92179.0,1,82747.0,11.4
2013,9,20130901,Japan,73786.0,1,65991.0,11.81
2013,10,20131001,Japan,68034.0,1,62436.0,8.97
2013,11,20131101,Japan,72603.0,1,70696.0,2.7
2013,12,20131201,Japan,70932.0,1,69538.0,2.0
2014,1,20140101,Japan,59578.0,1,62857.0,-5.22
2014,2,20140201,Japan,69230.0,1,68442.0,1.15
2014,3,20140301,Japan,85946.0,1,87359.0,-1.62
2014,4,20140401,Japan,50751.0,1,53292.0,-4.77
2014,5,20140501,Japan,54173.0,1,55491.0,-2.38
2014,6,20140601,Japan,56044.0,1,57757.0,-2.97
2014,7,20140701,Japan,69419.0,1,70113.0,-0.99
2014,8,20140801,Japan,95248.0,1,92179.0,3.33
2014,9,20140901,Japan,74408.0,1,73786.0,0.84
2014,10,20141001,Japan,68609.0,1,68034.0,0.85
2014,11,20141101,Japan,69415.0,1,72603.0,-4.39
2014,12,20141201,Japan,71920.0,1,70932.0,1.39
2015,1,20150101,Japan,58479.0,1,59578.0,-1.84
2015,2,20150201,Japan,62422.0,1,69230.0,-9.83
2015,3,20150301,Japan,79941.0,1,85946.0,-6.99
2015,4,20150401,Japan,46687.0,1,50751.0,-8.01
2015,5,20150501,Japan,52971.0,1,54173.0,-2.22
2015,6,20150601,Japan,53257.0,1,56044.0,-4.97
2015,7,20150701,Japan,67682.0,1,69419.0,-2.5
2015,8,20150801,Japan,92793.0,1,95248.0,-2.58
2015,9,20150901,Japan,73972.0,1,74408.0,-0.59
2015,10,20151001,Japan,66416.0,1,68609.0,-3.2
2015,11,20151101,Japan,67840.0,1,69415.0,-2.27
2015,12,20151201,Japan,66719.0,1,71920.0,-7.23
2016,1,20160101,Japan,62275.0,1,58479.0,6.49
2016,2,20160201,Japan,65604.0,1,62422.0,5.1
2016,3,20160301,Japan,79146.0,1,79941.0,-0.99
2016,4,20160401,Japan,49613.0,1,46687.0,6.27
2016,5,20160501,Japan,55006.0,1,52971.0,3.84
2016,6,20160601,Japan,54993.0,1,53257.0,3.26
2016,7,20160701,Japan,64715.0,1,67682.0,-4.38
2016,8,20160801,Japan,93619.0,1,92793.0,0.89
2016,9,20160901,Japan,68997.0,1,73972.0,-6.73
2016,10,20161001,Japan,62858.0,1,66416.0,-5.36
2016,11,20161101,Japan,64466.0,1,67840.0,-4.97
2016,12,20161201,Japan,62570.0,1,66719.0,-6.22
2017,1,20170101,Japan,53377.0,1,62275.0,-14.29
2017,2,20170201,Japan,72654.0,1,65604.0,10.75
2017,3,20170301,Japan,82293.0,1,79146.0,3.98
2017,4,20170401,Japan,46245.0,1,49613.0,-6.79
2017,5,20170501,Japan,54012.0,1,55006.0,-1.81
2017,6,20170601,Japan,52932.0,1,54993.0,-3.75
2017,7,20170701,Japan,63193.0,1,64715.0,-2.35
2017,8,20170801,Japan,94900.0,1,93619.0,1.37
2017,9,20170901,Japan,69742.0,1,68997.0,1.08
2017,10,20171001,Japan,64624.0,1,62858.0,2.81
2017,11,20171101,Japan,75348.0,1,64466.0,16.88
2017,12,20171201,Japan,63553.0,1,62570.0,1.57
2018,1,20180101,Japan,64087.0,1,53377.0,20.06
2018,2,20180201,Japan,68191.0,1,72654.0,-6.14
2018,3,20180301,Japan,83064.0,1,82293.0,0.94
2018,4,20180401,Japan,50253.0,1,46245.0,8.67
2018,5,20180501,Japan,53474.0,1,54012.0,-1.0
2018,6,20180601,Japan,53413.0,1,52932.0,0.91
2018,7,20180701,Japan,68146.0,1,63193.0,7.84
2018,8,20180801,Japan,100491.0,1,94900.0,5.89
2018,9,20180901,Japan,77013.0,1,69742.0,10.43
2018,10,20181001,Japan,74019.0,1,64624.0,14.54
2018,11,20181101,Japan,73787.0,1,75348.0,-2.07
2018,12,20181201,Japan,63738.0,1,63553.0,0.29
2019,1,20190101,Japan,66402.0,1,64087.0,3.61
2019,2,20190201,Japan,69885.0,1,68191.0,2.48
2019,3,20190301,Japan,84048.0,1,83064.0,1.18
2019,4,20190401,Japan,65212.0,1,50253.0,29.77
2019,5,20190501,Japan,59138.0,1,53474.0,10.59
2019,6,20190601,Japan,56709.0,1,53413.0,6.17
2019,7,20190701,Japan,71410.0,1,68146.0,4.79
2019,8,20190801,Japan,108104.0,1,100491.0,7.58
2019,9,20190901,Japan,80823.0,1,77013.0,4.95
2019,10,20191001,Japan,80106.0,1,74019.0,8.22
2019,11,20191101,Japan,72765.0,1,73787.0,-1.39
2019,12,20191201,Japan,69706.0,1,63738.0,9.36
2023,1,20230101,Japan,18335.0,1,66402.0,-72.39
2023,2,20230201,Japan,32932.0,1,69885.0,-52.88
2023,3,20230301,Japan,36302.0,1,84048.0,-56.81
2023,4,20230401,Japan,22134.0,1,65212.0,-66.06
2023,5,20230501,Japan,29130.0,1,59138.0,-50.74
2023,6,20230601,Japan,25370.0,1,56709.0,-55.26
2023,7,20230701,Japan,42730.0,1,71410.0,-40.16
2023,8,20230801,Japan,68304.0,1,108104.0,-36.82
2023,9,20230901,Japan,45989.0,1,80823.0,-43.1
2023,10,20231001,Japan,38073.0,1,80106.0,-52.47
2023,11,20231101,Japan,41412.0,1,72765.0,-43.09
2023,12,20231201,Japan,32124.0,1,69706.0,-53.92
2024,1,20240101,Japan,37650.0,1,18335.0,105.34
2024,2,20240201,Japan,45253.0,1,32932.0,37.41
2024,3,20240301,Japan,54844.0,1,36302.0,51.08
2024,4,20240401,Japan,32397.0,1,22134.0,46.37
2024,5,20240501,Japan,39046.0,1,29130.0,34.04
2024,6,20240601,Japan,33853.0,1,25370.0,33.44
2024,7,20240701,Japan,51143.0,1,42730.0,19.69
2024,8,20240801,Japan,81803.0,1,68304.0,19.76
2024,9,20240901,Japan,57825.0,1,45989.0,25.74
2024,10,20241001,Japan,51819.0,1,38073.0,36.1
2024,11,20241101,Japan,44327.0,1,41412.0,7.04
2024,12,20241201,Japan,43001.0,1,32124.0,33.86
2025,1,20250101,Japan,40053.0,1,37650.0,6.38
2025,2,20250201,Japan,55785.0,1,45253.0,23.27
2025,3,20250301,Japan,65548.0,1,54844.0,19.52
2025,4,20250401,Japan,31817.0,1,32397.0,-1.79
2025,5,20250501,Japan,40441.0,1,39046.0,3.57
2025,6,20250601,Japan,35118.0,1,33853.0,3.74
2025,7,20250701,Japan,56097.0,1,51143.0,9.69
2025,8,20250801,Japan,92867.0,1,81803.0,13.53
2025,9,20250901,Japan,59315.0,1,57825.0,2.58
2025,10,20251001,Japan,54862.0,1,51819.0,5.87
2025,11,20251101,Japan,53018.0,1,44327.0,19.61
2025,12,20251201,Japan,42592.0,1,43001.0,-0.95
2026,1,20260101,Japan,43094.0,1,40053.0,7.59
2026,2,20260201,Japan,52206.0,1,55785.0,-6.42
2026,3,20260301,Japan,73298.0,1,65548.0,11.82
2026,4,20260401,Japan,40804.0,1,31817.0,28.25
2026,5,20260501,Japan,44950.0,1,40441.0,11.15
2026,6,20260601,Japan,37866.0,1,35118.0,7.83
2026,7,20260701,Japan,57379.0,1,56097.0,2.29
2008,1,20080101,Kuwait,308.0,0,,
2008,2,20080201,Kuwait,310.0,0,,
2008,3,20080301,Kuwait,250.0,0,,
2008,4,20080401,Kuwait,220.0,0,,
2008,5,20080501,Kuwait,157.0,0,,
2008,6,20080601,Kuwait,404.0,0,,
2008,7,20080701,Kuwait,1022.0,0,,
2008,8,20080801,Kuwait,1094.0,0,,
2008,9,20080901,Kuwait,137.0,0,,
2008,10,20081001,Kuwait,265.0,0,,
2008,11,20081101,Kuwait,221.0,0,,
2008,12,20081201,Kuwait,450.0,0,,
2009,1,20090101,Kuwait,201.0,0,308.0,-34.74
2009,2,20090201,Kuwait,228.0,0,310.0,-26.45
2009,3,20090301,Kuwait,188.0,0,250.0,-24.8
2009,4,20090401,Kuwait,197.0,0,220.0,-10.45
2009,5,20090501,Kuwait,276.0,0,157.0,75.8
2009,6,20090601,Kuwait,572.0,0,404.0,41.58
2009,7,20090701,Kuwait,1843.0,0,1022.0,80.33
2009,8,20090801,Kuwait,821.0,0,1094.0,-24.95
2009,9,20090901,Kuwait,345.0,0,137.0,151.82
2009,10,20091001,Kuwait,254.0,0,265.0,-4.15
2009,11,20091101,Kuwait,413.0,0,221.0,86.88
2009,12,20091201,Kuwait,412.0,0,450.0,-8.44
2010,1,20100101,Kuwait,443.0,0,201.0,120.4
2010,2,20100201,Kuwait,587.0,0,228.0,157.46
2010,3,20100301,Kuwait,468.0,0,188.0,148.94
2010,4,20100401,Kuwait,305.0,0,197.0,54.82
2010,5,20100501,Kuwait,451.0,0,276.0,63.41
2010,6,20100601,Kuwait,806.0,0,572.0,40.91
2010,7,20100701,Kuwait,2548.0,0,1843.0,38.25
2010,8,20100801,Kuwait,719.0,0,821.0,-12.42
2010,9,20100901,Kuwait,535.0,0,345.0,55.07
2010,10,20101001,Kuwait,380.0,0,254.0,49.61
2010,11,20101101,Kuwait,723.0,0,413.0,75.06
2010,12,20101201,Kuwait,403.0,0,412.0,-2.18
2011,1,20110101,Kuwait,455.0,0,443.0,2.71
2011,2,20110201,Kuwait,631.0,0,587.0,7.5
2011,3,20110301,Kuwait,392.0,0,468.0,-16.24
2011,4,20110401,Kuwait,342.0,0,305.0,12.13
2011,5,20110501,Kuwait,378.0,0,451.0,-16.19
2011,6,20110601,Kuwait,862.0,0,806.0,6.95
2011,7,20110701,Kuwait,2404.0,0,2548.0,-5.65
2011,8,20110801,Kuwait,580.0,0,719.0,-19.33
2011,9,20110901,Kuwait,710.0,0,535.0,32.71
2011,10,20111001,Kuwait,361.0,0,380.0,-5.0
2011,11,20111101,Kuwait,668.0,0,723.0,-7.61
2011,12,20111201,Kuwait,495.0,0,403.0,22.83
2012,1,20120101,Kuwait,483.0,0,455.0,6.15
2012,2,20120201,Kuwait,655.0,0,631.0,3.8
2012,3,20120301,Kuwait,340.0,0,392.0,-13.27
2012,4,20120401,Kuwait,389.0,0,342.0,13.74
2012,5,20120501,Kuwait,318.0,0,378.0,-15.87
2012,6,20120601,Kuwait,979.0,0,862.0,13.57
2012,7,20120701,Kuwait,965.0,0,2404.0,-59.86
2012,8,20120801,Kuwait,1231.0,0,580.0,112.24
2012,9,20120901,Kuwait,597.0,0,710.0,-15.92
2012,10,20121001,Kuwait,550.0,0,361.0,52.35
2012,11,20121101,Kuwait,416.0,0,668.0,-37.72
2012,12,20121201,Kuwait,698.0,0,495.0,41.01
2013,1,20130101,Kuwait,456.0,0,483.0,-5.59
2013,2,20130201,Kuwait,1302.0,0,655.0,98.78
2013,3,20130301,Kuwait,550.0,0,340.0,61.76
2013,4,20130401,Kuwait,479.0,0,389.0,23.14
2013,5,20130501,Kuwait,320.0,0,318.0,0.63
2013,6,20130601,Kuwait,857.0,0,979.0,-12.46
2013,7,20130701,Kuwait,475.0,0,965.0,-50.78
2013,8,20130801,Kuwait,2943.0,0,1231.0,139.07
2013,9,20130901,Kuwait,850.0,0,597.0,42.38
2013,10,20131001,Kuwait,1108.0,0,550.0,101.45
2013,11,20131101,Kuwait,371.0,0,416.0,-10.82
2013,12,20131201,Kuwait,902.0,0,698.0,29.23
2014,1,20140101,Kuwait,766.0,0,456.0,67.98
2014,2,20140201,Kuwait,1471.0,0,1302.0,12.98
2014,3,20140301,Kuwait,587.0,0,550.0,6.73
2014,4,20140401,Kuwait,448.0,0,479.0,-6.47
2014,5,20140501,Kuwait,390.0,0,320.0,21.88
2014,6,20140601,Kuwait,769.0,0,857.0,-10.27
2014,7,20140701,Kuwait,1208.0,0,475.0,154.32
2014,8,20140801,Kuwait,2784.0,0,2943.0,-5.4
2014,9,20140901,Kuwait,532.0,0,850.0,-37.41
2014,10,20141001,Kuwait,896.0,0,1108.0,-19.13
2014,11,20141101,Kuwait,404.0,0,371.0,8.89
2014,12,20141201,Kuwait,781.0,0,902.0,-13.41
2015,1,20150101,Kuwait,1420.0,0,766.0,85.38
2015,2,20150201,Kuwait,519.0,0,1471.0,-64.72
2015,3,20150301,Kuwait,546.0,0,587.0,-6.98
2015,4,20150401,Kuwait,476.0,0,448.0,6.25
2015,5,20150501,Kuwait,463.0,0,390.0,18.72
2015,6,20150601,Kuwait,538.0,0,769.0,-30.04
2015,7,20150701,Kuwait,1631.0,0,1208.0,35.02
2015,8,20150801,Kuwait,2395.0,0,2784.0,-13.97
2015,9,20150901,Kuwait,1024.0,0,532.0,92.48
2015,10,20151001,Kuwait,550.0,0,896.0,-38.62
2015,11,20151101,Kuwait,327.0,0,404.0,-19.06
2015,12,20151201,Kuwait,878.0,0,781.0,12.42
2016,1,20160101,Kuwait,1682.0,0,1420.0,18.45
2016,2,20160201,Kuwait,470.0,0,519.0,-9.44
2016,3,20160301,Kuwait,674.0,0,546.0,23.44
2016,4,20160401,Kuwait,404.0,0,476.0,-15.13
2016,5,20160501,Kuwait,549.0,0,463.0,18.57
2016,6,20160601,Kuwait,259.0,0,538.0,-51.86
2016,7,20160701,Kuwait,1946.0,0,1631.0,19.31
2016,8,20160801,Kuwait,2224.0,0,2395.0,-7.14
2016,9,20160901,Kuwait,1399.0,0,1024.0,36.62
2016,10,20161001,Kuwait,372.0,0,550.0,-32.36
2016,11,20161101,Kuwait,365.0,0,327.0,11.62
2016,12,20161201,Kuwait,779.0,0,878.0,-11.28
2017,1,20170101,Kuwait,1154.0,0,1682.0,-31.39
2017,2,20170201,Kuwait,508.0,0,470.0,8.09
2017,3,20170301,Kuwait,703.0,0,674.0,4.3
2017,4,20170401,Kuwait,436.0,0,404.0,7.92
2017,5,20170501,Kuwait,314.0,0,549.0,-42.81
2017,6,20170601,Kuwait,576.0,0,259.0,122.39
2017,7,20170701,Kuwait,1604.0,0,1946.0,-17.57
2017,8,20170801,Kuwait,2124.0,0,2224.0,-4.5
2017,9,20170901,Kuwait,555.0,0,1399.0,-60.33
2017,10,20171001,Kuwait,343.0,0,372.0,-7.8
2017,11,20171101,Kuwait,422.0,0,365.0,15.62
2017,12,20171201,Kuwait,726.0,0,779.0,-6.8
2018,1,20180101,Kuwait,1173.0,0,1154.0,1.65
2018,2,20180201,Kuwait,566.0,0,508.0,11.42
2018,3,20180301,Kuwait,624.0,0,703.0,-11.24
2018,4,20180401,Kuwait,511.0,0,436.0,17.2
2018,5,20180501,Kuwait,280.0,0,314.0,-10.83
2018,6,20180601,Kuwait,751.0,0,576.0,30.38
2018,7,20180701,Kuwait,1634.0,0,1604.0,1.87
2018,8,20180801,Kuwait,2347.0,0,2124.0,10.5
2018,9,20180901,Kuwait,385.0,0,555.0,-30.63
2018,10,20181001,Kuwait,370.0,0,343.0,7.87
2018,11,20181101,Kuwait,375.0,0,422.0,-11.14
2018,12,20181201,Kuwait,778.0,0,726.0,7.16
2019,1,20190101,Kuwait,1174.0,0,1173.0,0.09
2019,2,20190201,Kuwait,662.0,0,566.0,16.96
2019,3,20190301,Kuwait,522.0,0,624.0,-16.35
2019,4,20190401,Kuwait,514.0,0,511.0,0.59
2019,5,20190501,Kuwait,130.0,0,280.0,-53.57
2019,6,20190601,Kuwait,932.0,0,751.0,24.1
2019,7,20190701,Kuwait,1663.0,0,1634.0,1.77
2019,8,20190801,Kuwait,2110.0,0,2347.0,-10.1
2019,9,20190901,Kuwait,382.0,0,385.0,-0.78
2019,10,20191001,Kuwait,357.0,0,370.0,-3.51
2019,11,20191101,Kuwait,450.0,0,375.0,20.0
2019,12,20191201,Kuwait,729.0,0,778.0,-6.3
2023,1,20230101,Kuwait,672.0,0,1174.0,-42.76
2023,2,20230201,Kuwait,359.0,0,662.0,-45.77
2023,3,20230301,Kuwait,205.0,0,522.0,-60.73
2023,4,20230401,Kuwait,308.0,0,514.0,-40.08
2023,5,20230501,Kuwait,305.0,0,130.0,134.62
2023,6,20230601,Kuwait,967.0,0,932.0,3.76
2023,7,20230701,Kuwait,1511.0,0,1663.0,-9.14
2023,8,20230801,Kuwait,2157.0,0,2110.0,2.23
2023,9,20230901,Kuwait,521.0,0,382.0,36.39
2023,10,20231001,Kuwait,473.0,0,357.0,32.49
2023,11,20231101,Kuwait,269.0,0,450.0,-40.22
2023,12,20231201,Kuwait,512.0,0,729.0,-29.77
2024,1,20240101,Kuwait,955.0,0,672.0,42.11
2024,2,20240201,Kuwait,510.0,0,359.0,42.06
2024,3,20240301,Kuwait,176.0,0,205.0,-14.15
2024,4,20240401,Kuwait,313.0,0,308.0,1.62
2024,5,20240501,Kuwait,218.0,0,305.0,-28.52
2024,6,20240601,Kuwait,1030.0,0,967.0,6.51
2024,7,20240701,Kuwait,1242.0,0,1511.0,-17.8
2024,8,20240801,Kuwait,1957.0,0,2157.0,-9.27
2024,9,20240901,Kuwait,598.0,0,521.0,14.78
2024,10,20241001,Kuwait,352.0,0,473.0,-25.58
2024,11,20241101,Kuwait,352.0,0,269.0,30.86
2024,12,20241201,Kuwait,530.0,0,512.0,3.52
2025,1,20250101,Kuwait,754.0,0,955.0,-21.05
2025,2,20250201,Kuwait,496.0,0,510.0,-2.75
2025,3,20250301,Kuwait,243.0,0,176.0,38.07
2025,4,20250401,Kuwait,324.0,0,313.0,3.51
2025,5,20250501,Kuwait,370.0,0,218.0,69.72
2025,6,20250601,Kuwait,956.0,0,1030.0,-7.18
2025,7,20250701,Kuwait,1234.0,0,1242.0,-0.64
2025,8,20250801,Kuwait,1946.0,0,1957.0,-0.56
2025,9,20250901,Kuwait,513.0,0,598.0,-14.21
2025,10,20251001,Kuwait,293.0,0,352.0,-16.76
2025,11,20251101,Kuwait,347.0,0,352.0,-1.42
2025,12,20251201,Kuwait,448.0,0,530.0,-15.47
2026,1,20260101,Kuwait,585.0,0,754.0,-22.41
2026,2,20260201,Kuwait,160.0,0,496.0,-67.74
2026,3,20260301,Kuwait,53.0,0,243.0,-78.19
2026,4,20260401,Kuwait,47.0,0,324.0,-85.49
2026,5,20260501,Kuwait,77.0,0,370.0,-79.19
2026,6,20260601,Kuwait,262.0,0,956.0,-72.59
2026,7,20260701,Kuwait,411.0,0,1234.0,-66.69
2008,1,20080101,Malaysia,45984.0,1,,
2008,2,20080201,Malaysia,50318.0,1,,
2008,3,20080301,Malaysia,56359.0,1,,
2008,4,20080401,Malaysia,53749.0,1,,
2008,5,20080501,Malaysia,52115.0,1,,
2008,6,20080601,Malaysia,53217.0,1,,
2008,7,20080701,Malaysia,46968.0,1,,
2008,8,20080801,Malaysia,44118.0,1,,
2008,9,20080901,Malaysia,44892.0,1,,
2008,10,20081001,Malaysia,54973.0,1,,
2008,11,20081101,Malaysia,60463.0,1,,
2008,12,20081201,Malaysia,84324.0,1,,
2009,1,20090101,Malaysia,44243.0,1,45984.0,-3.79
2009,2,20090201,Malaysia,45726.0,1,50318.0,-9.13
2009,3,20090301,Malaysia,59660.0,1,56359.0,5.86
2009,4,20090401,Malaysia,51299.0,1,53749.0,-4.56
2009,5,20090501,Malaysia,54995.0,1,52115.0,5.53
2009,6,20090601,Malaysia,61465.0,1,53217.0,15.5
2009,7,20090701,Malaysia,54087.0,1,46968.0,15.16
2009,8,20090801,Malaysia,61893.0,1,44118.0,40.29
2009,9,20090901,Malaysia,68008.0,1,44892.0,51.49
2009,10,20091001,Malaysia,69426.0,1,54973.0,26.29
2009,11,20091101,Malaysia,82747.0,1,60463.0,36.86
2009,12,20091201,Malaysia,110760.0,1,84324.0,31.35
2010,1,20100101,Malaysia,67942.0,1,44243.0,53.57
2010,2,20100201,Malaysia,68678.0,1,45726.0,50.19
2010,3,20100301,Malaysia,81757.0,1,59660.0,37.04
2010,4,20100401,Malaysia,77476.0,1,51299.0,51.03
2010,5,20100501,Malaysia,81937.0,1,54995.0,48.99
2010,6,20100601,Malaysia,93089.0,1,61465.0,51.45
2010,7,20100701,Malaysia,82611.0,1,54087.0,52.74
2010,8,20100801,Malaysia,75916.0,1,61893.0,22.66
2010,9,20100901,Malaysia,95484.0,1,68008.0,40.4
2010,10,20101001,Malaysia,82803.0,1,69426.0,19.27
2010,11,20101101,Malaysia,99975.0,1,82747.0,20.82
2010,12,20101201,Malaysia,129821.0,1,110760.0,17.21
2011,1,20110101,Malaysia,78342.0,1,67942.0,15.31
2011,2,20110201,Malaysia,81747.0,1,68678.0,19.03
2011,3,20110301,Malaysia,96418.0,1,81757.0,17.93
2011,4,20110401,Malaysia,87230.0,1,77476.0,12.59
2011,5,20110501,Malaysia,90528.0,1,81937.0,10.48
2011,6,20110601,Malaysia,97856.0,1,93089.0,5.12
2011,7,20110701,Malaysia,90175.0,1,82611.0,9.16
2011,8,20110801,Malaysia,91344.0,1,75916.0,20.32
2011,9,20110901,Malaysia,103060.0,1,95484.0,7.93
2011,10,20111001,Malaysia,88770.0,1,82803.0,7.21
2011,11,20111101,Malaysia,104972.0,1,99975.0,5.0
2011,12,20111201,Malaysia,130493.0,1,129821.0,0.52
2012,1,20120101,Malaysia,88970.0,1,78342.0,13.57
2012,2,20120201,Malaysia,88451.0,1,81747.0,8.2
2012,3,20120301,Malaysia,108054.0,1,96418.0,12.07
2012,4,20120401,Malaysia,96892.0,1,87230.0,11.08
2012,5,20120501,Malaysia,99568.0,1,90528.0,9.99
2012,6,20120601,Malaysia,107356.0,1,97856.0,9.71
2012,7,20120701,Malaysia,90449.0,1,90175.0,0.3
2012,8,20120801,Malaysia,107841.0,1,91344.0,18.06
2012,9,20120901,Malaysia,90484.0,1,103060.0,-12.2
2012,10,20121001,Malaysia,93945.0,1,88770.0,5.83
2012,11,20121101,Malaysia,124008.0,1,104972.0,18.13
2012,12,20121201,Malaysia,135669.0,1,130493.0,3.97
2013,1,20130101,Malaysia,89300.0,1,88970.0,0.37
2013,2,20130201,Malaysia,91895.0,1,88451.0,3.89
2013,3,20130301,Malaysia,108683.0,1,108054.0,0.58
2013,4,20130401,Malaysia,95414.0,1,96892.0,-1.53
2013,5,20130501,Malaysia,109517.0,1,99568.0,9.99
2013,6,20130601,Malaysia,107286.0,1,107356.0,-0.07
2013,7,20130701,Malaysia,93299.0,1,90449.0,3.15
2013,8,20130801,Malaysia,116392.0,1,107841.0,7.93
2013,9,20130901,Malaysia,98973.0,1,90484.0,9.38
2013,10,20131001,Malaysia,98097.0,1,93945.0,4.42
2013,11,20131101,Malaysia,129955.0,1,124008.0,4.8
2013,12,20131201,Malaysia,142131.0,1,135669.0,4.76
2014,1,20140101,Malaysia,89482.0,1,89300.0,0.2
2014,2,20140201,Malaysia,91181.0,1,91895.0,-0.78
2014,3,20140301,Malaysia,107002.0,1,108683.0,-1.55
2014,4,20140401,Malaysia,94982.0,1,95414.0,-0.45
2014,5,20140501,Malaysia,100648.0,1,109517.0,-8.1
2014,6,20140601,Malaysia,108945.0,1,107286.0,1.55
2014,7,20140701,Malaysia,101461.0,1,93299.0,8.75
2014,8,20140801,Malaysia,93222.0,1,116392.0,-19.91
2014,9,20140901,Malaysia,99339.0,1,98973.0,0.37
2014,10,20141001,Malaysia,97184.0,1,98097.0,-0.93
2014,11,20141101,Malaysia,106313.0,1,129955.0,-18.19
2014,12,20141201,Malaysia,143276.0,1,142131.0,0.81
2015,1,20150101,Malaysia,86193.0,1,89482.0,-3.68
2015,2,20150201,Malaysia,82408.0,1,91181.0,-9.62
2015,3,20150301,Malaysia,101929.0,1,107002.0,-4.74
2015,4,20150401,Malaysia,90515.0,1,94982.0,-4.7
2015,5,20150501,Malaysia,100340.0,1,100648.0,-0.31
2015,6,20150601,Malaysia,100074.0,1,108945.0,-8.14
2015,7,20150701,Malaysia,102347.0,1,101461.0,0.87
2015,8,20150801,Malaysia,88834.0,1,93222.0,-4.71
2015,9,20150901,Malaysia,93334.0,1,99339.0,-6.04
2015,10,20151001,Malaysia,88338.0,1,97184.0,-9.1
2015,11,20151101,Malaysia,106214.0,1,106313.0,-0.09
2015,12,20151201,Malaysia,130551.0,1,143276.0,-8.88
2016,1,20160101,Malaysia,87208.0,1,86193.0,1.18
2016,2,20160201,Malaysia,85850.0,1,82408.0,4.18
2016,3,20160301,Malaysia,98135.0,1,101929.0,-3.72
2016,4,20160401,Malaysia,97070.0,1,90515.0,7.24
2016,5,20160501,Malaysia,92668.0,1,100340.0,-7.65
2016,6,20160601,Malaysia,91901.0,1,100074.0,-8.17
2016,7,20160701,Malaysia,100397.0,1,102347.0,-1.91
2016,8,20160801,Malaysia,81655.0,1,88834.0,-8.08
2016,9,20160901,Malaysia,93519.0,1,93334.0,0.2
2016,10,20161001,Malaysia,92736.0,1,88338.0,4.98
2016,11,20161101,Malaysia,101549.0,1,106214.0,-4.39
2016,12,20161201,Malaysia,128897.0,1,130551.0,-1.27
2017,1,20170101,Malaysia,84504.0,1,87208.0,-3.1
2017,2,20170201,Malaysia,85058.0,1,85850.0,-0.92
2017,3,20170301,Malaysia,105372.0,1,98135.0,7.37
2017,4,20170401,Malaysia,94550.0,1,97070.0,-2.6
2017,5,20170501,Malaysia,90335.0,1,92668.0,-2.52
2017,6,20170601,Malaysia,102776.0,1,91901.0,11.83
2017,7,20170701,Malaysia,87138.0,1,100397.0,-13.21
2017,8,20170801,Malaysia,91135.0,1,81655.0,11.61
2017,9,20170901,Malaysia,90837.0,1,93519.0,-2.87
2017,10,20171001,Malaysia,96015.0,1,92736.0,3.54
2017,11,20171101,Malaysia,105404.0,1,101549.0,3.8
2017,12,20171201,Malaysia,135260.0,1,128897.0,4.94
2018,1,20180101,Malaysia,86833.0,1,84504.0,2.76
2018,2,20180201,Malaysia,85212.0,1,85058.0,0.18
2018,3,20180301,Malaysia,109897.0,1,105372.0,4.29
2018,4,20180401,Malaysia,98351.0,1,94550.0,4.02
2018,5,20180501,Malaysia,91244.0,1,90335.0,1.01
2018,6,20180601,Malaysia,113049.0,1,102776.0,10.0
2018,7,20180701,Malaysia,94611.0,1,87138.0,8.58
2018,8,20180801,Malaysia,103490.0,1,91135.0,13.56
2018,9,20180901,Malaysia,106880.0,1,90837.0,17.66
2018,10,20181001,Malaysia,103676.0,1,96015.0,7.98
2018,11,20181101,Malaysia,117793.0,1,105404.0,11.75
2018,12,20181201,Malaysia,142986.0,1,135260.0,5.71
2019,1,20190101,Malaysia,88293.0,1,86833.0,1.68
2019,2,20190201,Malaysia,88706.0,1,85212.0,4.1
2019,3,20190301,Malaysia,106200.0,1,109897.0,-3.36
2019,4,20190401,Malaysia,95076.0,1,98351.0,-3.33
2019,5,20190501,Malaysia,106518.0,1,91244.0,16.74
2019,6,20190601,Malaysia,102074.0,1,113049.0,-9.71
2019,7,20190701,Malaysia,93071.0,1,94611.0,-1.63
2019,8,20190801,Malaysia,100225.0,1,103490.0,-3.15
2019,9,20190901,Malaysia,98438.0,1,106880.0,-7.9
2019,10,20191001,Malaysia,97378.0,1,103676.0,-6.07
2019,11,20191101,Malaysia,111473.0,1,117793.0,-5.37
2019,12,20191201,Malaysia,133278.0,1,142986.0,-6.79
2023,1,20230101,Malaysia,72756.0,1,88293.0,-17.6
2023,2,20230201,Malaysia,88040.0,1,88706.0,-0.75
2023,3,20230301,Malaysia,97835.0,1,106200.0,-7.88
2023,4,20230401,Malaysia,98190.0,1,95076.0,3.28
2023,5,20230501,Malaysia,98347.0,1,106518.0,-7.67
2023,6,20230601,Malaysia,85945.0,1,102074.0,-15.8
2023,7,20230701,Malaysia,84876.0,1,93071.0,-8.81
2023,8,20230801,Malaysia,88044.0,1,100225.0,-12.15
2023,9,20230901,Malaysia,89384.0,1,98438.0,-9.2
2023,10,20231001,Malaysia,88643.0,1,97378.0,-8.97
2023,11,20231101,Malaysia,93414.0,1,111473.0,-16.2
2023,12,20231201,Malaysia,102683.0,1,133278.0,-22.96
2024,1,20240101,Malaysia,93442.0,1,72756.0,28.43
2024,2,20240201,Malaysia,100081.0,1,88040.0,13.68
2024,3,20240301,Malaysia,120283.0,1,97835.0,22.94
2024,4,20240401,Malaysia,106248.0,1,98190.0,8.21
2024,5,20240501,Malaysia,95761.0,1,98347.0,-2.63
2024,6,20240601,Malaysia,83913.0,1,85945.0,-2.36
2024,7,20240701,Malaysia,83146.0,1,84876.0,-2.04
2024,8,20240801,Malaysia,79895.0,1,88044.0,-9.26
2024,9,20240901,Malaysia,112151.0,1,89384.0,25.47
2024,10,20241001,Malaysia,103432.0,1,88643.0,16.68
2024,11,20241101,Malaysia,101920.0,1,93414.0,9.11
2024,12,20241201,Malaysia,105622.0,1,102683.0,2.86
2025,1,20250101,Malaysia,102328.0,1,93442.0,9.51
2025,2,20250201,Malaysia,105762.0,1,100081.0,5.68
2025,3,20250301,Malaysia,104150.0,1,120283.0,-13.41
2025,4,20250401,Malaysia,109253.0,1,106248.0,2.83
2025,5,20250501,Malaysia,111673.0,1,95761.0,16.62
2025,6,20250601,Malaysia,100986.0,1,83913.0,20.35
2025,7,20250701,Malaysia,88384.0,1,83146.0,6.3
2025,8,20250801,Malaysia,88675.0,1,79895.0,10.99
2025,9,20250901,Malaysia,120634.0,1,112151.0,7.56
2025,10,20251001,Malaysia,110304.0,1,103432.0,6.64
2025,11,20251101,Malaysia,117164.0,1,101920.0,14.96
2025,12,20251201,Malaysia,116081.0,1,105622.0,9.9
2026,1,20260101,Malaysia,116800.0,1,102328.0,14.14
2026,2,20260201,Malaysia,90211.0,1,105762.0,-14.7
2026,3,20260301,Malaysia,131898.0,1,104150.0,26.64
2026,4,20260401,Malaysia,99298.0,1,109253.0,-9.11
2026,5,20260501,Malaysia,111905.0,1,111673.0,0.21
2026,6,20260601,Malaysia,94549.0,1,100986.0,-6.37
2026,7,20260701,Malaysia,86885.0,1,88384.0,-1.7
2008,1,20080101,Mauritius,1015.0,0,,
2008,2,20080201,Mauritius,745.0,0,,
2008,3,20080301,Mauritius,736.0,0,,
2008,4,20080401,Mauritius,1216.0,0,,
2008,5,20080501,Mauritius,662.0,0,,
2008,6,20080601,Mauritius,846.0,0,,
2008,7,20080701,Mauritius,1062.0,0,,
2008,8,20080801,Mauritius,1010.0,0,,
2008,9,20080901,Mauritius,510.0,0,,
2008,10,20081001,Mauritius,769.0,0,,
2008,11,20081101,Mauritius,1177.0,0,,
2008,12,20081201,Mauritius,1682.0,0,,
2009,1,20090101,Mauritius,894.0,0,1015.0,-11.92
2009,2,20090201,Mauritius,553.0,0,745.0,-25.77
2009,3,20090301,Mauritius,777.0,0,736.0,5.57
2009,4,20090401,Mauritius,945.0,0,1216.0,-22.29
2009,5,20090501,Mauritius,605.0,0,662.0,-8.61
2009,6,20090601,Mauritius,920.0,0,846.0,8.75
2009,7,20090701,Mauritius,967.0,0,1062.0,-8.95
2009,8,20090801,Mauritius,1058.0,0,1010.0,4.75
2009,9,20090901,Mauritius,612.0,0,510.0,20.0
2009,10,20091001,Mauritius,997.0,0,769.0,29.65
2009,11,20091101,Mauritius,1284.0,0,1177.0,9.09
2009,12,20091201,Mauritius,1806.0,0,1682.0,7.37
2010,1,20100101,Mauritius,1174.0,0,894.0,31.32
2010,2,20100201,Mauritius,944.0,0,553.0,70.71
2010,3,20100301,Mauritius,938.0,0,777.0,20.72
2010,4,20100401,Mauritius,977.0,0,945.0,3.39
2010,5,20100501,Mauritius,640.0,0,605.0,5.79
2010,6,20100601,Mauritius,654.0,0,920.0,-28.91
2010,7,20100701,Mauritius,1163.0,0,967.0,20.27
2010,8,20100801,Mauritius,932.0,0,1058.0,-11.91
2010,9,20100901,Mauritius,651.0,0,612.0,6.37
2010,10,20101001,Mauritius,682.0,0,997.0,-31.59
2010,11,20101101,Mauritius,1236.0,0,1284.0,-3.74
2010,12,20101201,Mauritius,1626.0,0,1806.0,-9.97
2011,1,20110101,Mauritius,1017.0,0,1174.0,-13.37
2011,2,20110201,Mauritius,571.0,0,944.0,-39.51
2011,3,20110301,Mauritius,669.0,0,938.0,-28.68
2011,4,20110401,Mauritius,993.0,0,977.0,1.64
2011,5,20110501,Mauritius,604.0,0,640.0,-5.63
2011,6,20110601,Mauritius,627.0,0,654.0,-4.13
2011,7,20110701,Mauritius,953.0,0,1163.0,-18.06
2011,8,20110801,Mauritius,841.0,0,932.0,-9.76
2011,9,20110901,Mauritius,585.0,0,651.0,-10.14
2011,10,20111001,Mauritius,750.0,0,682.0,9.97
2011,11,20111101,Mauritius,1080.0,0,1236.0,-12.62
2011,12,20111201,Mauritius,1837.0,0,1626.0,12.98
2012,1,20120101,Mauritius,821.0,0,1017.0,-19.27
2012,2,20120201,Mauritius,729.0,0,571.0,27.67
2012,3,20120301,Mauritius,813.0,0,669.0,21.52
2012,4,20120401,Mauritius,1220.0,0,993.0,22.86
2012,5,20120501,Mauritius,534.0,0,604.0,-11.59
2012,6,20120601,Mauritius,681.0,0,627.0,8.61
2012,7,20120701,Mauritius,615.0,0,953.0,-35.47
2012,8,20120801,Mauritius,932.0,0,841.0,10.82
2012,9,20120901,Mauritius,571.0,0,585.0,-2.39
2012,10,20121001,Mauritius,512.0,0,750.0,-31.73
2012,11,20121101,Mauritius,1158.0,0,1080.0,7.22
2012,12,20121201,Mauritius,1271.0,0,1837.0,-30.81
2013,1,20130101,Mauritius,909.0,0,821.0,10.72
2013,2,20130201,Mauritius,459.0,0,729.0,-37.04
2013,3,20130301,Mauritius,572.0,0,813.0,-29.64
2013,4,20130401,Mauritius,738.0,0,1220.0,-39.51
2013,5,20130501,Mauritius,500.0,0,534.0,-6.37
2013,6,20130601,Mauritius,582.0,0,681.0,-14.54
2013,7,20130701,Mauritius,693.0,0,615.0,12.68
2013,8,20130801,Mauritius,624.0,0,932.0,-33.05
2013,9,20130901,Mauritius,428.0,0,571.0,-25.04
2013,10,20131001,Mauritius,559.0,0,512.0,9.18
2013,11,20131101,Mauritius,1150.0,0,1158.0,-0.69
2013,12,20131201,Mauritius,1332.0,0,1271.0,4.8
2014,1,20140101,Mauritius,646.0,0,909.0,-28.93
2014,2,20140201,Mauritius,481.0,0,459.0,4.79
2014,3,20140301,Mauritius,478.0,0,572.0,-16.43
2014,4,20140401,Mauritius,748.0,0,738.0,1.36
2014,5,20140501,Mauritius,390.0,0,500.0,-22.0
2014,6,20140601,Mauritius,525.0,0,582.0,-9.79
2014,7,20140701,Mauritius,708.0,0,693.0,2.16
2014,8,20140801,Mauritius,655.0,0,624.0,4.97
2014,9,20140901,Mauritius,475.0,0,428.0,10.98
2014,10,20141001,Mauritius,475.0,0,559.0,-15.03
2014,11,20141101,Mauritius,1024.0,0,1150.0,-10.96
2014,12,20141201,Mauritius,1420.0,0,1332.0,6.61
2015,1,20150101,Mauritius,828.0,0,646.0,28.17
2015,2,20150201,Mauritius,557.0,0,481.0,15.8
2015,3,20150301,Mauritius,567.0,0,478.0,18.62
2015,4,20150401,Mauritius,858.0,0,748.0,14.71
2015,5,20150501,Mauritius,513.0,0,390.0,31.54
2015,6,20150601,Mauritius,600.0,0,525.0,14.29
2015,7,20150701,Mauritius,601.0,0,708.0,-15.11
2015,8,20150801,Mauritius,694.0,0,655.0,5.95
2015,9,20150901,Mauritius,411.0,0,475.0,-13.47
2015,10,20151001,Mauritius,474.0,0,475.0,-0.21
2015,11,20151101,Mauritius,1087.0,0,1024.0,6.15
2015,12,20151201,Mauritius,1549.0,0,1420.0,9.08
2016,1,20160101,Mauritius,841.0,0,828.0,1.57
2016,2,20160201,Mauritius,425.0,0,557.0,-23.7
2016,3,20160301,Mauritius,892.0,0,567.0,57.32
2016,4,20160401,Mauritius,1196.0,0,858.0,39.39
2016,5,20160501,Mauritius,621.0,0,513.0,21.05
2016,6,20160601,Mauritius,579.0,0,600.0,-3.5
2016,7,20160701,Mauritius,823.0,0,601.0,36.94
2016,8,20160801,Mauritius,882.0,0,694.0,27.09
2016,9,20160901,Mauritius,688.0,0,411.0,67.4
2016,10,20161001,Mauritius,1013.0,0,474.0,113.71
2016,11,20161101,Mauritius,2478.0,0,1087.0,127.97
2016,12,20161201,Mauritius,2394.0,0,1549.0,54.55
2017,1,20170101,Mauritius,1142.0,0,841.0,35.79
2017,2,20170201,Mauritius,908.0,0,425.0,113.65
2017,3,20170301,Mauritius,864.0,0,892.0,-3.14
2017,4,20170401,Mauritius,1221.0,0,1196.0,2.09
2017,5,20170501,Mauritius,619.0,0,621.0,-0.32
2017,6,20170601,Mauritius,539.0,0,579.0,-6.91
2017,7,20170701,Mauritius,1205.0,0,823.0,46.42
2017,8,20170801,Mauritius,998.0,0,882.0,13.15
2017,9,20170901,Mauritius,639.0,0,688.0,-7.12
2017,10,20171001,Mauritius,765.0,0,1013.0,-24.48
2017,11,20171101,Mauritius,2328.0,0,2478.0,-6.05
2017,12,20171201,Mauritius,2174.0,0,2394.0,-9.19
2018,1,20180101,Mauritius,1041.0,0,1142.0,-8.84
2018,2,20180201,Mauritius,1006.0,0,908.0,10.79
2018,3,20180301,Mauritius,749.0,0,864.0,-13.31
2018,4,20180401,Mauritius,1337.0,0,1221.0,9.5
2018,5,20180501,Mauritius,721.0,0,619.0,16.48
2018,6,20180601,Mauritius,659.0,0,539.0,22.26
2018,7,20180701,Mauritius,1240.0,0,1205.0,2.9
2018,8,20180801,Mauritius,956.0,0,998.0,-4.21
2018,9,20180901,Mauritius,746.0,0,639.0,16.74
2018,10,20181001,Mauritius,915.0,0,765.0,19.61
2018,11,20181101,Mauritius,1894.0,0,2328.0,-18.64
2018,12,20181201,Mauritius,2835.0,0,2174.0,30.4
2019,1,20190101,Mauritius,973.0,0,1041.0,-6.53
2019,2,20190201,Mauritius,842.0,0,1006.0,-16.3
2019,3,20190301,Mauritius,846.0,0,749.0,12.95
2019,4,20190401,Mauritius,1192.0,0,1337.0,-10.85
2019,5,20190501,Mauritius,590.0,0,721.0,-18.17
2019,6,20190601,Mauritius,802.0,0,659.0,21.7
2019,7,20190701,Mauritius,1180.0,0,1240.0,-4.84
2019,8,20190801,Mauritius,943.0,0,956.0,-1.36
2019,9,20190901,Mauritius,625.0,0,746.0,-16.22
2019,10,20191001,Mauritius,773.0,0,915.0,-15.52
2019,11,20191101,Mauritius,1410.0,0,1894.0,-25.55
2019,12,20191201,Mauritius,2920.0,0,2835.0,3.0
2023,1,20230101,Mauritius,418.0,0,973.0,-57.04
2023,2,20230201,Mauritius,274.0,0,842.0,-67.46
2023,3,20230301,Mauritius,474.0,0,846.0,-43.97
2023,4,20230401,Mauritius,581.0,0,1192.0,-51.26
2023,5,20230501,Mauritius,363.0,0,590.0,-38.47
2023,6,20230601,Mauritius,349.0,0,802.0,-56.48
2023,7,20230701,Mauritius,413.0,0,1180.0,-65.0
2023,8,20230801,Mauritius,377.0,0,943.0,-60.02
2023,9,20230901,Mauritius,412.0,0,625.0,-34.08
2023,10,20231001,Mauritius,349.0,0,773.0,-54.85
2023,11,20231101,Mauritius,769.0,0,1410.0,-45.46
2023,12,20231201,Mauritius,965.0,0,2920.0,-66.95
2024,1,20240101,Mauritius,548.0,0,418.0,31.1
2024,2,20240201,Mauritius,292.0,0,274.0,6.57
2024,3,20240301,Mauritius,346.0,0,474.0,-27.0
2024,4,20240401,Mauritius,582.0,0,581.0,0.17
2024,5,20240501,Mauritius,370.0,0,363.0,1.93
2024,6,20240601,Mauritius,283.0,0,349.0,-18.91
2024,7,20240701,Mauritius,425.0,0,413.0,2.91
2024,8,20240801,Mauritius,504.0,0,377.0,33.69
2024,9,20240901,Mauritius,320.0,0,412.0,-22.33
2024,10,20241001,Mauritius,313.0,0,349.0,-10.32
2024,11,20241101,Mauritius,802.0,0,769.0,4.29
2024,12,20241201,Mauritius,1077.0,0,965.0,11.61
2025,1,20250101,Mauritius,487.0,0,548.0,-11.13
2025,2,20250201,Mauritius,381.0,0,292.0,30.48
2025,3,20250301,Mauritius,282.0,0,346.0,-18.5
2025,4,20250401,Mauritius,613.0,0,582.0,5.33
2025,5,20250501,Mauritius,369.0,0,370.0,-0.27
2025,6,20250601,Mauritius,312.0,0,283.0,10.25
2025,7,20250701,Mauritius,482.0,0,425.0,13.41
2025,8,20250801,Mauritius,539.0,0,504.0,6.94
2025,9,20250901,Mauritius,270.0,0,320.0,-15.63
2025,10,20251001,Mauritius,376.0,0,313.0,20.13
2025,11,20251101,Mauritius,787.0,0,802.0,-1.87
2025,12,20251201,Mauritius,1342.0,0,1077.0,24.61
2026,1,20260101,Mauritius,555.0,0,487.0,13.96
2026,2,20260201,Mauritius,322.0,0,381.0,-15.49
2026,3,20260301,Mauritius,402.0,0,282.0,42.55
2026,4,20260401,Mauritius,730.0,0,613.0,19.09
2026,5,20260501,Mauritius,305.0,0,369.0,-17.34
2026,6,20260601,Mauritius,231.0,0,312.0,-25.96
2026,7,20260701,Mauritius,492.0,0,482.0,2.07
2008,1,20080101,Myanmar,6090.0,0,,
2008,2,20080201,Myanmar,5329.0,0,,
2008,3,20080301,Myanmar,6989.0,0,,
2008,4,20080401,Myanmar,8873.0,0,,
2008,5,20080501,Myanmar,6199.0,0,,
2008,6,20080601,Myanmar,6292.0,0,,
2008,7,20080701,Myanmar,7068.0,0,,
2008,8,20080801,Myanmar,6680.0,0,,
2008,9,20080901,Myanmar,5815.0,0,,
2008,10,20081001,Myanmar,6581.0,0,,
2008,11,20081101,Myanmar,5738.0,0,,
2008,12,20081201,Myanmar,6928.0,0,,
2009,1,20090101,Myanmar,5521.0,0,6090.0,-9.34
2009,2,20090201,Myanmar,4909.0,0,5329.0,-7.88
2009,3,20090301,Myanmar,5916.0,0,6989.0,-15.35
2009,4,20090401,Myanmar,8226.0,0,8873.0,-7.29
2009,5,20090501,Myanmar,5512.0,0,6199.0,-11.08
2009,6,20090601,Myanmar,5150.0,0,6292.0,-18.15
2009,7,20090701,Myanmar,6147.0,0,7068.0,-13.03
2009,8,20090801,Myanmar,4850.0,0,6680.0,-27.4
2009,9,20090901,Myanmar,5042.0,0,5815.0,-13.29
2009,10,20091001,Myanmar,6249.0,0,6581.0,-5.04
2009,11,20091101,Myanmar,5694.0,0,5738.0,-0.77
2009,12,20091201,Myanmar,7056.0,0,6928.0,1.85
2010,1,20100101,Myanmar,5512.0,0,5521.0,-0.16
2010,2,20100201,Myanmar,4583.0,0,4909.0,-6.64
2010,3,20100301,Myanmar,7000.0,0,5916.0,18.32
2010,4,20100401,Myanmar,9646.0,0,8226.0,17.26
2010,5,20100501,Myanmar,6556.0,0,5512.0,18.94
2010,6,20100601,Myanmar,6236.0,0,5150.0,21.09
2010,7,20100701,Myanmar,6879.0,0,6147.0,11.91
2010,8,20100801,Myanmar,5838.0,0,4850.0,20.37
2010,9,20100901,Myanmar,5376.0,0,5042.0,6.62
2010,10,20101001,Myanmar,6482.0,0,6249.0,3.73
2010,11,20101101,Myanmar,5953.0,0,5694.0,4.55
2010,12,20101201,Myanmar,8277.0,0,7056.0,17.3
2011,1,20110101,Myanmar,6457.0,0,5512.0,17.14
2011,2,20110201,Myanmar,5897.0,0,4583.0,28.67
2011,3,20110301,Myanmar,8466.0,0,7000.0,20.94
2011,4,20110401,Myanmar,11168.0,0,9646.0,15.78
2011,5,20110501,Myanmar,7893.0,0,6556.0,20.39
2011,6,20110601,Myanmar,7571.0,0,6236.0,21.41
2011,7,20110701,Myanmar,9196.0,0,6879.0,33.68
2011,8,20110801,Myanmar,7256.0,0,5838.0,24.29
2011,9,20110901,Myanmar,6966.0,0,5376.0,29.58
2011,10,20111001,Myanmar,7624.0,0,6482.0,17.62
2011,11,20111101,Myanmar,7096.0,0,5953.0,19.2
2011,12,20111201,Myanmar,8594.0,0,8277.0,3.83
2012,1,20120101,Myanmar,6710.0,0,6457.0,3.92
2012,2,20120201,Myanmar,7038.0,0,5897.0,19.35
2012,3,20120301,Myanmar,8197.0,0,8466.0,-3.18
2012,4,20120401,Myanmar,12114.0,0,11168.0,8.47
2012,5,20120501,Myanmar,8984.0,0,7893.0,13.82
2012,6,20120601,Myanmar,7397.0,0,7571.0,-2.3
2012,7,20120701,Myanmar,7699.0,0,9196.0,-16.28
2012,8,20120801,Myanmar,6527.0,0,7256.0,-10.05
2012,9,20120901,Myanmar,6502.0,0,6966.0,-6.66
2012,10,20121001,Myanmar,6935.0,0,7624.0,-9.04
2012,11,20121101,Myanmar,6870.0,0,7096.0,-3.18
2012,12,20121201,Myanmar,8073.0,0,8594.0,-6.06
2013,1,20130101,Myanmar,6819.0,0,6710.0,1.62
2013,2,20130201,Myanmar,5680.0,0,7038.0,-19.3
2013,3,20130301,Myanmar,8693.0,0,8197.0,6.05
2013,4,20130401,Myanmar,13031.0,0,12114.0,7.57
2013,5,20130501,Myanmar,8432.0,0,8984.0,-6.14
2013,6,20130601,Myanmar,7718.0,0,7397.0,4.34
2013,7,20130701,Myanmar,8427.0,0,7699.0,9.46
2013,8,20130801,Myanmar,7020.0,0,6527.0,7.55
2013,9,20130901,Myanmar,7190.0,0,6502.0,10.58
2013,10,20131001,Myanmar,8934.0,0,6935.0,28.82
2013,11,20131101,Myanmar,7531.0,0,6870.0,9.62
2013,12,20131201,Myanmar,9892.0,0,8073.0,22.53
2014,1,20140101,Myanmar,7807.0,0,6819.0,14.49
2014,2,20140201,Myanmar,7513.0,0,5680.0,32.27
2014,3,20140301,Myanmar,9789.0,0,8693.0,12.61
2014,4,20140401,Myanmar,15255.0,0,13031.0,17.07
2014,5,20140501,Myanmar,9538.0,0,8432.0,13.12
2014,6,20140601,Myanmar,9530.0,0,7718.0,23.48
2014,7,20140701,Myanmar,9345.0,0,8427.0,10.89
2014,8,20140801,Myanmar,8903.0,0,7020.0,26.82
2014,9,20140901,Myanmar,8294.0,0,7190.0,15.35
2014,10,20141001,Myanmar,8958.0,0,8934.0,0.27
2014,11,20141101,Myanmar,7973.0,0,7531.0,5.87
2014,12,20141201,Myanmar,9859.0,0,9892.0,-0.33
2015,1,20150101,Myanmar,7825.0,0,7807.0,0.23
2015,2,20150201,Myanmar,6204.0,0,7513.0,-17.42
2015,3,20150301,Myanmar,9681.0,0,9789.0,-1.1
2015,4,20150401,Myanmar,12969.0,0,15255.0,-14.99
2015,5,20150501,Myanmar,9162.0,0,9538.0,-3.94
2015,6,20150601,Myanmar,9326.0,0,9530.0,-2.14
2015,7,20150701,Myanmar,8757.0,0,9345.0,-6.29
2015,8,20150801,Myanmar,8000.0,0,8903.0,-10.14
2015,9,20150901,Myanmar,7461.0,0,8294.0,-10.04
2015,10,20151001,Myanmar,8762.0,0,8958.0,-2.19
2015,11,20151101,Myanmar,7625.0,0,7973.0,-4.36
2015,12,20151201,Myanmar,9680.0,0,9859.0,-1.82
2016,1,20160101,Myanmar,7703.0,0,7825.0,-1.56
2016,2,20160201,Myanmar,7090.0,0,6204.0,14.28
2016,3,20160301,Myanmar,10517.0,0,9681.0,8.64
2016,4,20160401,Myanmar,14495.0,0,12969.0,11.77
2016,5,20160501,Myanmar,9470.0,0,9162.0,3.36
2016,6,20160601,Myanmar,9731.0,0,9326.0,4.34
2016,7,20160701,Myanmar,9937.0,0,8757.0,13.47
2016,8,20160801,Myanmar,8012.0,0,8000.0,0.15
2016,9,20160901,Myanmar,7102.0,0,7461.0,-4.81
2016,10,20161001,Myanmar,8218.0,0,8762.0,-6.21
2016,11,20161101,Myanmar,7648.0,0,7625.0,0.3
2016,12,20161201,Myanmar,13691.0,0,9680.0,41.44
2017,1,20170101,Myanmar,9902.0,0,7703.0,28.55
2017,2,20170201,Myanmar,9783.0,0,7090.0,37.98
2017,3,20170301,Myanmar,12656.0,0,10517.0,20.34
2017,4,20170401,Myanmar,19610.0,0,14495.0,35.29
2017,5,20170501,Myanmar,11705.0,0,9470.0,23.6
2017,6,20170601,Myanmar,12144.0,0,9731.0,24.8
2017,7,20170701,Myanmar,12619.0,0,9937.0,26.99
2017,8,20170801,Myanmar,10934.0,0,8012.0,36.47
2017,9,20170901,Myanmar,9888.0,0,7102.0,39.23
2017,10,20171001,Myanmar,11616.0,0,8218.0,41.35
2017,11,20171101,Myanmar,11402.0,0,7648.0,49.08
2017,12,20171201,Myanmar,13462.0,0,13691.0,-1.67
2018,1,20180101,Myanmar,9883.0,0,9902.0,-0.19
2018,2,20180201,Myanmar,9594.0,0,9783.0,-1.93
2018,3,20180301,Myanmar,13797.0,0,12656.0,9.02
2018,4,20180401,Myanmar,16422.0,0,19610.0,-16.26
2018,5,20180501,Myanmar,12274.0,0,11705.0,4.86
2018,6,20180601,Myanmar,12008.0,0,12144.0,-1.12
2018,7,20180701,Myanmar,13189.0,0,12619.0,4.52
2018,8,20180801,Myanmar,10759.0,0,10934.0,-1.6
2018,9,20180901,Myanmar,10211.0,0,9888.0,3.27
2018,10,20181001,Myanmar,12874.0,0,11616.0,10.83
2018,11,20181101,Myanmar,11846.0,0,11402.0,3.89
2018,12,20181201,Myanmar,12753.0,0,13462.0,-5.27
2019,1,20190101,Myanmar,11074.0,0,9883.0,12.05
2019,2,20190201,Myanmar,10522.0,0,9594.0,9.67
2019,3,20190301,Myanmar,13499.0,0,13797.0,-2.16
2019,4,20190401,Myanmar,16252.0,0,16422.0,-1.04
2019,5,20190501,Myanmar,13300.0,0,12274.0,8.36
2019,6,20190601,Myanmar,12899.0,0,12008.0,7.42
2019,7,20190701,Myanmar,14805.0,0,13189.0,12.25
2019,8,20190801,Myanmar,11942.0,0,10759.0,11.0
2019,9,20190901,Myanmar,11742.0,0,10211.0,14.99
2019,10,20191001,Myanmar,13824.0,0,12874.0,7.38
2019,11,20191101,Myanmar,12598.0,0,11846.0,6.35
2019,12,20191201,Myanmar,13536.0,0,12753.0,6.14
2023,1,20230101,Myanmar,8982.0,0,11074.0,-18.89
2023,2,20230201,Myanmar,7734.0,0,10522.0,-26.5
2023,3,20230301,Myanmar,9122.0,0,13499.0,-32.42
2023,4,20230401,Myanmar,11787.0,0,16252.0,-27.47
2023,5,20230501,Myanmar,10104.0,0,13300.0,-24.03
2023,6,20230601,Myanmar,9877.0,0,12899.0,-23.43
2023,7,20230701,Myanmar,10811.0,0,14805.0,-26.98
2023,8,20230801,Myanmar,10159.0,0,11942.0,-14.93
2023,9,20230901,Myanmar,10631.0,0,11742.0,-9.46
2023,10,20231001,Myanmar,11360.0,0,13824.0,-17.82
2023,11,20231101,Myanmar,11774.0,0,12598.0,-6.54
2023,12,20231201,Myanmar,13146.0,0,13536.0,-2.88
2024,1,20240101,Myanmar,12361.0,0,8982.0,37.62
2024,2,20240201,Myanmar,10682.0,0,7734.0,38.12
2024,3,20240301,Myanmar,15327.0,0,9122.0,68.02
2024,4,20240401,Myanmar,15985.0,0,11787.0,35.62
2024,5,20240501,Myanmar,13343.0,0,10104.0,32.06
2024,6,20240601,Myanmar,12114.0,0,9877.0,22.65
2024,7,20240701,Myanmar,12468.0,0,10811.0,15.33
2024,8,20240801,Myanmar,9852.0,0,10159.0,-3.02
2024,9,20240901,Myanmar,9580.0,0,10631.0,-9.89
2024,10,20241001,Myanmar,11801.0,0,11360.0,3.88
2024,11,20241101,Myanmar,11345.0,0,11774.0,-3.64
2024,12,20241201,Myanmar,14421.0,0,13146.0,9.7
2025,1,20250101,Myanmar,11794.0,0,12361.0,-4.59
2025,2,20250201,Myanmar,10923.0,0,10682.0,2.26
2025,3,20250301,Myanmar,14813.0,0,15327.0,-3.35
2025,4,20250401,Myanmar,16881.0,0,15985.0,5.61
2025,5,20250501,Myanmar,13698.0,0,13343.0,2.66
2025,6,20250601,Myanmar,12392.0,0,12114.0,2.29
2025,7,20250701,Myanmar,14310.0,0,12468.0,14.77
2025,8,20250801,Myanmar,13930.0,0,9852.0,41.39
2025,9,20250901,Myanmar,13047.0,0,9580.0,36.19
2025,10,20251001,Myanmar,15335.0,0,11801.0,29.95
2025,11,20251101,Myanmar,15009.0,0,11345.0,32.3
2025,12,20251201,Myanmar,17523.0,0,14421.0,21.51
2026,1,20260101,Myanmar,15190.0,0,11794.0,28.79
2026,2,20260201,Myanmar,14916.0,0,10923.0,36.56
2026,3,20260301,Myanmar,18397.0,0,14813.0,24.19
2026,4,20260401,Myanmar,20547.0,0,16881.0,21.72
2026,5,20260501,Myanmar,16996.0,0,13698.0,24.08
2026,6,20260601,Myanmar,15129.0,0,12392.0,22.09
2026,7,20260701,Myanmar,17565.0,0,14310.0,22.75
2008,1,20080101,Netherlands,5988.0,0,,
2008,2,20080201,Netherlands,5948.0,0,,
2008,3,20080301,Netherlands,6107.0,0,,
2008,4,20080401,Netherlands,5805.0,0,,
2008,5,20080501,Netherlands,5542.0,0,,
2008,6,20080601,Netherlands,4945.0,0,,
2008,7,20080701,Netherlands,7759.0,0,,
2008,8,20080801,Netherlands,7241.0,0,,
2008,9,20080901,Netherlands,5476.0,0,,
2008,10,20081001,Netherlands,6525.0,0,,
2008,11,20081101,Netherlands,6121.0,0,,
2008,12,20081201,Netherlands,5773.0,0,,
2009,1,20090101,Netherlands,5696.0,0,5988.0,-4.88
2009,2,20090201,Netherlands,5701.0,0,5948.0,-4.15
2009,3,20090301,Netherlands,5917.0,0,6107.0,-3.11
2009,4,20090401,Netherlands,5109.0,0,5805.0,-11.99
2009,5,20090501,Netherlands,4889.0,0,5542.0,-11.78
2009,6,20090601,Netherlands,4654.0,0,4945.0,-5.88
2009,7,20090701,Netherlands,9498.0,0,7759.0,22.41
2009,8,20090801,Netherlands,8954.0,0,7241.0,23.66
2009,9,20090901,Netherlands,6076.0,0,5476.0,10.96
2009,10,20091001,Netherlands,7021.0,0,6525.0,7.6
2009,11,20091101,Netherlands,6431.0,0,6121.0,5.06
2009,12,20091201,Netherlands,6413.0,0,5773.0,11.09
2010,1,20100101,Netherlands,6597.0,0,5696.0,15.82
2010,2,20100201,Netherlands,6328.0,0,5701.0,11.0
2010,3,20100301,Netherlands,6767.0,0,5917.0,14.37
2010,4,20100401,Netherlands,5571.0,0,5109.0,9.04
2010,5,20100501,Netherlands,5881.0,0,4889.0,20.29
2010,6,20100601,Netherlands,4907.0,0,4654.0,5.44
2010,7,20100701,Netherlands,8447.0,0,9498.0,-11.07
2010,8,20100801,Netherlands,7884.0,0,8954.0,-11.95
2010,9,20100901,Netherlands,5740.0,0,6076.0,-5.53
2010,10,20101001,Netherlands,6352.0,0,7021.0,-9.53
2010,11,20101101,Netherlands,6077.0,0,6431.0,-5.5
2010,12,20101201,Netherlands,5969.0,0,6413.0,-6.92
2011,1,20110101,Netherlands,6722.0,0,6597.0,1.89
2011,2,20110201,Netherlands,6229.0,0,6328.0,-1.56
2011,3,20110301,Netherlands,7100.0,0,6767.0,4.92
2011,4,20110401,Netherlands,5949.0,0,5571.0,6.79
2011,5,20110501,Netherlands,5445.0,0,5881.0,-7.41
2011,6,20110601,Netherlands,4924.0,0,4907.0,0.35
2011,7,20110701,Netherlands,9682.0,0,8447.0,14.62
2011,8,20110801,Netherlands,8909.0,0,7884.0,13.0
2011,9,20110901,Netherlands,6318.0,0,5740.0,10.07
2011,10,20111001,Netherlands,7112.0,0,6352.0,11.96
2011,11,20111101,Netherlands,6532.0,0,6077.0,7.49
2011,12,20111201,Netherlands,6168.0,0,5969.0,3.33
2012,1,20120101,Netherlands,7082.0,0,6722.0,5.36
2012,2,20120201,Netherlands,7351.0,0,6229.0,18.01
2012,3,20120301,Netherlands,7163.0,0,7100.0,0.89
2012,4,20120401,Netherlands,5609.0,0,5949.0,-5.72
2012,5,20120501,Netherlands,5329.0,0,5445.0,-2.13
2012,6,20120601,Netherlands,5194.0,0,4924.0,5.48
2012,7,20120701,Netherlands,9847.0,0,9682.0,1.7
2012,8,20120801,Netherlands,8361.0,0,8909.0,-6.15
2012,9,20120901,Netherlands,6117.0,0,6318.0,-3.18
2012,10,20121001,Netherlands,6884.0,0,7112.0,-3.21
2012,11,20121101,Netherlands,6638.0,0,6532.0,1.62
2012,12,20121201,Netherlands,6028.0,0,6168.0,-2.27
2013,1,20130101,Netherlands,7153.0,0,7082.0,1.0
2013,2,20130201,Netherlands,7098.0,0,7351.0,-3.44
2013,3,20130301,Netherlands,7476.0,0,7163.0,4.37
2013,4,20130401,Netherlands,5891.0,0,5609.0,5.03
2013,5,20130501,Netherlands,5916.0,0,5329.0,11.02
2013,6,20130601,Netherlands,5661.0,0,5194.0,8.99
2013,7,20130701,Netherlands,9591.0,0,9847.0,-2.6
2013,8,20130801,Netherlands,8568.0,0,8361.0,2.48
2013,9,20130901,Netherlands,6272.0,0,6117.0,2.53
2013,10,20131001,Netherlands,6732.0,0,6884.0,-2.21
2013,11,20131101,Netherlands,6568.0,0,6638.0,-1.05
2013,12,20131201,Netherlands,6000.0,0,6028.0,-0.46
2014,1,20140101,Netherlands,7640.0,0,7153.0,6.81
2014,2,20140201,Netherlands,7458.0,0,7098.0,5.07
2014,3,20140301,Netherlands,7969.0,0,7476.0,6.59
2014,4,20140401,Netherlands,6517.0,0,5891.0,10.63
2014,5,20140501,Netherlands,5888.0,0,5916.0,-0.47
2014,6,20140601,Netherlands,4962.0,0,5661.0,-12.35
2014,7,20140701,Netherlands,8089.0,0,9591.0,-15.66
2014,8,20140801,Netherlands,8541.0,0,8568.0,-0.32
2014,9,20140901,Netherlands,6027.0,0,6272.0,-3.91
2014,10,20141001,Netherlands,6051.0,0,6732.0,-10.12
2014,11,20141101,Netherlands,6447.0,0,6568.0,-1.84
2014,12,20141201,Netherlands,6222.0,0,6000.0,3.7
2015,1,20150101,Netherlands,6405.0,0,7640.0,-16.16
2015,2,20150201,Netherlands,6678.0,0,7458.0,-10.46
2015,3,20150301,Netherlands,7127.0,0,7969.0,-10.57
2015,4,20150401,Netherlands,5989.0,0,6517.0,-8.1
2015,5,20150501,Netherlands,5797.0,0,5888.0,-1.55
2015,6,20150601,Netherlands,4553.0,0,4962.0,-8.24
2015,7,20150701,Netherlands,9364.0,0,8089.0,15.76
2015,8,20150801,Netherlands,8040.0,0,8541.0,-5.87
2015,9,20150901,Netherlands,5761.0,0,6027.0,-4.41
2015,10,20151001,Netherlands,6557.0,0,6051.0,8.36
2015,11,20151101,Netherlands,6627.0,0,6447.0,2.79
2015,12,20151201,Netherlands,6154.0,0,6222.0,-1.09
2016,1,20160101,Netherlands,7135.0,0,6405.0,11.4
2016,2,20160201,Netherlands,6753.0,0,6678.0,1.12
2016,3,20160301,Netherlands,6646.0,0,7127.0,-6.75
2016,4,20160401,Netherlands,6362.0,0,5989.0,6.23
2016,5,20160501,Netherlands,6273.0,0,5797.0,8.21
2016,6,20160601,Netherlands,4510.0,0,4553.0,-0.94
2016,7,20160701,Netherlands,9454.0,0,9364.0,0.96
2016,8,20160801,Netherlands,9452.0,0,8040.0,17.56
2016,9,20160901,Netherlands,6078.0,0,5761.0,5.5
2016,10,20161001,Netherlands,6602.0,0,6557.0,0.69
2016,11,20161101,Netherlands,6777.0,0,6627.0,2.26
2016,12,20161201,Netherlands,6200.0,0,6154.0,0.75
2017,1,20170101,Netherlands,7187.0,0,7135.0,0.73
2017,2,20170201,Netherlands,6971.0,0,6753.0,3.23
2017,3,20170301,Netherlands,6755.0,0,6646.0,1.64
2017,4,20170401,Netherlands,6641.0,0,6362.0,4.39
2017,5,20170501,Netherlands,5842.0,0,6273.0,-6.87
2017,6,20170601,Netherlands,4859.0,0,4510.0,7.74
2017,7,20170701,Netherlands,10462.0,0,9454.0,10.66
2017,8,20170801,Netherlands,10254.0,0,9452.0,8.48
2017,9,20170901,Netherlands,6902.0,0,6078.0,13.56
2017,10,20171001,Netherlands,7147.0,0,6602.0,8.26
2017,11,20171101,Netherlands,7387.0,0,6777.0,9.0
2017,12,20171201,Netherlands,6504.0,0,6200.0,4.9
2018,1,20180101,Netherlands,7680.0,0,7187.0,6.86
2018,2,20180201,Netherlands,7699.0,0,6971.0,10.44
2018,3,20180301,Netherlands,7772.0,0,6755.0,15.06
2018,4,20180401,Netherlands,7996.0,0,6641.0,20.4
2018,5,20180501,Netherlands,6932.0,0,5842.0,18.66
2018,6,20180601,Netherlands,5647.0,0,4859.0,16.22
2018,7,20180701,Netherlands,11596.0,0,10462.0,10.84
2018,8,20180801,Netherlands,12488.0,0,10254.0,21.79
2018,9,20180901,Netherlands,7998.0,0,6902.0,15.88
2018,10,20181001,Netherlands,7839.0,0,7147.0,9.68
2018,11,20181101,Netherlands,7686.0,0,7387.0,4.05
2018,12,20181201,Netherlands,6999.0,0,6504.0,7.61
2019,1,20190101,Netherlands,8212.0,0,7680.0,6.93
2019,2,20190201,Netherlands,7435.0,0,7699.0,-3.43
2019,3,20190301,Netherlands,8288.0,0,7772.0,6.64
2019,4,20190401,Netherlands,7791.0,0,7996.0,-2.56
2019,5,20190501,Netherlands,6589.0,0,6932.0,-4.95
2019,6,20190601,Netherlands,5341.0,0,5647.0,-5.42
2019,7,20190701,Netherlands,11757.0,0,11596.0,1.39
2019,8,20190801,Netherlands,12792.0,0,12488.0,2.43
2019,9,20190901,Netherlands,8423.0,0,7998.0,5.31
2019,10,20191001,Netherlands,7566.0,0,7839.0,-3.48
2019,11,20191101,Netherlands,8111.0,0,7686.0,5.53
2019,12,20191201,Netherlands,7148.0,0,6999.0,2.13
2023,1,20230101,Netherlands,6430.0,0,8212.0,-21.7
2023,2,20230201,Netherlands,7053.0,0,7435.0,-5.14
2023,3,20230301,Netherlands,6956.0,0,8288.0,-16.07
2023,4,20230401,Netherlands,6398.0,0,7791.0,-17.88
2023,5,20230501,Netherlands,6631.0,0,6589.0,0.64
2023,6,20230601,Netherlands,5041.0,0,5341.0,-5.62
2023,7,20230701,Netherlands,10867.0,0,11757.0,-7.57
2023,8,20230801,Netherlands,11327.0,0,12792.0,-11.45
2023,9,20230901,Netherlands,8584.0,0,8423.0,1.91
2023,10,20231001,Netherlands,7363.0,0,7566.0,-2.68
2023,11,20231101,Netherlands,7110.0,0,8111.0,-12.34
2023,12,20231201,Netherlands,6723.0,0,7148.0,-5.95
2024,1,20240101,Netherlands,7685.0,0,6430.0,19.52
2024,2,20240201,Netherlands,7294.0,0,7053.0,3.42
2024,3,20240301,Netherlands,6914.0,0,6956.0,-0.6
2024,4,20240401,Netherlands,7183.0,0,6398.0,12.27
2024,5,20240501,Netherlands,7519.0,0,6631.0,13.39
2024,6,20240601,Netherlands,5080.0,0,5041.0,0.77
2024,7,20240701,Netherlands,12270.0,0,10867.0,12.91
2024,8,20240801,Netherlands,12682.0,0,11327.0,11.96
2024,9,20240901,Netherlands,7563.0,0,8584.0,-11.89
2024,10,20241001,Netherlands,7381.0,0,7363.0,0.24
2024,11,20241101,Netherlands,7303.0,0,7110.0,2.71
2024,12,20241201,Netherlands,6643.0,0,6723.0,-1.19
2025,1,20250101,Netherlands,7685.0,0,7685.0,0.0
2025,2,20250201,Netherlands,7583.0,0,7294.0,3.96
2025,3,20250301,Netherlands,6761.0,0,6914.0,-2.21
2025,4,20250401,Netherlands,7381.0,0,7183.0,2.76
2025,5,20250501,Netherlands,7143.0,0,7519.0,-5.0
2025,6,20250601,Netherlands,5014.0,0,5080.0,-1.3
2025,7,20250701,Netherlands,13284.0,0,12270.0,8.26
2025,8,20250801,Netherlands,13113.0,0,12682.0,3.4
2025,9,20250901,Netherlands,7262.0,0,7563.0,-3.98
2025,10,20251001,Netherlands,7725.0,0,7381.0,4.66
2025,11,20251101,Netherlands,7434.0,0,7303.0,1.79
2025,12,20251201,Netherlands,7124.0,0,6643.0,7.24
2026,1,20260101,Netherlands,8168.0,0,7685.0,6.28
2026,2,20260201,Netherlands,7638.0,0,7583.0,0.73
2026,3,20260301,Netherlands,7648.0,0,6761.0,13.12
2026,4,20260401,Netherlands,7624.0,0,7381.0,3.29
2026,5,20260501,Netherlands,6945.0,0,7143.0,-2.77
2026,6,20260601,Netherlands,4998.0,0,5014.0,-0.32
2026,7,20260701,Netherlands,13743.0,0,13284.0,3.46
2008,1,20080101,New Zealand,8994.0,0,,
2008,2,20080201,New Zealand,5365.0,0,,
2008,3,20080301,New Zealand,6846.0,0,,
2008,4,20080401,New Zealand,8378.0,0,,
2008,5,20080501,New Zealand,9880.0,0,,
2008,6,20080601,New Zealand,10554.0,0,,
2008,7,20080701,New Zealand,13056.0,0,,
2008,8,20080801,New Zealand,10578.0,0,,
2008,9,20080901,New Zealand,10776.0,0,,
2008,10,20081001,New Zealand,11008.0,0,,
2008,11,20081101,New Zealand,7239.0,0,,
2008,12,20081201,New Zealand,8098.0,0,,
2009,1,20090101,New Zealand,7812.0,0,8994.0,-13.14
2009,2,20090201,New Zealand,4327.0,0,5365.0,-19.35
2009,3,20090301,New Zealand,4819.0,0,6846.0,-29.61
2009,4,20090401,New Zealand,6620.0,0,8378.0,-20.98
2009,5,20090501,New Zealand,7963.0,0,9880.0,-19.4
2009,6,20090601,New Zealand,9342.0,0,10554.0,-11.48
2009,7,20090701,New Zealand,10879.0,0,13056.0,-16.67
2009,8,20090801,New Zealand,8957.0,0,10578.0,-15.32
2009,9,20090901,New Zealand,9259.0,0,10776.0,-14.08
2009,10,20091001,New Zealand,9431.0,0,11008.0,-14.33
2009,11,20091101,New Zealand,7570.0,0,7239.0,4.57
2009,12,20091201,New Zealand,6855.0,0,8098.0,-15.35
2010,1,20100101,New Zealand,8392.0,0,7812.0,7.42
2010,2,20100201,New Zealand,4481.0,0,4327.0,3.56
2010,3,20100301,New Zealand,5602.0,0,4819.0,16.25
2010,4,20100401,New Zealand,6639.0,0,6620.0,0.29
2010,5,20100501,New Zealand,8109.0,0,7963.0,1.83
2010,6,20100601,New Zealand,9655.0,0,9342.0,3.35
2010,7,20100701,New Zealand,10847.0,0,10879.0,-0.29
2010,8,20100801,New Zealand,9122.0,0,8957.0,1.84
2010,9,20100901,New Zealand,9481.0,0,9259.0,2.4
2010,10,20101001,New Zealand,8799.0,0,9431.0,-6.7
2010,11,20101101,New Zealand,7245.0,0,7570.0,-4.29
2010,12,20101201,New Zealand,7418.0,0,6855.0,8.21
2011,1,20110101,New Zealand,8102.0,0,8392.0,-3.46
2011,2,20110201,New Zealand,4287.0,0,4481.0,-4.33
2011,3,20110301,New Zealand,6939.0,0,5602.0,23.87
2011,4,20110401,New Zealand,11322.0,0,6639.0,70.54
2011,5,20110501,New Zealand,12893.0,0,8109.0,59.0
2011,6,20110601,New Zealand,12891.0,0,9655.0,33.52
2011,7,20110701,New Zealand,15973.0,0,10847.0,47.26
2011,8,20110801,New Zealand,11612.0,0,9122.0,27.3
2011,9,20110901,New Zealand,9698.0,0,9481.0,2.29
2011,10,20111001,New Zealand,9876.0,0,8799.0,12.24
2011,11,20111101,New Zealand,8888.0,0,7245.0,22.68
2011,12,20111201,New Zealand,10514.0,0,7418.0,41.74
2012,1,20120101,New Zealand,11207.0,0,8102.0,38.32
2012,2,20120201,New Zealand,6613.0,0,4287.0,54.26
2012,3,20120301,New Zealand,7469.0,0,6939.0,7.64
2012,4,20120401,New Zealand,9881.0,0,11322.0,-12.73
2012,5,20120501,New Zealand,10137.0,0,12893.0,-21.38
2012,6,20120601,New Zealand,12021.0,0,12891.0,-6.75
2012,7,20120701,New Zealand,13772.0,0,15973.0,-13.78
2012,8,20120801,New Zealand,10901.0,0,11612.0,-6.12
2012,9,20120901,New Zealand,11669.0,0,9698.0,20.32
2012,10,20121001,New Zealand,11158.0,0,9876.0,12.98
2012,11,20121101,New Zealand,8550.0,0,8888.0,-3.8
2012,12,20121201,New Zealand,10323.0,0,10514.0,-1.82
2013,1,20130101,New Zealand,11908.0,0,11207.0,6.26
2013,2,20130201,New Zealand,5735.0,0,6613.0,-13.28
2013,3,20130301,New Zealand,7087.0,0,7469.0,-5.11
2013,4,20130401,New Zealand,9035.0,0,9881.0,-8.56
2013,5,20130501,New Zealand,10225.0,0,10137.0,0.87
2013,6,20130601,New Zealand,10626.0,0,12021.0,-11.6
2013,7,20130701,New Zealand,14813.0,0,13772.0,7.56
2013,8,20130801,New Zealand,10765.0,0,10901.0,-1.25
2013,9,20130901,New Zealand,11081.0,0,11669.0,-5.04
2013,10,20131001,New Zealand,10359.0,0,11158.0,-7.16
2013,11,20131101,New Zealand,8430.0,0,8550.0,-1.4
2013,12,20131201,New Zealand,10383.0,0,10323.0,0.58
2014,1,20140101,New Zealand,11466.0,0,11908.0,-3.71
2014,2,20140201,New Zealand,6893.0,0,5735.0,20.19
2014,3,20140301,New Zealand,6872.0,0,7087.0,-3.03
2014,4,20140401,New Zealand,9520.0,0,9035.0,5.37
2014,5,20140501,New Zealand,10812.0,0,10225.0,5.74
2014,6,20140601,New Zealand,10922.0,0,10626.0,2.79
2014,7,20140701,New Zealand,14075.0,0,14813.0,-4.98
2014,8,20140801,New Zealand,10939.0,0,10765.0,1.62
2014,9,20140901,New Zealand,10593.0,0,11081.0,-4.4
2014,10,20141001,New Zealand,9146.0,0,10359.0,-11.71
2014,11,20141101,New Zealand,7435.0,0,8430.0,-11.8
2014,12,20141201,New Zealand,10015.0,0,10383.0,-3.54
2015,1,20150101,New Zealand,12330.0,0,11466.0,7.54
2015,2,20150201,New Zealand,6349.0,0,6893.0,-7.89
2015,3,20150301,New Zealand,7854.0,0,6872.0,14.29
2015,4,20150401,New Zealand,9492.0,0,9520.0,-0.29
2015,5,20150501,New Zealand,10077.0,0,10812.0,-6.8
2015,6,20150601,New Zealand,11593.0,0,10922.0,6.14
2015,7,20150701,New Zealand,14756.0,0,14075.0,4.84
2015,8,20150801,New Zealand,12497.0,0,10939.0,14.24
2015,9,20150901,New Zealand,12412.0,0,10593.0,17.17
2015,10,20151001,New Zealand,11462.0,0,9146.0,25.32
2015,11,20151101,New Zealand,9070.0,0,7435.0,21.99
2015,12,20151201,New Zealand,9726.0,0,10015.0,-2.89
2016,1,20160101,New Zealand,10983.0,0,12330.0,-10.92
2016,2,20160201,New Zealand,5463.0,0,6349.0,-13.95
2016,3,20160301,New Zealand,6616.0,0,7854.0,-15.76
2016,4,20160401,New Zealand,10042.0,0,9492.0,5.79
2016,5,20160501,New Zealand,9715.0,0,10077.0,-3.59
2016,6,20160601,New Zealand,10862.0,0,11593.0,-6.31
2016,7,20160701,New Zealand,14548.0,0,14756.0,-1.41
2016,8,20160801,New Zealand,11873.0,0,12497.0,-4.99
2016,9,20160901,New Zealand,11514.0,0,12412.0,-7.23
2016,10,20161001,New Zealand,10961.0,0,11462.0,-4.37
2016,11,20161101,New Zealand,8529.0,0,9070.0,-5.96
2016,12,20161201,New Zealand,9994.0,0,9726.0,2.76
2017,1,20170101,New Zealand,10778.0,0,10983.0,-1.87
2017,2,20170201,New Zealand,6928.0,0,5463.0,26.82
2017,3,20170301,New Zealand,8459.0,0,6616.0,27.86
2017,4,20170401,New Zealand,12447.0,0,10042.0,23.95
2017,5,20170501,New Zealand,10261.0,0,9715.0,5.62
2017,6,20170601,New Zealand,11805.0,0,10862.0,8.68
2017,7,20170701,New Zealand,15358.0,0,14548.0,5.57
2017,8,20170801,New Zealand,11197.0,0,11873.0,-5.69
2017,9,20170901,New Zealand,12021.0,0,11514.0,4.4
2017,10,20171001,New Zealand,11834.0,0,10961.0,7.96
2017,11,20171101,New Zealand,9349.0,0,8529.0,9.61
2017,12,20171201,New Zealand,10801.0,0,9994.0,8.07
2018,1,20180101,New Zealand,11914.0,0,10778.0,10.54
2018,2,20180201,New Zealand,6311.0,0,6928.0,-8.91
2018,3,20180301,New Zealand,8005.0,0,8459.0,-5.37
2018,4,20180401,New Zealand,11412.0,0,12447.0,-8.32
2018,5,20180501,New Zealand,10907.0,0,10261.0,6.3
2018,6,20180601,New Zealand,13120.0,0,11805.0,11.14
2018,7,20180701,New Zealand,16705.0,0,15358.0,8.77
2018,8,20180801,New Zealand,12669.0,0,11197.0,13.15
2018,9,20180901,New Zealand,13767.0,0,12021.0,14.52
2018,10,20181001,New Zealand,12404.0,0,11834.0,4.82
2018,11,20181101,New Zealand,8603.0,0,9349.0,-7.98
2018,12,20181201,New Zealand,11860.0,0,10801.0,9.8
2019,1,20190101,New Zealand,12969.0,0,11914.0,8.86
2019,2,20190201,New Zealand,6831.0,0,6311.0,8.24
2019,3,20190301,New Zealand,8108.0,0,8005.0,1.29
2019,4,20190401,New Zealand,14142.0,0,11412.0,23.92
2019,5,20190501,New Zealand,12791.0,0,10907.0,17.27
2019,6,20190601,New Zealand,14219.0,0,13120.0,8.38
2019,7,20190701,New Zealand,17922.0,0,16705.0,7.29
2019,8,20190801,New Zealand,13913.0,0,12669.0,9.82
2019,9,20190901,New Zealand,15783.0,0,13767.0,14.64
2019,10,20191001,New Zealand,13233.0,0,12404.0,6.68
2019,11,20191101,New Zealand,9615.0,0,8603.0,11.76
2019,12,20191201,New Zealand,13501.0,0,11860.0,13.84
2023,1,20230101,New Zealand,10766.0,0,12969.0,-16.99
2023,2,20230201,New Zealand,6821.0,0,6831.0,-0.15
2023,3,20230301,New Zealand,6871.0,0,8108.0,-15.26
2023,4,20230401,New Zealand,11065.0,0,14142.0,-21.76
2023,5,20230501,New Zealand,11146.0,0,12791.0,-12.86
2023,6,20230601,New Zealand,13352.0,0,14219.0,-6.1
2023,7,20230701,New Zealand,15350.0,0,17922.0,-14.35
2023,8,20230801,New Zealand,12499.0,0,13913.0,-10.16
2023,9,20230901,New Zealand,15022.0,0,15783.0,-4.82
2023,10,20231001,New Zealand,13059.0,0,13233.0,-1.31
2023,11,20231101,New Zealand,9663.0,0,9615.0,0.5
2023,12,20231201,New Zealand,12717.0,0,13501.0,-5.81
2024,1,20240101,New Zealand,14412.0,0,10766.0,33.87
2024,2,20240201,New Zealand,8082.0,0,6821.0,18.49
2024,3,20240301,New Zealand,9003.0,0,6871.0,31.03
2024,4,20240401,New Zealand,13043.0,0,11065.0,17.88
2024,5,20240501,New Zealand,12797.0,0,11146.0,14.81
2024,6,20240601,New Zealand,14692.0,0,13352.0,10.04
2024,7,20240701,New Zealand,18176.0,0,15350.0,18.41
2024,8,20240801,New Zealand,14070.0,0,12499.0,12.57
2024,9,20240901,New Zealand,15792.0,0,15022.0,5.13
2024,10,20241001,New Zealand,14003.0,0,13059.0,7.23
2024,11,20241101,New Zealand,10351.0,0,9663.0,7.12
2024,12,20241201,New Zealand,13038.0,0,12717.0,2.52
2025,1,20250101,New Zealand,14545.0,0,14412.0,0.92
2025,2,20250201,New Zealand,7521.0,0,8082.0,-6.94
2025,3,20250301,New Zealand,8878.0,0,9003.0,-1.39
2025,4,20250401,New Zealand,14745.0,0,13043.0,13.05
2025,5,20250501,New Zealand,13568.0,0,12797.0,6.02
2025,6,20250601,New Zealand,16549.0,0,14692.0,12.64
2025,7,20250701,New Zealand,17944.0,0,18176.0,-1.28
2025,8,20250801,New Zealand,13869.0,0,14070.0,-1.43
2025,9,20250901,New Zealand,17244.0,0,15792.0,9.19
2025,10,20251001,New Zealand,14994.0,0,14003.0,7.08
2025,11,20251101,New Zealand,11580.0,0,10351.0,11.87
2025,12,20251201,New Zealand,13645.0,0,13038.0,4.66
2026,1,20260101,New Zealand,15417.0,0,14545.0,6.0
2026,2,20260201,New Zealand,7360.0,0,7521.0,-2.14
2026,3,20260301,New Zealand,9202.0,0,8878.0,3.65
2026,4,20260401,New Zealand,13965.0,0,14745.0,-5.29
2026,5,20260501,New Zealand,12787.0,0,13568.0,-5.76
2026,6,20260601,New Zealand,14495.0,0,16549.0,-12.41
2026,7,20260701,New Zealand,18461.0,0,17944.0,2.88
2008,1,20080101,Norway,3269.0,0,,
2008,2,20080201,Norway,3348.0,0,,
2008,3,20080301,Norway,4554.0,0,,
2008,4,20080401,Norway,2500.0,0,,
2008,5,20080501,Norway,1675.0,0,,
2008,6,20080601,Norway,2680.0,0,,
2008,7,20080701,Norway,3126.0,0,,
2008,8,20080801,Norway,1943.0,0,,
2008,9,20080901,Norway,2060.0,0,,
2008,10,20081001,Norway,2487.0,0,,
2008,11,20081101,Norway,2615.0,0,,
2008,12,20081201,Norway,2559.0,0,,
2009,1,20090101,Norway,2734.0,0,3269.0,-16.37
2009,2,20090201,Norway,2781.0,0,3348.0,-16.94
2009,3,20090301,Norway,3186.0,0,4554.0,-30.04
2009,4,20090401,Norway,3076.0,0,2500.0,23.04
2009,5,20090501,Norway,1741.0,0,1675.0,3.94
2009,6,20090601,Norway,2096.0,0,2680.0,-21.79
2009,7,20090701,Norway,2662.0,0,3126.0,-14.84
2009,8,20090801,Norway,1728.0,0,1943.0,-11.07
2009,9,20090901,Norway,2159.0,0,2060.0,4.81
2009,10,20091001,Norway,2566.0,0,2487.0,3.18
2009,11,20091101,Norway,2834.0,0,2615.0,8.37
2009,12,20091201,Norway,2791.0,0,2559.0,9.07
2010,1,20100101,Norway,2974.0,0,2734.0,8.78
2010,2,20100201,Norway,3263.0,0,2781.0,17.33
2010,3,20100301,Norway,3807.0,0,3186.0,19.49
2010,4,20100401,Norway,2560.0,0,3076.0,-16.78
2010,5,20100501,Norway,1807.0,0,1741.0,3.79
2010,6,20100601,Norway,2412.0,0,2096.0,15.08
2010,7,20100701,Norway,2819.0,0,2662.0,5.9
2010,8,20100801,Norway,1939.0,0,1728.0,12.21
2010,9,20100901,Norway,1912.0,0,2159.0,-11.44
2010,10,20101001,Norway,2903.0,0,2566.0,13.13
2010,11,20101101,Norway,2916.0,0,2834.0,2.89
2010,12,20101201,Norway,2453.0,0,2791.0,-12.11
2011,1,20110101,Norway,3050.0,0,2974.0,2.56
2011,2,20110201,Norway,2955.0,0,3263.0,-9.44
2011,3,20110301,Norway,2895.0,0,3807.0,-23.96
2011,4,20110401,Norway,3353.0,0,2560.0,30.98
2011,5,20110501,Norway,1724.0,0,1807.0,-4.59
2011,6,20110601,Norway,2262.0,0,2412.0,-6.22
2011,7,20110701,Norway,3201.0,0,2819.0,13.55
2011,8,20110801,Norway,1905.0,0,1939.0,-1.75
2011,9,20110901,Norway,1964.0,0,1912.0,2.72
2011,10,20111001,Norway,2667.0,0,2903.0,-8.13
2011,11,20111101,Norway,3377.0,0,2916.0,15.81
2011,12,20111201,Norway,3097.0,0,2453.0,26.25
2012,1,20120101,Norway,3238.0,0,3050.0,6.16
2012,2,20120201,Norway,4038.0,0,2955.0,36.65
2012,3,20120301,Norway,4579.0,0,2895.0,58.17
2012,4,20120401,Norway,3444.0,0,3353.0,2.71
2012,5,20120501,Norway,1875.0,0,1724.0,8.76
2012,6,20120601,Norway,2506.0,0,2262.0,10.79
2012,7,20120701,Norway,3587.0,0,3201.0,12.06
2012,8,20120801,Norway,1903.0,0,1905.0,-0.1
2012,9,20120901,Norway,2254.0,0,1964.0,14.77
2012,10,20121001,Norway,2907.0,0,2667.0,9.0
2012,11,20121101,Norway,3502.0,0,3377.0,3.7
2012,12,20121201,Norway,2970.0,0,3097.0,-4.1
2013,1,20130101,Norway,3382.0,0,3238.0,4.45
2013,2,20130201,Norway,3524.0,0,4038.0,-12.73
2013,3,20130301,Norway,4885.0,0,4579.0,6.68
2013,4,20130401,Norway,3073.0,0,3444.0,-10.77
2013,5,20130501,Norway,1904.0,0,1875.0,1.55
2013,6,20130601,Norway,2463.0,0,2506.0,-1.72
2013,7,20130701,Norway,3501.0,0,3587.0,-2.4
2013,8,20130801,Norway,2273.0,0,1903.0,19.44
2013,9,20130901,Norway,2250.0,0,2254.0,-0.18
2013,10,20131001,Norway,2765.0,0,2907.0,-4.88
2013,11,20131101,Norway,3121.0,0,3502.0,-10.88
2013,12,20131201,Norway,2786.0,0,2970.0,-6.2
2014,1,20140101,Norway,3435.0,0,3382.0,1.57
2014,2,20140201,Norway,3516.0,0,3524.0,-0.23
2014,3,20140301,Norway,3397.0,0,4885.0,-30.46
2014,4,20140401,Norway,3938.0,0,3073.0,28.15
2014,5,20140501,Norway,1854.0,0,1904.0,-2.63
2014,6,20140601,Norway,2093.0,0,2463.0,-15.02
2014,7,20140701,Norway,3328.0,0,3501.0,-4.94
2014,8,20140801,Norway,2040.0,0,2273.0,-10.25
2014,9,20140901,Norway,2132.0,0,2250.0,-5.24
2014,10,20141001,Norway,2328.0,0,2765.0,-15.8
2014,11,20141101,Norway,2689.0,0,3121.0,-13.84
2014,12,20141201,Norway,2758.0,0,2786.0,-1.01
2015,1,20150101,Norway,2859.0,0,3435.0,-16.77
2015,2,20150201,Norway,3123.0,0,3516.0,-11.18
2015,3,20150301,Norway,3535.0,0,3397.0,4.06
2015,4,20150401,Norway,2652.0,0,3938.0,-32.66
2015,5,20150501,Norway,1497.0,0,1854.0,-19.26
2015,6,20150601,Norway,2260.0,0,2093.0,7.98
2015,7,20150701,Norway,3874.0,0,3328.0,16.41
2015,8,20150801,Norway,1978.0,0,2040.0,-3.04
2015,9,20150901,Norway,2068.0,0,2132.0,-3.0
2015,10,20151001,Norway,2675.0,0,2328.0,14.91
2015,11,20151101,Norway,2615.0,0,2689.0,-2.75
2015,12,20151201,Norway,2514.0,0,2758.0,-8.85
2016,1,20160101,Norway,2992.0,0,2859.0,4.65
2016,2,20160201,Norway,2749.0,0,3123.0,-11.98
2016,3,20160301,Norway,4125.0,0,3535.0,16.69
2016,4,20160401,Norway,2267.0,0,2652.0,-14.52
2016,5,20160501,Norway,1849.0,0,1497.0,23.51
2016,6,20160601,Norway,1887.0,0,2260.0,-16.5
2016,7,20160701,Norway,3166.0,0,3874.0,-18.28
2016,8,20160801,Norway,1668.0,0,1978.0,-15.67
2016,9,20160901,Norway,1651.0,0,2068.0,-20.16
2016,10,20161001,Norway,2286.0,0,2675.0,-14.54
2016,11,20161101,Norway,2440.0,0,2615.0,-6.69
2016,12,20161201,Norway,2170.0,0,2514.0,-13.68
2017,1,20170101,Norway,2522.0,0,2992.0,-15.71
2017,2,20170201,Norway,2990.0,0,2749.0,8.77
2017,3,20170301,Norway,2675.0,0,4125.0,-35.15
2017,4,20170401,Norway,3041.0,0,2267.0,34.14
2017,5,20170501,Norway,1387.0,0,1849.0,-24.99
2017,6,20170601,Norway,2134.0,0,1887.0,13.09
2017,7,20170701,Norway,3872.0,0,3166.0,22.3
2017,8,20170801,Norway,1704.0,0,1668.0,2.16
2017,9,20170901,Norway,1721.0,0,1651.0,4.24
2017,10,20171001,Norway,2232.0,0,2286.0,-2.36
2017,11,20171101,Norway,2480.0,0,2440.0,1.64
2017,12,20171201,Norway,2235.0,0,2170.0,3.0
2018,1,20180101,Norway,3204.0,0,2522.0,27.04
2018,2,20180201,Norway,3517.0,0,2990.0,17.63
2018,3,20180301,Norway,3883.0,0,2675.0,45.16
2018,4,20180401,Norway,2449.0,0,3041.0,-19.47
2018,5,20180501,Norway,1483.0,0,1387.0,6.92
2018,6,20180601,Norway,2464.0,0,2134.0,15.46
2018,7,20180701,Norway,4842.0,0,3872.0,25.05
2018,8,20180801,Norway,2206.0,0,1704.0,29.46
2018,9,20180901,Norway,2124.0,0,1721.0,23.42
2018,10,20181001,Norway,2608.0,0,2232.0,16.85
2018,11,20181101,Norway,2611.0,0,2480.0,5.28
2018,12,20181201,Norway,2570.0,0,2235.0,14.99
2019,1,20190101,Norway,2902.0,0,3204.0,-9.43
2019,2,20190201,Norway,3441.0,0,3517.0,-2.16
2019,3,20190301,Norway,2811.0,0,3883.0,-27.61
2019,4,20190401,Norway,3405.0,0,2449.0,39.04
2019,5,20190501,Norway,1791.0,0,1483.0,20.77
2019,6,20190601,Norway,2319.0,0,2464.0,-5.88
2019,7,20190701,Norway,5103.0,0,4842.0,5.39
2019,8,20190801,Norway,2106.0,0,2206.0,-4.53
2019,9,20190901,Norway,1975.0,0,2124.0,-7.02
2019,10,20191001,Norway,2633.0,0,2608.0,0.96
2019,11,20191101,Norway,2584.0,0,2611.0,-1.03
2019,12,20191201,Norway,2860.0,0,2570.0,11.28
2023,1,20230101,Norway,1891.0,0,2902.0,-34.84
2023,2,20230201,Norway,2439.0,0,3441.0,-29.12
2023,3,20230301,Norway,2342.0,0,2811.0,-16.68
2023,4,20230401,Norway,1810.0,0,3405.0,-46.84
2023,5,20230501,Norway,1210.0,0,1791.0,-32.44
2023,6,20230601,Norway,1831.0,0,2319.0,-21.04
2023,7,20230701,Norway,3585.0,0,5103.0,-29.75
2023,8,20230801,Norway,1378.0,0,2106.0,-34.57
2023,9,20230901,Norway,2013.0,0,1975.0,1.92
2023,10,20231001,Norway,1776.0,0,2633.0,-32.55
2023,11,20231101,Norway,1954.0,0,2584.0,-24.38
2023,12,20231201,Norway,1732.0,0,2860.0,-39.44
2024,1,20240101,Norway,2128.0,0,1891.0,12.53
2024,2,20240201,Norway,2659.0,0,2439.0,9.02
2024,3,20240301,Norway,2417.0,0,2342.0,3.2
2024,4,20240401,Norway,1763.0,0,1810.0,-2.6
2024,5,20240501,Norway,1215.0,0,1210.0,0.41
2024,6,20240601,Norway,2056.0,0,1831.0,12.29
2024,7,20240701,Norway,3841.0,0,3585.0,7.14
2024,8,20240801,Norway,1467.0,0,1378.0,6.46
2024,9,20240901,Norway,1597.0,0,2013.0,-20.67
2024,10,20241001,Norway,1710.0,0,1776.0,-3.72
2024,11,20241101,Norway,2075.0,0,1954.0,6.19
2024,12,20241201,Norway,2130.0,0,1732.0,22.98
2025,1,20250101,Norway,2603.0,0,2128.0,22.32
2025,2,20250201,Norway,2715.0,0,2659.0,2.11
2025,3,20250301,Norway,2254.0,0,2417.0,-6.74
2025,4,20250401,Norway,1794.0,0,1763.0,1.76
2025,5,20250501,Norway,1209.0,0,1215.0,-0.49
2025,6,20250601,Norway,2198.0,0,2056.0,6.91
2025,7,20250701,Norway,3844.0,0,3841.0,0.08
2025,8,20250801,Norway,1322.0,0,1467.0,-9.88
2025,9,20250901,Norway,1698.0,0,1597.0,6.32
2025,10,20251001,Norway,1761.0,0,1710.0,2.98
2025,11,20251101,Norway,1967.0,0,2075.0,-5.2
2025,12,20251201,Norway,2144.0,0,2130.0,0.66
2026,1,20260101,Norway,2415.0,0,2603.0,-7.22
2026,2,20260201,Norway,3071.0,0,2715.0,13.11
2026,3,20260301,Norway,2787.0,0,2254.0,23.65
2026,4,20260401,Norway,1863.0,0,1794.0,3.85
2026,5,20260501,Norway,1103.0,0,1209.0,-8.77
2026,6,20260601,Norway,2038.0,0,2198.0,-7.28
2026,7,20260701,Norway,3573.0,0,3844.0,-7.05
2008,1,20080101,Other Markets in Africa,3656.0,0,,
2008,2,20080201,Other Markets in Africa,2072.0,0,,
2008,3,20080301,Other Markets in Africa,2771.0,0,,
2008,4,20080401,Other Markets in Africa,2462.0,0,,
2008,5,20080501,Other Markets in Africa,2548.0,0,,
2008,6,20080601,Other Markets in Africa,2379.0,0,,
2008,7,20080701,Other Markets in Africa,3251.0,0,,
2008,8,20080801,Other Markets in Africa,4443.0,0,,
2008,9,20080901,Other Markets in Africa,2481.0,0,,
2008,10,20081001,Other Markets in Africa,2908.0,0,,
2008,11,20081101,Other Markets in Africa,2263.0,0,,
2008,12,20081201,Other Markets in Africa,3320.0,0,,
2009,1,20090101,Other Markets in Africa,2264.0,0,3656.0,-38.07
2009,2,20090201,Other Markets in Africa,1507.0,0,2072.0,-27.27
2009,3,20090301,Other Markets in Africa,2119.0,0,2771.0,-23.53
2009,4,20090401,Other Markets in Africa,2079.0,0,2462.0,-15.56
2009,5,20090501,Other Markets in Africa,1964.0,0,2548.0,-22.92
2009,6,20090601,Other Markets in Africa,1888.0,0,2379.0,-20.64
2009,7,20090701,Other Markets in Africa,2689.0,0,3251.0,-17.29
2009,8,20090801,Other Markets in Africa,2910.0,0,4443.0,-34.5
2009,9,20090901,Other Markets in Africa,1784.0,0,2481.0,-28.09
2009,10,20091001,Other Markets in Africa,2245.0,0,2908.0,-22.8
2009,11,20091101,Other Markets in Africa,1943.0,0,2263.0,-14.14
2009,12,20091201,Other Markets in Africa,3063.0,0,3320.0,-7.74
2010,1,20100101,Other Markets in Africa,2413.0,0,2264.0,6.58
2010,2,20100201,Other Markets in Africa,1438.0,0,1507.0,-4.58
2010,3,20100301,Other Markets in Africa,1936.0,0,2119.0,-8.64
2010,4,20100401,Other Markets in Africa,2387.0,0,2079.0,14.81
2010,5,20100501,Other Markets in Africa,1882.0,0,1964.0,-4.18
2010,6,20100601,Other Markets in Africa,1938.0,0,1888.0,2.65
2010,7,20100701,Other Markets in Africa,2736.0,0,2689.0,1.75
2010,8,20100801,Other Markets in Africa,3431.0,0,2910.0,17.9
2010,9,20100901,Other Markets in Africa,1795.0,0,1784.0,0.62
2010,10,20101001,Other Markets in Africa,2224.0,0,2245.0,-0.94
2010,11,20101101,Other Markets in Africa,1983.0,0,1943.0,2.06
2010,12,20101201,Other Markets in Africa,2427.0,0,3063.0,-20.76
2011,1,20110101,Other Markets in Africa,2521.0,0,2413.0,4.48
2011,2,20110201,Other Markets in Africa,1528.0,0,1438.0,6.26
2011,3,20110301,Other Markets in Africa,1926.0,0,1936.0,-0.52
2011,4,20110401,Other Markets in Africa,1748.0,0,2387.0,-26.77
2011,5,20110501,Other Markets in Africa,1626.0,0,1882.0,-13.6
2011,6,20110601,Other Markets in Africa,2174.0,0,1938.0,12.18
2011,7,20110701,Other Markets in Africa,3040.0,0,2736.0,11.11
2011,8,20110801,Other Markets in Africa,2323.0,0,3431.0,-32.29
2011,9,20110901,Other Markets in Africa,2241.0,0,1795.0,24.85
2011,10,20111001,Other Markets in Africa,2066.0,0,2224.0,-7.1
2011,11,20111101,Other Markets in Africa,1944.0,0,1983.0,-1.97
2011,12,20111201,Other Markets in Africa,2239.0,0,2427.0,-7.75
2012,1,20120101,Other Markets in Africa,1832.0,0,2521.0,-27.33
2012,2,20120201,Other Markets in Africa,1288.0,0,1528.0,-15.71
2012,3,20120301,Other Markets in Africa,1779.0,0,1926.0,-7.63
2012,4,20120401,Other Markets in Africa,1628.0,0,1748.0,-6.86
2012,5,20120501,Other Markets in Africa,1399.0,0,1626.0,-13.96
2012,6,20120601,Other Markets in Africa,1507.0,0,2174.0,-30.68
2012,7,20120701,Other Markets in Africa,2205.0,0,3040.0,-27.47
2012,8,20120801,Other Markets in Africa,2075.0,0,2323.0,-10.68
2012,9,20120901,Other Markets in Africa,1948.0,0,2241.0,-13.07
2012,10,20121001,Other Markets in Africa,1844.0,0,2066.0,-10.75
2012,11,20121101,Other Markets in Africa,1668.0,0,1944.0,-14.2
2012,12,20121201,Other Markets in Africa,2396.0,0,2239.0,7.01
2013,1,20130101,Other Markets in Africa,1961.0,0,1832.0,7.04
2013,2,20130201,Other Markets in Africa,1306.0,0,1288.0,1.4
2013,3,20130301,Other Markets in Africa,1710.0,0,1779.0,-3.88
2013,4,20130401,Other Markets in Africa,1500.0,0,1628.0,-7.86
2013,5,20130501,Other Markets in Africa,1456.0,0,1399.0,4.07
2013,6,20130601,Other Markets in Africa,1661.0,0,1507.0,10.22
2013,7,20130701,Other Markets in Africa,1797.0,0,2205.0,-18.5
2013,8,20130801,Other Markets in Africa,2632.0,0,2075.0,26.84
2013,9,20130901,Other Markets in Africa,2174.0,0,1948.0,11.6
2013,10,20131001,Other Markets in Africa,1827.0,0,1844.0,-0.92
2013,11,20131101,Other Markets in Africa,1616.0,0,1668.0,-3.12
2013,12,20131201,Other Markets in Africa,2525.0,0,2396.0,5.38
2014,1,20140101,Other Markets in Africa,1855.0,0,1961.0,-5.41
2014,2,20140201,Other Markets in Africa,1677.0,0,1306.0,28.41
2014,3,20140301,Other Markets in Africa,1862.0,0,1710.0,8.89
2014,4,20140401,Other Markets in Africa,1846.0,0,1500.0,23.07
2014,5,20140501,Other Markets in Africa,1681.0,0,1456.0,15.45
2014,6,20140601,Other Markets in Africa,1750.0,0,1661.0,5.36
2014,7,20140701,Other Markets in Africa,2065.0,0,1797.0,14.91
2014,8,20140801,Other Markets in Africa,3328.0,0,2632.0,26.44
2014,9,20140901,Other Markets in Africa,1618.0,0,2174.0,-25.57
2014,10,20141001,Other Markets in Africa,1457.0,0,1827.0,-20.25
2014,11,20141101,Other Markets in Africa,1776.0,0,1616.0,9.9
2014,12,20141201,Other Markets in Africa,2875.0,0,2525.0,13.86
2015,1,20150101,Other Markets in Africa,1841.0,0,1855.0,-0.75
2015,2,20150201,Other Markets in Africa,1118.0,0,1677.0,-33.33
2015,3,20150301,Other Markets in Africa,1611.0,0,1862.0,-13.48
2015,4,20150401,Other Markets in Africa,2319.0,0,1846.0,25.62
2015,5,20150501,Other Markets in Africa,1444.0,0,1681.0,-14.1
2015,6,20150601,Other Markets in Africa,1177.0,0,1750.0,-32.74
2015,7,20150701,Other Markets in Africa,1734.0,0,2065.0,-16.03
2015,8,20150801,Other Markets in Africa,2651.0,0,3328.0,-20.34
2015,9,20150901,Other Markets in Africa,1709.0,0,1618.0,5.62
2015,10,20151001,Other Markets in Africa,1870.0,0,1457.0,28.35
2015,11,20151101,Other Markets in Africa,1658.0,0,1776.0,-6.64
2015,12,20151201,Other Markets in Africa,2423.0,0,2875.0,-15.72
2016,1,20160101,Other Markets in Africa,1777.0,0,1841.0,-3.48
2016,2,20160201,Other Markets in Africa,1054.0,0,1118.0,-5.72
2016,3,20160301,Other Markets in Africa,1904.0,0,1611.0,18.19
2016,4,20160401,Other Markets in Africa,1647.0,0,2319.0,-28.98
2016,5,20160501,Other Markets in Africa,1694.0,0,1444.0,17.31
2016,6,20160601,Other Markets in Africa,1324.0,0,1177.0,12.49
2016,7,20160701,Other Markets in Africa,2196.0,0,1734.0,26.64
2016,8,20160801,Other Markets in Africa,2852.0,0,2651.0,7.58
2016,9,20160901,Other Markets in Africa,1742.0,0,1709.0,1.93
2016,10,20161001,Other Markets in Africa,1823.0,0,1870.0,-2.51
2016,11,20161101,Other Markets in Africa,1558.0,0,1658.0,-6.03
2016,12,20161201,Other Markets in Africa,2747.0,0,2423.0,13.37
2017,1,20170101,Other Markets in Africa,1893.0,0,1777.0,6.53
2017,2,20170201,Other Markets in Africa,1496.0,0,1054.0,41.94
2017,3,20170301,Other Markets in Africa,1553.0,0,1904.0,-18.43
2017,4,20170401,Other Markets in Africa,1843.0,0,1647.0,11.9
2017,5,20170501,Other Markets in Africa,1597.0,0,1694.0,-5.73
2017,6,20170601,Other Markets in Africa,1761.0,0,1324.0,33.01
2017,7,20170701,Other Markets in Africa,2475.0,0,2196.0,12.7
2017,8,20170801,Other Markets in Africa,3382.0,0,2852.0,18.58
2017,9,20170901,Other Markets in Africa,1835.0,0,1742.0,5.34
2017,10,20171001,Other Markets in Africa,2043.0,0,1823.0,12.07
2017,11,20171101,Other Markets in Africa,1789.0,0,1558.0,14.83
2017,12,20171201,Other Markets in Africa,2987.0,0,2747.0,8.74
2018,1,20180101,Other Markets in Africa,2039.0,0,1893.0,7.71
2018,2,20180201,Other Markets in Africa,1545.0,0,1496.0,3.28
2018,3,20180301,Other Markets in Africa,2223.0,0,1553.0,43.14
2018,4,20180401,Other Markets in Africa,2209.0,0,1843.0,19.86
2018,5,20180501,Other Markets in Africa,1622.0,0,1597.0,1.57
2018,6,20180601,Other Markets in Africa,1616.0,0,1761.0,-8.23
2018,7,20180701,Other Markets in Africa,2987.0,0,2475.0,20.69
2018,8,20180801,Other Markets in Africa,3458.0,0,3382.0,2.25
2018,9,20180901,Other Markets in Africa,1944.0,0,1835.0,5.94
2018,10,20181001,Other Markets in Africa,2109.0,0,2043.0,3.23
2018,11,20181101,Other Markets in Africa,1751.0,0,1789.0,-2.12
2018,12,20181201,Other Markets in Africa,3424.0,0,2987.0,14.63
2019,1,20190101,Other Markets in Africa,2195.0,0,2039.0,7.65
2019,2,20190201,Other Markets in Africa,1452.0,0,1545.0,-6.02
2019,3,20190301,Other Markets in Africa,1727.0,0,2223.0,-22.31
2019,4,20190401,Other Markets in Africa,2218.0,0,2209.0,0.41
2019,5,20190501,Other Markets in Africa,1613.0,0,1622.0,-0.55
2019,6,20190601,Other Markets in Africa,2064.0,0,1616.0,27.72
2019,7,20190701,Other Markets in Africa,2763.0,0,2987.0,-7.5
2019,8,20190801,Other Markets in Africa,4091.0,0,3458.0,18.31
2019,9,20190901,Other Markets in Africa,2665.0,0,1944.0,37.09
2019,10,20191001,Other Markets in Africa,2435.0,0,2109.0,15.46
2019,11,20191101,Other Markets in Africa,2546.0,0,1751.0,45.4
2019,12,20191201,Other Markets in Africa,4182.0,0,3424.0,22.14
2023,1,20230101,Other Markets in Africa,1343.0,0,2195.0,-38.82
2023,2,20230201,Other Markets in Africa,1896.0,0,1452.0,30.58
2023,3,20230301,Other Markets in Africa,1663.0,0,1727.0,-3.71
2023,4,20230401,Other Markets in Africa,1899.0,0,2218.0,-14.38
2023,5,20230501,Other Markets in Africa,2076.0,0,1613.0,28.7
2023,6,20230601,Other Markets in Africa,2069.0,0,2064.0,0.24
2023,7,20230701,Other Markets in Africa,2999.0,0,2763.0,8.54
2023,8,20230801,Other Markets in Africa,3794.0,0,4091.0,-7.26
2023,9,20230901,Other Markets in Africa,2575.0,0,2665.0,-3.38
2023,10,20231001,Other Markets in Africa,2786.0,0,2435.0,14.41
2023,11,20231101,Other Markets in Africa,2168.0,0,2546.0,-14.85
2023,12,20231201,Other Markets in Africa,3500.0,0,4182.0,-16.31
2024,1,20240101,Other Markets in Africa,2080.0,0,1343.0,54.88
2024,2,20240201,Other Markets in Africa,1840.0,0,1896.0,-2.95
2024,3,20240301,Other Markets in Africa,1912.0,0,1663.0,14.97
2024,4,20240401,Other Markets in Africa,2131.0,0,1899.0,12.22
2024,5,20240501,Other Markets in Africa,4260.0,0,2076.0,105.2
2024,6,20240601,Other Markets in Africa,2345.0,0,2069.0,13.34
2024,7,20240701,Other Markets in Africa,3311.0,0,2999.0,10.4
2024,8,20240801,Other Markets in Africa,4377.0,0,3794.0,15.37
2024,9,20240901,Other Markets in Africa,2960.0,0,2575.0,14.95
2024,10,20241001,Other Markets in Africa,2735.0,0,2786.0,-1.83
2024,11,20241101,Other Markets in Africa,2672.0,0,2168.0,23.25
2024,12,20241201,Other Markets in Africa,4834.0,0,3500.0,38.11
2025,1,20250101,Other Markets in Africa,2670.0,0,2080.0,28.37
2025,2,20250201,Other Markets in Africa,2305.0,0,1840.0,25.27
2025,3,20250301,Other Markets in Africa,2159.0,0,1912.0,12.92
2025,4,20250401,Other Markets in Africa,2955.0,0,2131.0,38.67
2025,5,20250501,Other Markets in Africa,2875.0,0,4260.0,-32.51
2025,6,20250601,Other Markets in Africa,2549.0,0,2345.0,8.7
2025,7,20250701,Other Markets in Africa,4409.0,0,3311.0,33.16
2025,8,20250801,Other Markets in Africa,6198.0,0,4377.0,41.6
2025,9,20250901,Other Markets in Africa,3282.0,0,2960.0,10.88
2025,10,20251001,Other Markets in Africa,3965.0,0,2735.0,44.97
2025,11,20251101,Other Markets in Africa,3698.0,0,2672.0,38.4
2025,12,20251201,Other Markets in Africa,5805.0,0,4834.0,20.09
2026,1,20260101,Other Markets in Africa,3333.0,0,2670.0,24.83
2026,2,20260201,Other Markets in Africa,2321.0,0,2305.0,0.69
2026,3,20260301,Other Markets in Africa,2265.0,0,2159.0,4.91
2026,4,20260401,Other Markets in Africa,3153.0,0,2955.0,6.7
2026,5,20260501,Other Markets in Africa,3657.0,0,2875.0,27.2
2026,6,20260601,Other Markets in Africa,3256.0,0,2549.0,27.74
2026,7,20260701,Other Markets in Africa,5065.0,0,4409.0,14.88
2008,1,20080101,Other Markets in Americas,2333.0,0,,
2008,2,20080201,Other Markets in Americas,2051.0,0,,
2008,3,20080301,Other Markets in Americas,2997.0,0,,
2008,4,20080401,Other Markets in Americas,2230.0,0,,
2008,5,20080501,Other Markets in Americas,2310.0,0,,
2008,6,20080601,Other Markets in Americas,2197.0,0,,
2008,7,20080701,Other Markets in Americas,2666.0,0,,
2008,8,20080801,Other Markets in Americas,1987.0,0,,
2008,9,20080901,Other Markets in Americas,2390.0,0,,
2008,10,20081001,Other Markets in Americas,3090.0,0,,
2008,11,20081101,Other Markets in Americas,2379.0,0,,
2008,12,20081201,Other Markets in Americas,2106.0,0,,
2009,1,20090101,Other Markets in Americas,2078.0,0,2333.0,-10.93
2009,2,20090201,Other Markets in Americas,1847.0,0,2051.0,-9.95
2009,3,20090301,Other Markets in Americas,2295.0,0,2997.0,-23.42
2009,4,20090401,Other Markets in Americas,2194.0,0,2230.0,-1.61
2009,5,20090501,Other Markets in Americas,2194.0,0,2310.0,-5.02
2009,6,20090601,Other Markets in Americas,2030.0,0,2197.0,-7.6
2009,7,20090701,Other Markets in Americas,2313.0,0,2666.0,-13.24
2009,8,20090801,Other Markets in Americas,1903.0,0,1987.0,-4.23
2009,9,20090901,Other Markets in Americas,2007.0,0,2390.0,-16.03
2009,10,20091001,Other Markets in Americas,2942.0,0,3090.0,-4.79
2009,11,20091101,Other Markets in Americas,3046.0,0,2379.0,28.04
2009,12,20091201,Other Markets in Americas,2136.0,0,2106.0,1.42
2010,1,20100101,Other Markets in Americas,2526.0,0,2078.0,21.56
2010,2,20100201,Other Markets in Americas,2078.0,0,1847.0,12.51
2010,3,20100301,Other Markets in Americas,2486.0,0,2295.0,8.32
2010,4,20100401,Other Markets in Americas,2820.0,0,2194.0,28.53
2010,5,20100501,Other Markets in Americas,2550.0,0,2194.0,16.23
2010,6,20100601,Other Markets in Americas,2325.0,0,2030.0,14.53
2010,7,20100701,Other Markets in Americas,2648.0,0,2313.0,14.48
2010,8,20100801,Other Markets in Americas,3526.0,0,1903.0,85.29
2010,9,20100901,Other Markets in Americas,2481.0,0,2007.0,23.62
2010,10,20101001,Other Markets in Americas,3104.0,0,2942.0,5.51
2010,11,20101101,Other Markets in Americas,3169.0,0,3046.0,4.04
2010,12,20101201,Other Markets in Americas,2795.0,0,2136.0,30.85
2011,1,20110101,Other Markets in Americas,3144.0,0,2526.0,24.47
2011,2,20110201,Other Markets in Americas,2792.0,0,2078.0,34.36
2011,3,20110301,Other Markets in Americas,3803.0,0,2486.0,52.98
2011,4,20110401,Other Markets in Americas,4162.0,0,2820.0,47.59
2011,5,20110501,Other Markets in Americas,2946.0,0,2550.0,15.53
2011,6,20110601,Other Markets in Americas,3043.0,0,2325.0,30.88
2011,7,20110701,Other Markets in Americas,3366.0,0,2648.0,27.11
2011,8,20110801,Other Markets in Americas,2607.0,0,3526.0,-26.06
2011,9,20110901,Other Markets in Americas,2979.0,0,2481.0,20.07
2011,10,20111001,Other Markets in Americas,4275.0,0,3104.0,37.73
2011,11,20111101,Other Markets in Americas,3614.0,0,3169.0,14.04
2011,12,20111201,Other Markets in Americas,3501.0,0,2795.0,25.26
2012,1,20120101,Other Markets in Americas,4236.0,0,3144.0,34.73
2012,2,20120201,Other Markets in Americas,3775.0,0,2792.0,35.21
2012,3,20120301,Other Markets in Americas,4424.0,0,3803.0,16.33
2012,4,20120401,Other Markets in Americas,4860.0,0,4162.0,16.77
2012,5,20120501,Other Markets in Americas,3806.0,0,2946.0,29.19
2012,6,20120601,Other Markets in Americas,3728.0,0,3043.0,22.51
2012,7,20120701,Other Markets in Americas,4336.0,0,3366.0,28.82
2012,8,20120801,Other Markets in Americas,3189.0,0,2607.0,22.32
2012,9,20120901,Other Markets in Americas,4144.0,0,2979.0,39.11
2012,10,20121001,Other Markets in Americas,5617.0,0,4275.0,31.39
2012,11,20121101,Other Markets in Americas,4672.0,0,3614.0,29.28
2012,12,20121201,Other Markets in Americas,4573.0,0,3501.0,30.62
2013,1,20130101,Other Markets in Americas,5848.0,0,4236.0,38.05
2013,2,20130201,Other Markets in Americas,4421.0,0,3775.0,17.11
2013,3,20130301,Other Markets in Americas,5490.0,0,4424.0,24.1
2013,4,20130401,Other Markets in Americas,5661.0,0,4860.0,16.48
2013,5,20130501,Other Markets in Americas,4152.0,0,3806.0,9.09
2013,6,20130601,Other Markets in Americas,4511.0,0,3728.0,21.0
2013,7,20130701,Other Markets in Americas,4404.0,0,4336.0,1.57
2013,8,20130801,Other Markets in Americas,3773.0,0,3189.0,18.31
2013,9,20130901,Other Markets in Americas,4431.0,0,4144.0,6.93
2013,10,20131001,Other Markets in Americas,5366.0,0,5617.0,-4.47
2013,11,20131101,Other Markets in Americas,4291.0,0,4672.0,-8.15
2013,12,20131201,Other Markets in Americas,4466.0,0,4573.0,-2.34
2014,1,20140101,Other Markets in Americas,6307.0,0,5848.0,7.85
2014,2,20140201,Other Markets in Americas,4817.0,0,4421.0,8.96
2014,3,20140301,Other Markets in Americas,6241.0,0,5490.0,13.68
2014,4,20140401,Other Markets in Americas,5356.0,0,5661.0,-5.39
2014,5,20140501,Other Markets in Americas,4201.0,0,4152.0,1.18
2014,6,20140601,Other Markets in Americas,3508.0,0,4511.0,-22.23
2014,7,20140701,Other Markets in Americas,3996.0,0,4404.0,-9.26
2014,8,20140801,Other Markets in Americas,3269.0,0,3773.0,-13.36
2014,9,20140901,Other Markets in Americas,4362.0,0,4431.0,-1.56
2014,10,20141001,Other Markets in Americas,4967.0,0,5366.0,-7.44
2014,11,20141101,Other Markets in Americas,4973.0,0,4291.0,15.89
2014,12,20141201,Other Markets in Americas,5533.0,0,4466.0,23.89
2015,1,20150101,Other Markets in Americas,7060.0,0,6307.0,11.94
2015,2,20150201,Other Markets in Americas,5582.0,0,4817.0,15.88
2015,3,20150301,Other Markets in Americas,5908.0,0,6241.0,-5.34
2015,4,20150401,Other Markets in Americas,5871.0,0,5356.0,9.62
2015,5,20150501,Other Markets in Americas,4260.0,0,4201.0,1.4
2015,6,20150601,Other Markets in Americas,4482.0,0,3508.0,27.77
2015,7,20150701,Other Markets in Americas,4398.0,0,3996.0,10.06
2015,8,20150801,Other Markets in Americas,4118.0,0,3269.0,25.97
2015,9,20150901,Other Markets in Americas,4409.0,0,4362.0,1.08
2015,10,20151001,Other Markets in Americas,5432.0,0,4967.0,9.36
2015,11,20151101,Other Markets in Americas,5117.0,0,4973.0,2.9
2015,12,20151201,Other Markets in Americas,4893.0,0,5533.0,-11.57
2016,1,20160101,Other Markets in Americas,6927.0,0,7060.0,-1.88
2016,2,20160201,Other Markets in Americas,5491.0,0,5582.0,-1.63
2016,3,20160301,Other Markets in Americas,6346.0,0,5908.0,7.41
2016,4,20160401,Other Markets in Americas,5617.0,0,5871.0,-4.33
2016,5,20160501,Other Markets in Americas,4945.0,0,4260.0,16.08
2016,6,20160601,Other Markets in Americas,4718.0,0,4482.0,5.27
2016,7,20160701,Other Markets in Americas,4622.0,0,4398.0,5.09
2016,8,20160801,Other Markets in Americas,3649.0,0,4118.0,-11.39
2016,9,20160901,Other Markets in Americas,4382.0,0,4409.0,-0.61
2016,10,20161001,Other Markets in Americas,5636.0,0,5432.0,3.76
2016,11,20161101,Other Markets in Americas,6326.0,0,5117.0,23.63
2016,12,20161201,Other Markets in Americas,7061.0,0,4893.0,44.31
2017,1,20170101,Other Markets in Americas,9589.0,0,6927.0,38.43
2017,2,20170201,Other Markets in Americas,7992.0,0,5491.0,45.55
2017,3,20170301,Other Markets in Americas,8868.0,0,6346.0,39.74
2017,4,20170401,Other Markets in Americas,7468.0,0,5617.0,32.95
2017,5,20170501,Other Markets in Americas,5884.0,0,4945.0,18.99
2017,6,20170601,Other Markets in Americas,5661.0,0,4718.0,19.99
2017,7,20170701,Other Markets in Americas,5798.0,0,4622.0,25.44
2017,8,20170801,Other Markets in Americas,4443.0,0,3649.0,21.76
2017,9,20170901,Other Markets in Americas,5480.0,0,4382.0,25.06
2017,10,20171001,Other Markets in Americas,6572.0,0,5636.0,16.61
2017,11,20171101,Other Markets in Americas,11385.0,0,6326.0,79.97
2017,12,20171201,Other Markets in Americas,8869.0,0,7061.0,25.61
2018,1,20180101,Other Markets in Americas,10308.0,0,9589.0,7.5
2018,2,20180201,Other Markets in Americas,8401.0,0,7992.0,5.12
2018,3,20180301,Other Markets in Americas,9741.0,0,8868.0,9.84
2018,4,20180401,Other Markets in Americas,8460.0,0,7468.0,13.28
2018,5,20180501,Other Markets in Americas,7187.0,0,5884.0,22.14
2018,6,20180601,Other Markets in Americas,5478.0,0,5661.0,-3.23
2018,7,20180701,Other Markets in Americas,6859.0,0,5798.0,18.3
2018,8,20180801,Other Markets in Americas,4596.0,0,4443.0,3.44
2018,9,20180901,Other Markets in Americas,6008.0,0,5480.0,9.64
2018,10,20181001,Other Markets in Americas,7083.0,0,6572.0,7.78
2018,11,20181101,Other Markets in Americas,7333.0,0,11385.0,-35.59
2018,12,20181201,Other Markets in Americas,7479.0,0,8869.0,-15.67
2019,1,20190101,Other Markets in Americas,10284.0,0,10308.0,-0.23
2019,2,20190201,Other Markets in Americas,6970.0,0,8401.0,-17.03
2019,3,20190301,Other Markets in Americas,9732.0,0,9741.0,-0.09
2019,4,20190401,Other Markets in Americas,9822.0,0,8460.0,16.1
2019,5,20190501,Other Markets in Americas,6768.0,0,7187.0,-5.83
2019,6,20190601,Other Markets in Americas,6781.0,0,5478.0,23.79
2019,7,20190701,Other Markets in Americas,7060.0,0,6859.0,2.93
2019,8,20190801,Other Markets in Americas,5333.0,0,4596.0,16.04
2019,9,20190901,Other Markets in Americas,6853.0,0,6008.0,14.06
2019,10,20191001,Other Markets in Americas,7111.0,0,7083.0,0.4
2019,11,20191101,Other Markets in Americas,8254.0,0,7333.0,12.56
2019,12,20191201,Other Markets in Americas,9771.0,0,7479.0,30.65
2023,1,20230101,Other Markets in Americas,6203.0,0,10284.0,-39.68
2023,2,20230201,Other Markets in Americas,6465.0,0,6970.0,-7.25
2023,3,20230301,Other Markets in Americas,6841.0,0,9732.0,-29.71
2023,4,20230401,Other Markets in Americas,6822.0,0,9822.0,-30.54
2023,5,20230501,Other Markets in Americas,6936.0,0,6768.0,2.48
2023,6,20230601,Other Markets in Americas,4623.0,0,6781.0,-31.82
2023,7,20230701,Other Markets in Americas,7081.0,0,7060.0,0.3
2023,8,20230801,Other Markets in Americas,4630.0,0,5333.0,-13.18
2023,9,20230901,Other Markets in Americas,7753.0,0,6853.0,13.13
2023,10,20231001,Other Markets in Americas,7580.0,0,7111.0,6.6
2023,11,20231101,Other Markets in Americas,8042.0,0,8254.0,-2.57
2023,12,20231201,Other Markets in Americas,6847.0,0,9771.0,-29.93
2024,1,20240101,Other Markets in Americas,9357.0,0,6203.0,50.85
2024,2,20240201,Other Markets in Americas,7719.0,0,6465.0,19.4
2024,3,20240301,Other Markets in Americas,8552.0,0,6841.0,25.01
2024,4,20240401,Other Markets in Americas,7951.0,0,6822.0,16.55
2024,5,20240501,Other Markets in Americas,7675.0,0,6936.0,10.65
2024,6,20240601,Other Markets in Americas,6373.0,0,4623.0,37.85
2024,7,20240701,Other Markets in Americas,6588.0,0,7081.0,-6.96
2024,8,20240801,Other Markets in Americas,5875.0,0,4630.0,26.89
2024,9,20240901,Other Markets in Americas,7966.0,0,7753.0,2.75
2024,10,20241001,Other Markets in Americas,8138.0,0,7580.0,7.36
2024,11,20241101,Other Markets in Americas,10209.0,0,8042.0,26.95
2024,12,20241201,Other Markets in Americas,6771.0,0,6847.0,-1.11
2025,1,20250101,Other Markets in Americas,9605.0,0,9357.0,2.65
2025,2,20250201,Other Markets in Americas,7845.0,0,7719.0,1.63
2025,3,20250301,Other Markets in Americas,8884.0,0,8552.0,3.88
2025,4,20250401,Other Markets in Americas,8604.0,0,7951.0,8.21
2025,5,20250501,Other Markets in Americas,7359.0,0,7675.0,-4.12
2025,6,20250601,Other Markets in Americas,6109.0,0,6373.0,-4.14
2025,7,20250701,Other Markets in Americas,7526.0,0,6588.0,14.24
2025,8,20250801,Other Markets in Americas,5874.0,0,5875.0,-0.02
2025,9,20250901,Other Markets in Americas,7299.0,0,7966.0,-8.37
2025,10,20251001,Other Markets in Americas,8882.0,0,8138.0,9.14
2025,11,20251101,Other Markets in Americas,10146.0,0,10209.0,-0.62
2025,12,20251201,Other Markets in Americas,8159.0,0,6771.0,20.5
2026,1,20260101,Other Markets in Americas,10472.0,0,9605.0,9.03
2026,2,20260201,Other Markets in Americas,7694.0,0,7845.0,-1.92
2026,3,20260301,Other Markets in Americas,9102.0,0,8884.0,2.45
2026,4,20260401,Other Markets in Americas,8391.0,0,8604.0,-2.48
2026,5,20260501,Other Markets in Americas,7265.0,0,7359.0,-1.28
2026,6,20260601,Other Markets in Americas,5197.0,0,6109.0,-14.93
2026,7,20260701,Other Markets in Americas,6981.0,0,7526.0,-7.24
2008,1,20080101,Other Markets in Europe,11108.0,0,,
2008,2,20080201,Other Markets in Europe,9823.0,0,,
2008,3,20080301,Other Markets in Europe,10467.0,0,,
2008,4,20080401,Other Markets in Europe,8587.0,0,,
2008,5,20080501,Other Markets in Europe,7494.0,0,,
2008,6,20080601,Other Markets in Europe,6233.0,0,,
2008,7,20080701,Other Markets in Europe,9177.0,0,,
2008,8,20080801,Other Markets in Europe,9707.0,0,,
2008,9,20080901,Other Markets in Europe,8183.0,0,,
2008,10,20081001,Other Markets in Europe,9786.0,0,,
2008,11,20081101,Other Markets in Europe,10240.0,0,,
2008,12,20081201,Other Markets in Europe,11546.0,0,,
2009,1,20090101,Other Markets in Europe,11664.0,0,11108.0,5.01
2009,2,20090201,Other Markets in Europe,10084.0,0,9823.0,2.66
2009,3,20090301,Other Markets in Europe,10593.0,0,10467.0,1.2
2009,4,20090401,Other Markets in Europe,8433.0,0,8587.0,-1.79
2009,5,20090501,Other Markets in Europe,7129.0,0,7494.0,-4.87
2009,6,20090601,Other Markets in Europe,7017.0,0,6233.0,12.58
2009,7,20090701,Other Markets in Europe,9554.0,0,9177.0,4.11
2009,8,20090801,Other Markets in Europe,10719.0,0,9707.0,10.43
2009,9,20090901,Other Markets in Europe,8829.0,0,8183.0,7.89
2009,10,20091001,Other Markets in Europe,9295.0,0,9786.0,-5.02
2009,11,20091101,Other Markets in Europe,10438.0,0,10240.0,1.93
2009,12,20091201,Other Markets in Europe,9310.0,0,11546.0,-19.37
2010,1,20100101,Other Markets in Europe,12849.0,0,11664.0,10.16
2010,2,20100201,Other Markets in Europe,10345.0,0,10084.0,2.59
2010,3,20100301,Other Markets in Europe,12137.0,0,10593.0,14.58
2010,4,20100401,Other Markets in Europe,8776.0,0,8433.0,4.07
2010,5,20100501,Other Markets in Europe,7847.0,0,7129.0,10.07
2010,6,20100601,Other Markets in Europe,7400.0,0,7017.0,5.46
2010,7,20100701,Other Markets in Europe,10009.0,0,9554.0,4.76
2010,8,20100801,Other Markets in Europe,12396.0,0,10719.0,15.65
2010,9,20100901,Other Markets in Europe,9039.0,0,8829.0,2.38
2010,10,20101001,Other Markets in Europe,10211.0,0,9295.0,9.85
2010,11,20101101,Other Markets in Europe,13009.0,0,10438.0,24.63
2010,12,20101201,Other Markets in Europe,10334.0,0,9310.0,11.0
2011,1,20110101,Other Markets in Europe,13077.0,0,12849.0,1.77
2011,2,20110201,Other Markets in Europe,11309.0,0,10345.0,9.32
2011,3,20110301,Other Markets in Europe,12149.0,0,12137.0,0.1
2011,4,20110401,Other Markets in Europe,8797.0,0,8776.0,0.24
2011,5,20110501,Other Markets in Europe,7905.0,0,7847.0,0.74
2011,6,20110601,Other Markets in Europe,7155.0,0,7400.0,-3.31
2011,7,20110701,Other Markets in Europe,10015.0,0,10009.0,0.06
2011,8,20110801,Other Markets in Europe,10472.0,0,12396.0,-15.52
2011,9,20110901,Other Markets in Europe,9451.0,0,9039.0,4.56
2011,10,20111001,Other Markets in Europe,10695.0,0,10211.0,4.74
2011,11,20111101,Other Markets in Europe,13138.0,0,13009.0,0.99
2011,12,20111201,Other Markets in Europe,12021.0,0,10334.0,16.32
2012,1,20120101,Other Markets in Europe,16790.0,0,13077.0,28.39
2012,2,20120201,Other Markets in Europe,17307.0,0,11309.0,53.04
2012,3,20120301,Other Markets in Europe,15781.0,0,12149.0,29.9
2012,4,20120401,Other Markets in Europe,11554.0,0,8797.0,31.34
2012,5,20120501,Other Markets in Europe,8997.0,0,7905.0,13.81
2012,6,20120601,Other Markets in Europe,8462.0,0,7155.0,18.27
2012,7,20120701,Other Markets in Europe,11260.0,0,10015.0,12.43
2012,8,20120801,Other Markets in Europe,11610.0,0,10472.0,10.87
2012,9,20120901,Other Markets in Europe,10243.0,0,9451.0,8.38
2012,10,20121001,Other Markets in Europe,12362.0,0,10695.0,15.59
2012,11,20121101,Other Markets in Europe,13562.0,0,13138.0,3.23
2012,12,20121201,Other Markets in Europe,13149.0,0,12021.0,9.38
2013,1,20130101,Other Markets in Europe,19326.0,0,16790.0,15.1
2013,2,20130201,Other Markets in Europe,16921.0,0,17307.0,-2.23
2013,3,20130301,Other Markets in Europe,16938.0,0,15781.0,7.33
2013,4,20130401,Other Markets in Europe,12203.0,0,11554.0,5.62
2013,5,20130501,Other Markets in Europe,10571.0,0,8997.0,17.49
2013,6,20130601,Other Markets in Europe,9776.0,0,8462.0,15.53
2013,7,20130701,Other Markets in Europe,11693.0,0,11260.0,3.85
2013,8,20130801,Other Markets in Europe,13495.0,0,11610.0,16.24
2013,9,20130901,Other Markets in Europe,10821.0,0,10243.0,5.64
2013,10,20131001,Other Markets in Europe,13859.0,0,12362.0,12.11
2013,11,20131101,Other Markets in Europe,15256.0,0,13562.0,12.49
2013,12,20131201,Other Markets in Europe,14430.0,0,13149.0,9.74
2014,1,20140101,Other Markets in Europe,19588.0,0,19326.0,1.36
2014,2,20140201,Other Markets in Europe,18406.0,0,16921.0,8.78
2014,3,20140301,Other Markets in Europe,17589.0,0,16938.0,3.84
2014,4,20140401,Other Markets in Europe,12747.0,0,12203.0,4.46
2014,5,20140501,Other Markets in Europe,10542.0,0,10571.0,-0.27
2014,6,20140601,Other Markets in Europe,9326.0,0,9776.0,-4.6
2014,7,20140701,Other Markets in Europe,12671.0,0,11693.0,8.36
2014,8,20140801,Other Markets in Europe,14539.0,0,13495.0,7.74
2014,9,20140901,Other Markets in Europe,12431.0,0,10821.0,14.88
2014,10,20141001,Other Markets in Europe,13755.0,0,13859.0,-0.75
2014,11,20141101,Other Markets in Europe,15529.0,0,15256.0,1.79
2014,12,20141201,Other Markets in Europe,15350.0,0,14430.0,6.38
2015,1,20150101,Other Markets in Europe,20303.0,0,19588.0,3.65
2015,2,20150201,Other Markets in Europe,16530.0,0,18406.0,-10.19
2015,3,20150301,Other Markets in Europe,16881.0,0,17589.0,-4.03
2015,4,20150401,Other Markets in Europe,13390.0,0,12747.0,5.04
2015,5,20150501,Other Markets in Europe,10431.0,0,10542.0,-1.05
2015,6,20150601,Other Markets in Europe,9763.0,0,9326.0,4.69
2015,7,20150701,Other Markets in Europe,13400.0,0,12671.0,5.75
2015,8,20150801,Other Markets in Europe,16363.0,0,14539.0,12.55
2015,9,20150901,Other Markets in Europe,13275.0,0,12431.0,6.79
2015,10,20151001,Other Markets in Europe,15297.0,0,13755.0,11.21
2015,11,20151101,Other Markets in Europe,16777.0,0,15529.0,8.04
2015,12,20151201,Other Markets in Europe,15692.0,0,15350.0,2.23
2016,1,20160101,Other Markets in Europe,22536.0,0,20303.0,11.0
2016,2,20160201,Other Markets in Europe,21018.0,0,16530.0,27.15
2016,3,20160301,Other Markets in Europe,20313.0,0,16881.0,20.33
2016,4,20160401,Other Markets in Europe,15509.0,0,13390.0,15.83
2016,5,20160501,Other Markets in Europe,11809.0,0,10431.0,13.21
2016,6,20160601,Other Markets in Europe,9460.0,0,9763.0,-3.1
2016,7,20160701,Other Markets in Europe,14800.0,0,13400.0,10.45
2016,8,20160801,Other Markets in Europe,16040.0,0,16363.0,-1.97
2016,9,20160901,Other Markets in Europe,14129.0,0,13275.0,6.43
2016,10,20161001,Other Markets in Europe,15829.0,0,15297.0,3.48
2016,11,20161101,Other Markets in Europe,16685.0,0,16777.0,-0.55
2016,12,20161201,Other Markets in Europe,16492.0,0,15692.0,5.1
2017,1,20170101,Other Markets in Europe,22844.0,0,22536.0,1.37
2017,2,20170201,Other Markets in Europe,21341.0,0,21018.0,1.54
2017,3,20170301,Other Markets in Europe,20597.0,0,20313.0,1.4
2017,4,20170401,Other Markets in Europe,17165.0,0,15509.0,10.68
2017,5,20170501,Other Markets in Europe,12624.0,0,11809.0,6.9
2017,6,20170601,Other Markets in Europe,11227.0,0,9460.0,18.68
2017,7,20170701,Other Markets in Europe,17131.0,0,14800.0,15.75
2017,8,20170801,Other Markets in Europe,18688.0,0,16040.0,16.51
2017,9,20170901,Other Markets in Europe,15577.0,0,14129.0,10.25
2017,10,20171001,Other Markets in Europe,16346.0,0,15829.0,3.27
2017,11,20171101,Other Markets in Europe,19003.0,0,16685.0,13.89
2017,12,20171201,Other Markets in Europe,17930.0,0,16492.0,8.72
2018,1,20180101,Other Markets in Europe,28038.0,0,22844.0,22.74
2018,2,20180201,Other Markets in Europe,24307.0,0,21341.0,13.9
2018,3,20180301,Other Markets in Europe,23862.0,0,20597.0,15.85
2018,4,20180401,Other Markets in Europe,17479.0,0,17165.0,1.83
2018,5,20180501,Other Markets in Europe,13540.0,0,12624.0,7.26
2018,6,20180601,Other Markets in Europe,14033.0,0,11227.0,24.99
2018,7,20180701,Other Markets in Europe,19795.0,0,17131.0,15.55
2018,8,20180801,Other Markets in Europe,21731.0,0,18688.0,16.28
2018,9,20180901,Other Markets in Europe,18379.0,0,15577.0,17.99
2018,10,20181001,Other Markets in Europe,19874.0,0,16346.0,21.58
2018,11,20181101,Other Markets in Europe,22049.0,0,19003.0,16.03
2018,12,20181201,Other Markets in Europe,21145.0,0,17930.0,17.93
2019,1,20190101,Other Markets in Europe,32587.0,0,28038.0,16.22
2019,2,20190201,Other Markets in Europe,29374.0,0,24307.0,20.85
2019,3,20190301,Other Markets in Europe,26557.0,0,23862.0,11.29
2019,4,20190401,Other Markets in Europe,20576.0,0,17479.0,17.72
2019,5,20190501,Other Markets in Europe,14517.0,0,13540.0,7.22
2019,6,20190601,Other Markets in Europe,13616.0,0,14033.0,-2.97
2019,7,20190701,Other Markets in Europe,19596.0,0,19795.0,-1.01
2019,8,20190801,Other Markets in Europe,23243.0,0,21731.0,6.96
2019,9,20190901,Other Markets in Europe,20805.0,0,18379.0,13.2
2019,10,20191001,Other Markets in Europe,21286.0,0,19874.0,7.1
2019,11,20191101,Other Markets in Europe,25869.0,0,22049.0,17.33
2019,12,20191201,Other Markets in Europe,25506.0,0,21145.0,20.62
2023,1,20230101,Other Markets in Europe,18233.0,0,32587.0,-44.05
2023,2,20230201,Other Markets in Europe,22398.0,0,29374.0,-23.75
2023,3,20230301,Other Markets in Europe,21453.0,0,26557.0,-19.22
2023,4,20230401,Other Markets in Europe,17109.0,0,20576.0,-16.85
2023,5,20230501,Other Markets in Europe,13650.0,0,14517.0,-5.97
2023,6,20230601,Other Markets in Europe,11381.0,0,13616.0,-16.41
2023,7,20230701,Other Markets in Europe,16968.0,0,19596.0,-13.41
2023,8,20230801,Other Markets in Europe,18898.0,0,23243.0,-18.69
2023,9,20230901,Other Markets in Europe,17891.0,0,20805.0,-14.01
2023,10,20231001,Other Markets in Europe,18715.0,0,21286.0,-12.08
2023,11,20231101,Other Markets in Europe,19226.0,0,25869.0,-25.68
2023,12,20231201,Other Markets in Europe,17821.0,0,25506.0,-30.13
2024,1,20240101,Other Markets in Europe,28644.0,0,18233.0,57.1
2024,2,20240201,Other Markets in Europe,29753.0,0,22398.0,32.84
2024,3,20240301,Other Markets in Europe,24684.0,0,21453.0,15.06
2024,4,20240401,Other Markets in Europe,20868.0,0,17109.0,21.97
2024,5,20240501,Other Markets in Europe,16546.0,0,13650.0,21.22
2024,6,20240601,Other Markets in Europe,14715.0,0,11381.0,29.29
2024,7,20240701,Other Markets in Europe,20956.0,0,16968.0,23.5
2024,8,20240801,Other Markets in Europe,23528.0,0,18898.0,24.5
2024,9,20240901,Other Markets in Europe,22491.0,0,17891.0,25.71
2024,10,20241001,Other Markets in Europe,21359.0,0,18715.0,14.13
2024,11,20241101,Other Markets in Europe,26761.0,0,19226.0,39.19
2024,12,20241201,Other Markets in Europe,22959.0,0,17821.0,28.83
2025,1,20250101,Other Markets in Europe,34948.0,0,28644.0,22.01
2025,2,20250201,Other Markets in Europe,36808.0,0,29753.0,23.71
2025,3,20250301,Other Markets in Europe,30023.0,0,24684.0,21.63
2025,4,20250401,Other Markets in Europe,23651.0,0,20868.0,13.34
2025,5,20250501,Other Markets in Europe,17378.0,0,16546.0,5.03
2025,6,20250601,Other Markets in Europe,17330.0,0,14715.0,17.77
2025,7,20250701,Other Markets in Europe,28087.0,0,20956.0,34.03
2025,8,20250801,Other Markets in Europe,28464.0,0,23528.0,20.98
2025,9,20250901,Other Markets in Europe,24220.0,0,22491.0,7.69
2025,10,20251001,Other Markets in Europe,24321.0,0,21359.0,13.87
2025,11,20251101,Other Markets in Europe,29627.0,0,26761.0,10.71
2025,12,20251201,Other Markets in Europe,26708.0,0,22959.0,16.33
2026,1,20260101,Other Markets in Europe,43442.0,0,34948.0,24.3
2026,2,20260201,Other Markets in Europe,40370.0,0,36808.0,9.68
2026,3,20260301,Other Markets in Europe,33046.0,0,30023.0,10.07
2026,4,20260401,Other Markets in Europe,24028.0,0,23651.0,1.59
2026,5,20260501,Other Markets in Europe,19269.0,0,17378.0,10.88
2026,6,20260601,Other Markets in Europe,16379.0,0,17330.0,-5.49
2026,7,20260701,Other Markets in Europe,26674.0,0,28087.0,-5.03
2008,1,20080101,Other Markets in Greater China,1081.0,0,,
2008,2,20080201,Other Markets in Greater China,1510.0,0,,
2008,3,20080301,Other Markets in Greater China,1347.0,0,,
2008,4,20080401,Other Markets in Greater China,975.0,0,,
2008,5,20080501,Other Markets in Greater China,932.0,0,,
2008,6,20080601,Other Markets in Greater China,1446.0,0,,
2008,7,20080701,Other Markets in Greater China,1561.0,0,,
2008,8,20080801,Other Markets in Greater China,1630.0,0,,
2008,9,20080901,Other Markets in Greater China,947.0,0,,
2008,10,20081001,Other Markets in Greater China,907.0,0,,
2008,11,20081101,Other Markets in Greater China,925.0,0,,
2008,12,20081201,Other Markets in Greater China,1124.0,0,,
2009,1,20090101,Other Markets in Greater China,1443.0,0,1081.0,33.49
2009,2,20090201,Other Markets in Greater China,811.0,0,1510.0,-46.29
2009,3,20090301,Other Markets in Greater China,830.0,0,1347.0,-38.38
2009,4,20090401,Other Markets in Greater China,962.0,0,975.0,-1.33
2009,5,20090501,Other Markets in Greater China,956.0,0,932.0,2.58
2009,6,20090601,Other Markets in Greater China,1326.0,0,1446.0,-8.3
2009,7,20090701,Other Markets in Greater China,1257.0,0,1561.0,-19.47
2009,8,20090801,Other Markets in Greater China,1438.0,0,1630.0,-11.78
2009,9,20090901,Other Markets in Greater China,820.0,0,947.0,-13.41
2009,10,20091001,Other Markets in Greater China,1073.0,0,907.0,18.3
2009,11,20091101,Other Markets in Greater China,940.0,0,925.0,1.62
2009,12,20091201,Other Markets in Greater China,1099.0,0,1124.0,-2.22
2010,1,20100101,Other Markets in Greater China,1194.0,0,1443.0,-17.26
2010,2,20100201,Other Markets in Greater China,1505.0,0,811.0,85.57
2010,3,20100301,Other Markets in Greater China,1294.0,0,830.0,55.9
2010,4,20100401,Other Markets in Greater China,1852.0,0,962.0,92.52
2010,5,20100501,Other Markets in Greater China,1510.0,0,956.0,57.95
2010,6,20100601,Other Markets in Greater China,2550.0,0,1326.0,92.31
2010,7,20100701,Other Markets in Greater China,2930.0,0,1257.0,133.09
2010,8,20100801,Other Markets in Greater China,3904.0,0,1438.0,171.49
2010,9,20100901,Other Markets in Greater China,1444.0,0,820.0,76.1
2010,10,20101001,Other Markets in Greater China,1617.0,0,1073.0,50.7
2010,11,20101101,Other Markets in Greater China,1409.0,0,940.0,49.89
2010,12,20101201,Other Markets in Greater China,2072.0,0,1099.0,88.54
2011,1,20110101,Other Markets in Greater China,1808.0,0,1194.0,51.42
2011,2,20110201,Other Markets in Greater China,2403.0,0,1505.0,59.67
2011,3,20110301,Other Markets in Greater China,1631.0,0,1294.0,26.04
2011,4,20110401,Other Markets in Greater China,1963.0,0,1852.0,5.99
2011,5,20110501,Other Markets in Greater China,1807.0,0,1510.0,19.67
2011,6,20110601,Other Markets in Greater China,2746.0,0,2550.0,7.69
2011,7,20110701,Other Markets in Greater China,3190.0,0,2930.0,8.87
2011,8,20110801,Other Markets in Greater China,3704.0,0,3904.0,-5.12
2011,9,20110901,Other Markets in Greater China,1649.0,0,1444.0,14.2
2011,10,20111001,Other Markets in Greater China,1788.0,0,1617.0,10.58
2011,11,20111101,Other Markets in Greater China,1584.0,0,1409.0,12.42
2011,12,20111201,Other Markets in Greater China,2510.0,0,2072.0,21.14
2012,1,20120101,Other Markets in Greater China,2377.0,0,1808.0,31.47
2012,2,20120201,Other Markets in Greater China,1887.0,0,2403.0,-21.47
2012,3,20120301,Other Markets in Greater China,1589.0,0,1631.0,-2.58
2012,4,20120401,Other Markets in Greater China,2392.0,0,1963.0,21.85
2012,5,20120501,Other Markets in Greater China,1383.0,0,1807.0,-23.46
2012,6,20120601,Other Markets in Greater China,2359.0,0,2746.0,-14.09
2012,7,20120701,Other Markets in Greater China,2982.0,0,3190.0,-6.52
2012,8,20120801,Other Markets in Greater China,3981.0,0,3704.0,7.48
2012,9,20120901,Other Markets in Greater China,1514.0,0,1649.0,-8.19
2012,10,20121001,Other Markets in Greater China,1557.0,0,1788.0,-12.92
2012,11,20121101,Other Markets in Greater China,1864.0,0,1584.0,17.68
2012,12,20121201,Other Markets in Greater China,2483.0,0,2510.0,-1.08
2013,1,20130101,Other Markets in Greater China,1911.0,0,2377.0,-19.6
2013,2,20130201,Other Markets in Greater China,2142.0,0,1887.0,13.51
2013,3,20130301,Other Markets in Greater China,1980.0,0,1589.0,24.61
2013,4,20130401,Other Markets in Greater China,1474.0,0,2392.0,-38.38
2013,5,20130501,Other Markets in Greater China,1505.0,0,1383.0,8.82
2013,6,20130601,Other Markets in Greater China,2966.0,0,2359.0,25.73
2013,7,20130701,Other Markets in Greater China,3154.0,0,2982.0,5.77
2013,8,20130801,Other Markets in Greater China,3882.0,0,3981.0,-2.49
2013,9,20130901,Other Markets in Greater China,1476.0,0,1514.0,-2.51
2013,10,20131001,Other Markets in Greater China,1647.0,0,1557.0,5.78
2013,11,20131101,Other Markets in Greater China,1736.0,0,1864.0,-6.87
2013,12,20131201,Other Markets in Greater China,3039.0,0,2483.0,22.39
2014,1,20140101,Other Markets in Greater China,2264.0,0,1911.0,18.47
2014,2,20140201,Other Markets in Greater China,2329.0,0,2142.0,8.73
2014,3,20140301,Other Markets in Greater China,1706.0,0,1980.0,-13.84
2014,4,20140401,Other Markets in Greater China,2258.0,0,1474.0,53.19
2014,5,20140501,Other Markets in Greater China,1709.0,0,1505.0,13.55
2014,6,20140601,Other Markets in Greater China,2693.0,0,2966.0,-9.2
2014,7,20140701,Other Markets in Greater China,3507.0,0,3154.0,11.19
2014,8,20140801,Other Markets in Greater China,5546.0,0,3882.0,42.86
2014,9,20140901,Other Markets in Greater China,1930.0,0,1476.0,30.76
2014,10,20141001,Other Markets in Greater China,1910.0,0,1647.0,15.97
2014,11,20141101,Other Markets in Greater China,2082.0,0,1736.0,19.93
2014,12,20141201,Other Markets in Greater China,3792.0,0,3039.0,24.78
2015,1,20150101,Other Markets in Greater China,2341.0,0,2264.0,3.4
2015,2,20150201,Other Markets in Greater China,2916.0,0,2329.0,25.2
2015,3,20150301,Other Markets in Greater China,1584.0,0,1706.0,-7.15
2015,4,20150401,Other Markets in Greater China,1909.0,0,2258.0,-15.46
2015,5,20150501,Other Markets in Greater China,1761.0,0,1709.0,3.04
2015,6,20150601,Other Markets in Greater China,2346.0,0,2693.0,-12.89
2015,7,20150701,Other Markets in Greater China,4061.0,0,3507.0,15.8
2015,8,20150801,Other Markets in Greater China,6197.0,0,5546.0,11.74
2015,9,20150901,Other Markets in Greater China,1706.0,0,1930.0,-11.61
2015,10,20151001,Other Markets in Greater China,1972.0,0,1910.0,3.25
2015,11,20151101,Other Markets in Greater China,1668.0,0,2082.0,-19.88
2015,12,20151201,Other Markets in Greater China,3093.0,0,3792.0,-18.43
2016,1,20160101,Other Markets in Greater China,1798.0,0,2341.0,-23.2
2016,2,20160201,Other Markets in Greater China,2679.0,0,2916.0,-8.13
2016,3,20160301,Other Markets in Greater China,1741.0,0,1584.0,9.91
2016,4,20160401,Other Markets in Greater China,1529.0,0,1909.0,-19.91
2016,5,20160501,Other Markets in Greater China,1596.0,0,1761.0,-9.37
2016,6,20160601,Other Markets in Greater China,2025.0,0,2346.0,-13.68
2016,7,20160701,Other Markets in Greater China,3089.0,0,4061.0,-23.93
2016,8,20160801,Other Markets in Greater China,4512.0,0,6197.0,-27.19
2016,9,20160901,Other Markets in Greater China,1338.0,0,1706.0,-21.57
2016,10,20161001,Other Markets in Greater China,1350.0,0,1972.0,-31.54
2016,11,20161101,Other Markets in Greater China,1349.0,0,1668.0,-19.12
2016,12,20161201,Other Markets in Greater China,2430.0,0,3093.0,-21.44
2017,1,20170101,Other Markets in Greater China,2316.0,0,1798.0,28.81
2017,2,20170201,Other Markets in Greater China,1728.0,0,2679.0,-35.5
2017,3,20170301,Other Markets in Greater China,1832.0,0,1741.0,5.23
2017,4,20170401,Other Markets in Greater China,1820.0,0,1529.0,19.03
2017,5,20170501,Other Markets in Greater China,1702.0,0,1596.0,6.64
2017,6,20170601,Other Markets in Greater China,1863.0,0,2025.0,-8.0
2017,7,20170701,Other Markets in Greater China,3699.0,0,3089.0,19.75
2017,8,20170801,Other Markets in Greater China,3799.0,0,4512.0,-15.8
2017,9,20170901,Other Markets in Greater China,1524.0,0,1338.0,13.9
2017,10,20171001,Other Markets in Greater China,1668.0,0,1350.0,23.56
2017,11,20171101,Other Markets in Greater China,1657.0,0,1349.0,22.83
2017,12,20171201,Other Markets in Greater China,2980.0,0,2430.0,22.63
2018,1,20180101,Other Markets in Greater China,2556.0,0,2316.0,10.36
2018,2,20180201,Other Markets in Greater China,2102.0,0,1728.0,21.64
2018,3,20180301,Other Markets in Greater China,1838.0,0,1832.0,0.33
2018,4,20180401,Other Markets in Greater China,1675.0,0,1820.0,-7.97
2018,5,20180501,Other Markets in Greater China,1725.0,0,1702.0,1.35
2018,6,20180601,Other Markets in Greater China,2313.0,0,1863.0,24.15
2018,7,20180701,Other Markets in Greater China,3774.0,0,3699.0,2.03
2018,8,20180801,Other Markets in Greater China,4239.0,0,3799.0,11.58
2018,9,20180901,Other Markets in Greater China,2019.0,0,1524.0,32.48
2018,10,20181001,Other Markets in Greater China,1674.0,0,1668.0,0.36
2018,11,20181101,Other Markets in Greater China,1883.0,0,1657.0,13.64
2018,12,20181201,Other Markets in Greater China,3337.0,0,2980.0,11.98
2019,1,20190101,Other Markets in Greater China,3127.0,0,2556.0,22.34
2019,2,20190201,Other Markets in Greater China,2493.0,0,2102.0,18.6
2019,3,20190301,Other Markets in Greater China,1619.0,0,1838.0,-11.92
2019,4,20190401,Other Markets in Greater China,2148.0,0,1675.0,28.24
2019,5,20190501,Other Markets in Greater China,1660.0,0,1725.0,-3.77
2019,6,20190601,Other Markets in Greater China,2466.0,0,2313.0,6.61
2019,7,20190701,Other Markets in Greater China,3234.0,0,3774.0,-14.31
2019,8,20190801,Other Markets in Greater China,4195.0,0,4239.0,-1.04
2019,9,20190901,Other Markets in Greater China,1831.0,0,2019.0,-9.31
2019,10,20191001,Other Markets in Greater China,1800.0,0,1674.0,7.53
2019,11,20191101,Other Markets in Greater China,2104.0,0,1883.0,11.74
2019,12,20191201,Other Markets in Greater China,3780.0,0,3337.0,13.28
2023,1,20230101,Other Markets in Greater China,3361.0,0,3127.0,7.48
2023,2,20230201,Other Markets in Greater China,1702.0,0,2493.0,-31.73
2023,3,20230301,Other Markets in Greater China,1575.0,0,1619.0,-2.72
2023,4,20230401,Other Markets in Greater China,2107.0,0,2148.0,-1.91
2023,5,20230501,Other Markets in Greater China,1771.0,0,1660.0,6.69
2023,6,20230601,Other Markets in Greater China,1779.0,0,2466.0,-27.86
2023,7,20230701,Other Markets in Greater China,3266.0,0,3234.0,0.99
2023,8,20230801,Other Markets in Greater China,3316.0,0,4195.0,-20.95
2023,9,20230901,Other Markets in Greater China,1415.0,0,1831.0,-22.72
2023,10,20231001,Other Markets in Greater China,1541.0,0,1800.0,-14.39
2023,11,20231101,Other Markets in Greater China,1648.0,0,2104.0,-21.67
2023,12,20231201,Other Markets in Greater China,2882.0,0,3780.0,-23.76
2024,1,20240101,Other Markets in Greater China,3848.0,0,3361.0,14.49
2024,2,20240201,Other Markets in Greater China,2236.0,0,1702.0,31.37
2024,3,20240301,Other Markets in Greater China,2158.0,0,1575.0,37.02
2024,4,20240401,Other Markets in Greater China,1706.0,0,2107.0,-19.03
2024,5,20240501,Other Markets in Greater China,1465.0,0,1771.0,-17.28
2024,6,20240601,Other Markets in Greater China,1702.0,0,1779.0,-4.33
2024,7,20240701,Other Markets in Greater China,3454.0,0,3266.0,5.76
2024,8,20240801,Other Markets in Greater China,3454.0,0,3316.0,4.16
2024,9,20240901,Other Markets in Greater China,1313.0,0,1415.0,-7.21
2024,10,20241001,Other Markets in Greater China,1882.0,0,1541.0,22.13
2024,11,20241101,Other Markets in Greater China,1799.0,0,1648.0,9.16
2024,12,20241201,Other Markets in Greater China,3243.0,0,2882.0,12.53
2025,1,20250101,Other Markets in Greater China,4265.0,0,3848.0,10.84
2025,2,20250201,Other Markets in Greater China,1726.0,0,2236.0,-22.81
2025,3,20250301,Other Markets in Greater China,1522.0,0,2158.0,-29.47
2025,4,20250401,Other Markets in Greater China,1974.0,0,1706.0,15.71
2025,5,20250501,Other Markets in Greater China,1811.0,0,1465.0,23.62
2025,6,20250601,Other Markets in Greater China,1777.0,0,1702.0,4.41
2025,7,20250701,Other Markets in Greater China,3987.0,0,3454.0,15.43
2025,8,20250801,Other Markets in Greater China,4265.0,0,3454.0,23.48
2025,9,20250901,Other Markets in Greater China,1168.0,0,1313.0,-11.04
2025,10,20251001,Other Markets in Greater China,1723.0,0,1882.0,-8.45
2025,11,20251101,Other Markets in Greater China,2775.0,0,1799.0,54.25
2025,12,20251201,Other Markets in Greater China,5162.0,0,3243.0,59.17
2026,1,20260101,Other Markets in Greater China,7814.0,0,4265.0,83.21
2026,2,20260201,Other Markets in Greater China,3671.0,0,1726.0,112.69
2026,3,20260301,Other Markets in Greater China,1990.0,0,1522.0,30.75
2026,4,20260401,Other Markets in Greater China,2279.0,0,1974.0,15.45
2026,5,20260501,Other Markets in Greater China,1261.0,0,1811.0,-30.37
2026,6,20260601,Other Markets in Greater China,1696.0,0,1777.0,-4.56
2026,7,20260701,Other Markets in Greater China,3858.0,0,3987.0,-3.24
2008,1,20080101,Other Markets in North Asia,55.0,0,,
2008,2,20080201,Other Markets in North Asia,31.0,0,,
2008,3,20080301,Other Markets in North Asia,30.0,0,,
2008,4,20080401,Other Markets in North Asia,64.0,0,,
2008,5,20080501,Other Markets in North Asia,72.0,0,,
2008,6,20080601,Other Markets in North Asia,74.0,0,,
2008,7,20080701,Other Markets in North Asia,72.0,0,,
2008,8,20080801,Other Markets in North Asia,72.0,0,,
2008,9,20080901,Other Markets in North Asia,36.0,0,,
2008,10,20081001,Other Markets in North Asia,82.0,0,,
2008,11,20081101,Other Markets in North Asia,73.0,0,,
2008,12,20081201,Other Markets in North Asia,53.0,0,,
2009,1,20090101,Other Markets in North Asia,45.0,0,55.0,-18.18
2009,2,20090201,Other Markets in North Asia,63.0,0,31.0,103.23
2009,3,20090301,Other Markets in North Asia,72.0,0,30.0,140.0
2009,4,20090401,Other Markets in North Asia,58.0,0,64.0,-9.38
2009,5,20090501,Other Markets in North Asia,76.0,0,72.0,5.56
2009,6,20090601,Other Markets in North Asia,165.0,0,74.0,122.97
2009,7,20090701,Other Markets in North Asia,89.0,0,72.0,23.61
2009,8,20090801,Other Markets in North Asia,46.0,0,72.0,-36.11
2009,9,20090901,Other Markets in North Asia,56.0,0,36.0,55.56
2009,10,20091001,Other Markets in North Asia,68.0,0,82.0,-17.07
2009,11,20091101,Other Markets in North Asia,44.0,0,73.0,-39.73
2009,12,20091201,Other Markets in North Asia,62.0,0,53.0,16.98
2010,1,20100101,Other Markets in North Asia,51.0,0,45.0,13.33
2010,2,20100201,Other Markets in North Asia,49.0,0,63.0,-22.22
2010,3,20100301,Other Markets in North Asia,66.0,0,72.0,-8.33
2010,4,20100401,Other Markets in North Asia,37.0,0,58.0,-36.21
2010,5,20100501,Other Markets in North Asia,85.0,0,76.0,11.84
2010,6,20100601,Other Markets in North Asia,99.0,0,165.0,-40.0
2010,7,20100701,Other Markets in North Asia,75.0,0,89.0,-15.73
2010,8,20100801,Other Markets in North Asia,80.0,0,46.0,73.91
2010,9,20100901,Other Markets in North Asia,62.0,0,56.0,10.71
2010,10,20101001,Other Markets in North Asia,41.0,0,68.0,-39.71
2010,11,20101101,Other Markets in North Asia,85.0,0,44.0,93.18
2010,12,20101201,Other Markets in North Asia,79.0,0,62.0,27.42
2011,1,20110101,Other Markets in North Asia,53.0,0,51.0,3.92
2011,2,20110201,Other Markets in North Asia,76.0,0,49.0,55.1
2011,3,20110301,Other Markets in North Asia,68.0,0,66.0,3.03
2011,4,20110401,Other Markets in North Asia,77.0,0,37.0,108.11
2011,5,20110501,Other Markets in North Asia,70.0,0,85.0,-17.65
2011,6,20110601,Other Markets in North Asia,61.0,0,99.0,-38.38
2011,7,20110701,Other Markets in North Asia,184.0,0,75.0,145.33
2011,8,20110801,Other Markets in North Asia,74.0,0,80.0,-7.5
2011,9,20110901,Other Markets in North Asia,46.0,0,62.0,-25.81
2011,10,20111001,Other Markets in North Asia,106.0,0,41.0,158.54
2011,11,20111101,Other Markets in North Asia,48.0,0,85.0,-43.53
2011,12,20111201,Other Markets in North Asia,36.0,0,79.0,-54.43
2012,1,20120101,Other Markets in North Asia,78.0,0,53.0,47.17
2012,2,20120201,Other Markets in North Asia,73.0,0,76.0,-3.95
2012,3,20120301,Other Markets in North Asia,126.0,0,68.0,85.29
2012,4,20120401,Other Markets in North Asia,101.0,0,77.0,31.17
2012,5,20120501,Other Markets in North Asia,88.0,0,70.0,25.71
2012,6,20120601,Other Markets in North Asia,34.0,0,61.0,-44.26
2012,7,20120701,Other Markets in North Asia,77.0,0,184.0,-58.15
2012,8,20120801,Other Markets in North Asia,157.0,0,74.0,112.16
2012,9,20120901,Other Markets in North Asia,119.0,0,46.0,158.7
2012,10,20121001,Other Markets in North Asia,304.0,0,106.0,186.79
2012,11,20121101,Other Markets in North Asia,225.0,0,48.0,368.75
2012,12,20121201,Other Markets in North Asia,139.0,0,36.0,286.11
2013,1,20130101,Other Markets in North Asia,108.0,0,78.0,38.46
2013,2,20130201,Other Markets in North Asia,60.0,0,73.0,-17.81
2013,3,20130301,Other Markets in North Asia,103.0,0,126.0,-18.25
2013,4,20130401,Other Markets in North Asia,49.0,0,101.0,-51.49
2013,5,20130501,Other Markets in North Asia,96.0,0,88.0,9.09
2013,6,20130601,Other Markets in North Asia,124.0,0,34.0,264.71
2013,7,20130701,Other Markets in North Asia,113.0,0,77.0,46.75
2013,8,20130801,Other Markets in North Asia,176.0,0,157.0,12.1
2013,9,20130901,Other Markets in North Asia,144.0,0,119.0,21.01
2013,10,20131001,Other Markets in North Asia,91.0,0,304.0,-70.07
2013,11,20131101,Other Markets in North Asia,78.0,0,225.0,-65.33
2013,12,20131201,Other Markets in North Asia,48.0,0,139.0,-65.47
2014,1,20140101,Other Markets in North Asia,36.0,0,108.0,-66.67
2014,2,20140201,Other Markets in North Asia,62.0,0,60.0,3.33
2014,3,20140301,Other Markets in North Asia,107.0,0,103.0,3.88
2014,4,20140401,Other Markets in North Asia,63.0,0,49.0,28.57
2014,5,20140501,Other Markets in North Asia,41.0,0,96.0,-57.29
2014,6,20140601,Other Markets in North Asia,52.0,0,124.0,-58.06
2014,7,20140701,Other Markets in North Asia,70.0,0,113.0,-38.05
2014,8,20140801,Other Markets in North Asia,90.0,0,176.0,-48.86
2014,9,20140901,Other Markets in North Asia,41.0,0,144.0,-71.53
2014,10,20141001,Other Markets in North Asia,53.0,0,91.0,-41.76
2014,11,20141101,Other Markets in North Asia,75.0,0,78.0,-3.85
2014,12,20141201,Other Markets in North Asia,42.0,0,48.0,-12.5
2015,1,20150101,Other Markets in North Asia,61.0,0,36.0,69.44
2015,2,20150201,Other Markets in North Asia,51.0,0,62.0,-17.74
2015,3,20150301,Other Markets in North Asia,48.0,0,107.0,-55.14
2015,4,20150401,Other Markets in North Asia,60.0,0,63.0,-4.76
2015,5,20150501,Other Markets in North Asia,55.0,0,41.0,34.15
2015,6,20150601,Other Markets in North Asia,91.0,0,52.0,75.0
2015,7,20150701,Other Markets in North Asia,72.0,0,70.0,2.86
2015,8,20150801,Other Markets in North Asia,139.0,0,90.0,54.44
2015,9,20150901,Other Markets in North Asia,70.0,0,41.0,70.73
2015,10,20151001,Other Markets in North Asia,41.0,0,53.0,-22.64
2015,11,20151101,Other Markets in North Asia,67.0,0,75.0,-10.67
2015,12,20151201,Other Markets in North Asia,97.0,0,42.0,130.95
2016,1,20160101,Other Markets in North Asia,31.0,0,61.0,-49.18
2016,2,20160201,Other Markets in North Asia,53.0,0,51.0,3.92
2016,3,20160301,Other Markets in North Asia,54.0,0,48.0,12.5
2016,4,20160401,Other Markets in North Asia,42.0,0,60.0,-30.0
2016,5,20160501,Other Markets in North Asia,27.0,0,55.0,-50.91
2016,6,20160601,Other Markets in North Asia,44.0,0,91.0,-51.65
2016,7,20160701,Other Markets in North Asia,65.0,0,72.0,-9.72
2016,8,20160801,Other Markets in North Asia,41.0,0,139.0,-70.5
2016,9,20160901,Other Markets in North Asia,96.0,0,70.0,37.14
2016,10,20161001,Other Markets in North Asia,8.0,0,41.0,-80.49
2016,11,20161101,Other Markets in North Asia,30.0,0,67.0,-55.22
2016,12,20161201,Other Markets in North Asia,16.0,0,97.0,-83.51
2017,1,20170101,Other Markets in North Asia,19.0,0,31.0,-38.71
2017,2,20170201,Other Markets in North Asia,15.0,0,53.0,-71.7
2017,3,20170301,Other Markets in North Asia,8.0,0,54.0,-85.19
2017,4,20170401,Other Markets in North Asia,7.0,0,42.0,-83.33
2017,5,20170501,Other Markets in North Asia,24.0,0,27.0,-11.11
2017,6,20170601,Other Markets in North Asia,8.0,0,44.0,-81.82
2017,7,20170701,Other Markets in North Asia,13.0,0,65.0,-80.0
2017,8,20170801,Other Markets in North Asia,14.0,0,41.0,-65.85
2017,9,20170901,Other Markets in North Asia,15.0,0,96.0,-84.38
2017,10,20171001,Other Markets in North Asia,6.0,0,8.0,-25.0
2017,11,20171101,Other Markets in North Asia,16.0,0,30.0,-46.67
2017,12,20171201,Other Markets in North Asia,35.0,0,16.0,118.75
2018,1,20180101,Other Markets in North Asia,21.0,0,19.0,10.53
2018,2,20180201,Other Markets in North Asia,15.0,0,15.0,0.0
2018,3,20180301,Other Markets in North Asia,15.0,0,8.0,87.5
2018,4,20180401,Other Markets in North Asia,23.0,0,7.0,228.57
2018,5,20180501,Other Markets in North Asia,31.0,0,24.0,29.17
2018,6,20180601,Other Markets in North Asia,209.0,0,8.0,2512.5
2018,7,20180701,Other Markets in North Asia,19.0,0,13.0,46.15
2018,8,20180801,Other Markets in North Asia,49.0,0,14.0,250.0
2018,9,20180901,Other Markets in North Asia,19.0,0,15.0,26.67
2018,10,20181001,Other Markets in North Asia,21.0,0,6.0,250.0
2018,11,20181101,Other Markets in North Asia,32.0,0,16.0,100.0
2018,12,20181201,Other Markets in North Asia,27.0,0,35.0,-22.86
2019,1,20190101,Other Markets in North Asia,21.0,0,21.0,0.0
2019,2,20190201,Other Markets in North Asia,20.0,0,15.0,33.33
2019,3,20190301,Other Markets in North Asia,19.0,0,15.0,26.67
2019,4,20190401,Other Markets in North Asia,12.0,0,23.0,-47.83
2019,5,20190501,Other Markets in North Asia,16.0,0,31.0,-48.39
2019,6,20190601,Other Markets in North Asia,26.0,0,209.0,-87.56
2019,7,20190701,Other Markets in North Asia,22.0,0,19.0,15.79
2019,8,20190801,Other Markets in North Asia,15.0,0,49.0,-69.39
2019,9,20190901,Other Markets in North Asia,32.0,0,19.0,68.42
2019,10,20191001,Other Markets in North Asia,3.0,0,21.0,-85.71
2019,11,20191101,Other Markets in North Asia,4.0,0,32.0,-87.5
2019,12,20191201,Other Markets in North Asia,7.0,0,27.0,-74.07
2023,1,20230101,Other Markets in North Asia,131.0,0,21.0,523.81
2023,2,20230201,Other Markets in North Asia,173.0,0,20.0,765.0
2023,3,20230301,Other Markets in North Asia,105.0,0,19.0,452.63
2023,4,20230401,Other Markets in North Asia,98.0,0,12.0,716.67
2023,5,20230501,Other Markets in North Asia,86.0,0,16.0,437.5
2023,6,20230601,Other Markets in North Asia,91.0,0,26.0,250.0
2023,7,20230701,Other Markets in North Asia,171.0,0,22.0,677.27
2023,8,20230801,Other Markets in North Asia,185.0,0,15.0,1133.33
2023,9,20230901,Other Markets in North Asia,122.0,0,32.0,281.25
2023,10,20231001,Other Markets in North Asia,124.0,0,3.0,4033.33
2023,11,20231101,Other Markets in North Asia,128.0,0,4.0,3100.0
2023,12,20231201,Other Markets in North Asia,123.0,0,7.0,1657.14
2024,1,20240101,Other Markets in North Asia,210.0,0,131.0,60.31
2024,2,20240201,Other Markets in North Asia,187.0,0,173.0,8.09
2024,3,20240301,Other Markets in North Asia,100.0,0,105.0,-4.76
2024,4,20240401,Other Markets in North Asia,79.0,0,98.0,-19.39
2024,5,20240501,Other Markets in North Asia,66.0,0,86.0,-23.26
2024,6,20240601,Other Markets in North Asia,49.0,0,91.0,-46.15
2024,7,20240701,Other Markets in North Asia,113.0,0,171.0,-33.92
2024,8,20240801,Other Markets in North Asia,111.0,0,185.0,-40.0
2024,9,20240901,Other Markets in North Asia,89.0,0,122.0,-27.05
2024,10,20241001,Other Markets in North Asia,102.0,0,124.0,-17.74
2024,11,20241101,Other Markets in North Asia,112.0,0,128.0,-12.5
2024,12,20241201,Other Markets in North Asia,90.0,0,123.0,-26.83
2025,1,20250101,Other Markets in North Asia,175.0,0,210.0,-16.67
2025,2,20250201,Other Markets in North Asia,132.0,0,187.0,-29.41
2025,3,20250301,Other Markets in North Asia,96.0,0,100.0,-4.0
2025,4,20250401,Other Markets in North Asia,55.0,0,79.0,-30.38
2025,5,20250501,Other Markets in North Asia,89.0,0,66.0,34.85
2025,6,20250601,Other Markets in North Asia,70.0,0,49.0,42.86
2025,7,20250701,Other Markets in North Asia,153.0,0,113.0,35.4
2025,8,20250801,Other Markets in North Asia,137.0,0,111.0,23.42
2025,9,20250901,Other Markets in North Asia,75.0,0,89.0,-15.73
2025,10,20251001,Other Markets in North Asia,93.0,0,102.0,-8.82
2025,11,20251101,Other Markets in North Asia,72.0,0,112.0,-35.71
2025,12,20251201,Other Markets in North Asia,89.0,0,90.0,-1.11
2026,1,20260101,Other Markets in North Asia,145.0,0,175.0,-17.14
2026,2,20260201,Other Markets in North Asia,113.0,0,132.0,-14.39
2026,3,20260301,Other Markets in North Asia,62.0,0,96.0,-35.42
2026,4,20260401,Other Markets in North Asia,31.0,0,55.0,-43.64
2026,5,20260501,Other Markets in North Asia,51.0,0,89.0,-42.7
2026,6,20260601,Other Markets in North Asia,53.0,0,70.0,-24.29
2026,7,20260701,Other Markets in North Asia,89.0,0,153.0,-41.83
2008,1,20080101,Other Markets in Oceania,1250.0,0,,
2008,2,20080201,Other Markets in Oceania,1000.0,0,,
2008,3,20080301,Other Markets in Oceania,1214.0,0,,
2008,4,20080401,Other Markets in Oceania,987.0,0,,
2008,5,20080501,Other Markets in Oceania,1131.0,0,,
2008,6,20080601,Other Markets in Oceania,1063.0,0,,
2008,7,20080701,Other Markets in Oceania,1034.0,0,,
2008,8,20080801,Other Markets in Oceania,996.0,0,,
2008,9,20080901,Other Markets in Oceania,1008.0,0,,
2008,10,20081001,Other Markets in Oceania,1226.0,0,,
2008,11,20081101,Other Markets in Oceania,1090.0,0,,
2008,12,20081201,Other Markets in Oceania,1080.0,0,,
2009,1,20090101,Other Markets in Oceania,1098.0,0,1250.0,-12.16
2009,2,20090201,Other Markets in Oceania,874.0,0,1000.0,-12.6
2009,3,20090301,Other Markets in Oceania,954.0,0,1214.0,-21.42
2009,4,20090401,Other Markets in Oceania,1053.0,0,987.0,6.69
2009,5,20090501,Other Markets in Oceania,901.0,0,1131.0,-20.34
2009,6,20090601,Other Markets in Oceania,1019.0,0,1063.0,-4.14
2009,7,20090701,Other Markets in Oceania,1020.0,0,1034.0,-1.35
2009,8,20090801,Other Markets in Oceania,982.0,0,996.0,-1.41
2009,9,20090901,Other Markets in Oceania,1038.0,0,1008.0,2.98
2009,10,20091001,Other Markets in Oceania,1053.0,0,1226.0,-14.11
2009,11,20091101,Other Markets in Oceania,1187.0,0,1090.0,8.9
2009,12,20091201,Other Markets in Oceania,1235.0,0,1080.0,14.35
2010,1,20100101,Other Markets in Oceania,1231.0,0,1098.0,12.11
2010,2,20100201,Other Markets in Oceania,829.0,0,874.0,-5.15
2010,3,20100301,Other Markets in Oceania,1031.0,0,954.0,8.07
2010,4,20100401,Other Markets in Oceania,1027.0,0,1053.0,-2.47
2010,5,20100501,Other Markets in Oceania,1022.0,0,901.0,13.43
2010,6,20100601,Other Markets in Oceania,1276.0,0,1019.0,25.22
2010,7,20100701,Other Markets in Oceania,1072.0,0,1020.0,5.1
2010,8,20100801,Other Markets in Oceania,952.0,0,982.0,-3.05
2010,9,20100901,Other Markets in Oceania,1072.0,0,1038.0,3.28
2010,10,20101001,Other Markets in Oceania,1181.0,0,1053.0,12.16
2010,11,20101101,Other Markets in Oceania,1071.0,0,1187.0,-9.77
2010,12,20101201,Other Markets in Oceania,1004.0,0,1235.0,-18.7
2011,1,20110101,Other Markets in Oceania,1208.0,0,1231.0,-1.87
2011,2,20110201,Other Markets in Oceania,923.0,0,829.0,11.34
2011,3,20110301,Other Markets in Oceania,982.0,0,1031.0,-4.75
2011,4,20110401,Other Markets in Oceania,1079.0,0,1027.0,5.06
2011,5,20110501,Other Markets in Oceania,1117.0,0,1022.0,9.3
2011,6,20110601,Other Markets in Oceania,1384.0,0,1276.0,8.46
2011,7,20110701,Other Markets in Oceania,1337.0,0,1072.0,24.72
2011,8,20110801,Other Markets in Oceania,1058.0,0,952.0,11.13
2011,9,20110901,Other Markets in Oceania,1213.0,0,1072.0,13.15
2011,10,20111001,Other Markets in Oceania,1238.0,0,1181.0,4.83
2011,11,20111101,Other Markets in Oceania,1455.0,0,1071.0,35.85
2011,12,20111201,Other Markets in Oceania,1389.0,0,1004.0,38.35
2012,1,20120101,Other Markets in Oceania,1176.0,0,1208.0,-2.65
2012,2,20120201,Other Markets in Oceania,975.0,0,923.0,5.63
2012,3,20120301,Other Markets in Oceania,1169.0,0,982.0,19.04
2012,4,20120401,Other Markets in Oceania,1161.0,0,1079.0,7.6
2012,5,20120501,Other Markets in Oceania,1266.0,0,1117.0,13.34
2012,6,20120601,Other Markets in Oceania,1284.0,0,1384.0,-7.23
2012,7,20120701,Other Markets in Oceania,1377.0,0,1337.0,2.99
2012,8,20120801,Other Markets in Oceania,1004.0,0,1058.0,-5.1
2012,9,20120901,Other Markets in Oceania,1366.0,0,1213.0,12.61
2012,10,20121001,Other Markets in Oceania,1280.0,0,1238.0,3.39
2012,11,20121101,Other Markets in Oceania,1343.0,0,1455.0,-7.7
2012,12,20121201,Other Markets in Oceania,1704.0,0,1389.0,22.68
2013,1,20130101,Other Markets in Oceania,1369.0,0,1176.0,16.41
2013,2,20130201,Other Markets in Oceania,984.0,0,975.0,0.92
2013,3,20130301,Other Markets in Oceania,1173.0,0,1169.0,0.34
2013,4,20130401,Other Markets in Oceania,1218.0,0,1161.0,4.91
2013,5,20130501,Other Markets in Oceania,1241.0,0,1266.0,-1.97
2013,6,20130601,Other Markets in Oceania,1494.0,0,1284.0,16.36
2013,7,20130701,Other Markets in Oceania,1284.0,0,1377.0,-6.75
2013,8,20130801,Other Markets in Oceania,1168.0,0,1004.0,16.33
2013,9,20130901,Other Markets in Oceania,1238.0,0,1366.0,-9.37
2013,10,20131001,Other Markets in Oceania,1277.0,0,1280.0,-0.23
2013,11,20131101,Other Markets in Oceania,1457.0,0,1343.0,8.49
2013,12,20131201,Other Markets in Oceania,1619.0,0,1704.0,-4.99
2014,1,20140101,Other Markets in Oceania,1401.0,0,1369.0,2.34
2014,2,20140201,Other Markets in Oceania,909.0,0,984.0,-7.62
2014,3,20140301,Other Markets in Oceania,1127.0,0,1173.0,-3.92
2014,4,20140401,Other Markets in Oceania,1147.0,0,1218.0,-5.83
2014,5,20140501,Other Markets in Oceania,1105.0,0,1241.0,-10.96
2014,6,20140601,Other Markets in Oceania,1241.0,0,1494.0,-16.93
2014,7,20140701,Other Markets in Oceania,1238.0,0,1284.0,-3.58
2014,8,20140801,Other Markets in Oceania,1131.0,0,1168.0,-3.17
2014,9,20140901,Other Markets in Oceania,1199.0,0,1238.0,-3.15
2014,10,20141001,Other Markets in Oceania,1175.0,0,1277.0,-7.99
2014,11,20141101,Other Markets in Oceania,1272.0,0,1457.0,-12.7
2014,12,20141201,Other Markets in Oceania,1399.0,0,1619.0,-13.59
2015,1,20150101,Other Markets in Oceania,1360.0,0,1401.0,-2.93
2015,2,20150201,Other Markets in Oceania,918.0,0,909.0,0.99
2015,3,20150301,Other Markets in Oceania,1199.0,0,1127.0,6.39
2015,4,20150401,Other Markets in Oceania,1040.0,0,1147.0,-9.33
2015,5,20150501,Other Markets in Oceania,1185.0,0,1105.0,7.24
2015,6,20150601,Other Markets in Oceania,1346.0,0,1241.0,8.46
2015,7,20150701,Other Markets in Oceania,1215.0,0,1238.0,-1.86
2015,8,20150801,Other Markets in Oceania,1096.0,0,1131.0,-3.09
2015,9,20150901,Other Markets in Oceania,1113.0,0,1199.0,-7.17
2015,10,20151001,Other Markets in Oceania,1358.0,0,1175.0,15.57
2015,11,20151101,Other Markets in Oceania,1606.0,0,1272.0,26.26
2015,12,20151201,Other Markets in Oceania,1658.0,0,1399.0,18.51
2016,1,20160101,Other Markets in Oceania,1321.0,0,1360.0,-2.87
2016,2,20160201,Other Markets in Oceania,999.0,0,918.0,8.82
2016,3,20160301,Other Markets in Oceania,1064.0,0,1199.0,-11.26
2016,4,20160401,Other Markets in Oceania,2083.0,0,1040.0,100.29
2016,5,20160501,Other Markets in Oceania,1708.0,0,1185.0,44.14
2016,6,20160601,Other Markets in Oceania,1750.0,0,1346.0,30.01
2016,7,20160701,Other Markets in Oceania,1670.0,0,1215.0,37.45
2016,8,20160801,Other Markets in Oceania,1529.0,0,1096.0,39.51
2016,9,20160901,Other Markets in Oceania,1676.0,0,1113.0,50.58
2016,10,20161001,Other Markets in Oceania,1618.0,0,1358.0,19.15
2016,11,20161101,Other Markets in Oceania,1699.0,0,1606.0,5.79
2016,12,20161201,Other Markets in Oceania,2537.0,0,1658.0,53.02
2017,1,20170101,Other Markets in Oceania,2011.0,0,1321.0,52.23
2017,2,20170201,Other Markets in Oceania,1457.0,0,999.0,45.85
2017,3,20170301,Other Markets in Oceania,1542.0,0,1064.0,44.92
2017,4,20170401,Other Markets in Oceania,2104.0,0,2083.0,1.01
2017,5,20170501,Other Markets in Oceania,1685.0,0,1708.0,-1.35
2017,6,20170601,Other Markets in Oceania,1614.0,0,1750.0,-7.77
2017,7,20170701,Other Markets in Oceania,1830.0,0,1670.0,9.58
2017,8,20170801,Other Markets in Oceania,1864.0,0,1529.0,21.91
2017,9,20170901,Other Markets in Oceania,1845.0,0,1676.0,10.08
2017,10,20171001,Other Markets in Oceania,1804.0,0,1618.0,11.5
2017,11,20171101,Other Markets in Oceania,2020.0,0,1699.0,18.89
2017,12,20171201,Other Markets in Oceania,2671.0,0,2537.0,5.28
2018,1,20180101,Other Markets in Oceania,1900.0,0,2011.0,-5.52
2018,2,20180201,Other Markets in Oceania,1333.0,0,1457.0,-8.51
2018,3,20180301,Other Markets in Oceania,1677.0,0,1542.0,8.75
2018,4,20180401,Other Markets in Oceania,2183.0,0,2104.0,3.75
2018,5,20180501,Other Markets in Oceania,1626.0,0,1685.0,-3.5
2018,6,20180601,Other Markets in Oceania,1857.0,0,1614.0,15.06
2018,7,20180701,Other Markets in Oceania,1879.0,0,1830.0,2.68
2018,8,20180801,Other Markets in Oceania,1541.0,0,1864.0,-17.33
2018,9,20180901,Other Markets in Oceania,1718.0,0,1845.0,-6.88
2018,10,20181001,Other Markets in Oceania,1785.0,0,1804.0,-1.05
2018,11,20181101,Other Markets in Oceania,1889.0,0,2020.0,-6.49
2018,12,20181201,Other Markets in Oceania,2814.0,0,2671.0,5.35
2019,1,20190101,Other Markets in Oceania,2019.0,0,1900.0,6.26
2019,2,20190201,Other Markets in Oceania,1424.0,0,1333.0,6.83
2019,3,20190301,Other Markets in Oceania,1781.0,0,1677.0,6.2
2019,4,20190401,Other Markets in Oceania,2544.0,0,2183.0,16.54
2019,5,20190501,Other Markets in Oceania,1729.0,0,1626.0,6.33
2019,6,20190601,Other Markets in Oceania,1991.0,0,1857.0,7.22
2019,7,20190701,Other Markets in Oceania,2041.0,0,1879.0,8.62
2019,8,20190801,Other Markets in Oceania,1860.0,0,1541.0,20.7
2019,9,20190901,Other Markets in Oceania,2038.0,0,1718.0,18.63
2019,10,20191001,Other Markets in Oceania,1727.0,0,1785.0,-3.25
2019,11,20191101,Other Markets in Oceania,2216.0,0,1889.0,17.31
2019,12,20191201,Other Markets in Oceania,2773.0,0,2814.0,-1.46
2023,1,20230101,Other Markets in Oceania,3140.0,0,2019.0,55.52
2023,2,20230201,Other Markets in Oceania,2559.0,0,1424.0,79.71
2023,3,20230301,Other Markets in Oceania,2688.0,0,1781.0,50.93
2023,4,20230401,Other Markets in Oceania,2739.0,0,2544.0,7.67
2023,5,20230501,Other Markets in Oceania,3227.0,0,1729.0,86.64
2023,6,20230601,Other Markets in Oceania,3793.0,0,1991.0,90.51
2023,7,20230701,Other Markets in Oceania,3119.0,0,2041.0,52.82
2023,8,20230801,Other Markets in Oceania,2687.0,0,1860.0,44.46
2023,9,20230901,Other Markets in Oceania,3464.0,0,2038.0,69.97
2023,10,20231001,Other Markets in Oceania,3511.0,0,1727.0,103.3
2023,11,20231101,Other Markets in Oceania,3099.0,0,2216.0,39.85
2023,12,20231201,Other Markets in Oceania,3963.0,0,2773.0,42.91
2024,1,20240101,Other Markets in Oceania,4810.0,0,3140.0,53.18
2024,2,20240201,Other Markets in Oceania,2630.0,0,2559.0,2.77
2024,3,20240301,Other Markets in Oceania,2727.0,0,2688.0,1.45
2024,4,20240401,Other Markets in Oceania,2694.0,0,2739.0,-1.64
2024,5,20240501,Other Markets in Oceania,3008.0,0,3227.0,-6.79
2024,6,20240601,Other Markets in Oceania,2758.0,0,3793.0,-27.29
2024,7,20240701,Other Markets in Oceania,3155.0,0,3119.0,1.15
2024,8,20240801,Other Markets in Oceania,2972.0,0,2687.0,10.61
2024,9,20240901,Other Markets in Oceania,3443.0,0,3464.0,-0.61
2024,10,20241001,Other Markets in Oceania,3572.0,0,3511.0,1.74
2024,11,20241101,Other Markets in Oceania,3715.0,0,3099.0,19.88
2024,12,20241201,Other Markets in Oceania,4083.0,0,3963.0,3.03
2025,1,20250101,Other Markets in Oceania,3678.0,0,4810.0,-23.53
2025,2,20250201,Other Markets in Oceania,2771.0,0,2630.0,5.36
2025,3,20250301,Other Markets in Oceania,2390.0,0,2727.0,-12.36
2025,4,20250401,Other Markets in Oceania,2720.0,0,2694.0,0.97
2025,5,20250501,Other Markets in Oceania,3239.0,0,3008.0,7.68
2025,6,20250601,Other Markets in Oceania,3120.0,0,2758.0,13.13
2025,7,20250701,Other Markets in Oceania,2968.0,0,3155.0,-5.93
2025,8,20250801,Other Markets in Oceania,2750.0,0,2972.0,-7.47
2025,9,20250901,Other Markets in Oceania,3040.0,0,3443.0,-11.7
2025,10,20251001,Other Markets in Oceania,2991.0,0,3572.0,-16.27
2025,11,20251101,Other Markets in Oceania,3095.0,0,3715.0,-16.69
2025,12,20251201,Other Markets in Oceania,3341.0,0,4083.0,-18.17
2026,1,20260101,Other Markets in Oceania,3568.0,0,3678.0,-2.99
2026,2,20260201,Other Markets in Oceania,2245.0,0,2771.0,-18.98
2026,3,20260301,Other Markets in Oceania,2249.0,0,2390.0,-5.9
2026,4,20260401,Other Markets in Oceania,2474.0,0,2720.0,-9.04
2026,5,20260501,Other Markets in Oceania,2415.0,0,3239.0,-25.44
2026,6,20260601,Other Markets in Oceania,2909.0,0,3120.0,-6.76
2026,7,20260701,Other Markets in Oceania,2569.0,0,2968.0,-13.44
2008,1,20080101,Other Markets in South Asia,2660.0,0,,
2008,2,20080201,Other Markets in South Asia,2272.0,0,,
2008,3,20080301,Other Markets in South Asia,2570.0,0,,
2008,4,20080401,Other Markets in South Asia,2531.0,0,,
2008,5,20080501,Other Markets in South Asia,2677.0,0,,
2008,6,20080601,Other Markets in South Asia,2865.0,0,,
2008,7,20080701,Other Markets in South Asia,2482.0,0,,
2008,8,20080801,Other Markets in South Asia,2760.0,0,,
2008,9,20080901,Other Markets in South Asia,2022.0,0,,
2008,10,20081001,Other Markets in South Asia,2198.0,0,,
2008,11,20081101,Other Markets in South Asia,2207.0,0,,
2008,12,20081201,Other Markets in South Asia,2942.0,0,,
2009,1,20090101,Other Markets in South Asia,2488.0,0,2660.0,-6.47
2009,2,20090201,Other Markets in South Asia,1644.0,0,2272.0,-27.64
2009,3,20090301,Other Markets in South Asia,2007.0,0,2570.0,-21.91
2009,4,20090401,Other Markets in South Asia,1907.0,0,2531.0,-24.65
2009,5,20090501,Other Markets in South Asia,1698.0,0,2677.0,-36.57
2009,6,20090601,Other Markets in South Asia,2015.0,0,2865.0,-29.67
2009,7,20090701,Other Markets in South Asia,1928.0,0,2482.0,-22.32
2009,8,20090801,Other Markets in South Asia,1924.0,0,2760.0,-30.29
2009,9,20090901,Other Markets in South Asia,1955.0,0,2022.0,-3.31
2009,10,20091001,Other Markets in South Asia,1902.0,0,2198.0,-13.47
2009,11,20091101,Other Markets in South Asia,2084.0,0,2207.0,-5.57
2009,12,20091201,Other Markets in South Asia,2800.0,0,2942.0,-4.83
2010,1,20100101,Other Markets in South Asia,2500.0,0,2488.0,0.48
2010,2,20100201,Other Markets in South Asia,1761.0,0,1644.0,7.12
2010,3,20100301,Other Markets in South Asia,2054.0,0,2007.0,2.34
2010,4,20100401,Other Markets in South Asia,2001.0,0,1907.0,4.93
2010,5,20100501,Other Markets in South Asia,2001.0,0,1698.0,17.84
2010,6,20100601,Other Markets in South Asia,1896.0,0,2015.0,-5.91
2010,7,20100701,Other Markets in South Asia,2137.0,0,1928.0,10.84
2010,8,20100801,Other Markets in South Asia,1761.0,0,1924.0,-8.47
2010,9,20100901,Other Markets in South Asia,1529.0,0,1955.0,-21.79
2010,10,20101001,Other Markets in South Asia,2106.0,0,1902.0,10.73
2010,11,20101101,Other Markets in South Asia,1938.0,0,2084.0,-7.01
2010,12,20101201,Other Markets in South Asia,2417.0,0,2800.0,-13.68
2011,1,20110101,Other Markets in South Asia,1927.0,0,2500.0,-22.92
2011,2,20110201,Other Markets in South Asia,1669.0,0,1761.0,-5.22
2011,3,20110301,Other Markets in South Asia,1659.0,0,2054.0,-19.23
2011,4,20110401,Other Markets in South Asia,1611.0,0,2001.0,-19.49
2011,5,20110501,Other Markets in South Asia,1674.0,0,2001.0,-16.34
2011,6,20110601,Other Markets in South Asia,1821.0,0,1896.0,-3.96
2011,7,20110701,Other Markets in South Asia,1797.0,0,2137.0,-15.91
2011,8,20110801,Other Markets in South Asia,1712.0,0,1761.0,-2.78
2011,9,20110901,Other Markets in South Asia,1723.0,0,1529.0,12.69
2011,10,20111001,Other Markets in South Asia,2065.0,0,2106.0,-1.95
2011,11,20111101,Other Markets in South Asia,1927.0,0,1938.0,-0.57
2011,12,20111201,Other Markets in South Asia,2189.0,0,2417.0,-9.43
2012,1,20120101,Other Markets in South Asia,1942.0,0,1927.0,0.78
2012,2,20120201,Other Markets in South Asia,1589.0,0,1669.0,-4.79
2012,3,20120301,Other Markets in South Asia,1662.0,0,1659.0,0.18
2012,4,20120401,Other Markets in South Asia,1837.0,0,1611.0,14.03
2012,5,20120501,Other Markets in South Asia,1790.0,0,1674.0,6.93
2012,6,20120601,Other Markets in South Asia,1729.0,0,1821.0,-5.05
2012,7,20120701,Other Markets in South Asia,1678.0,0,1797.0,-6.62
2012,8,20120801,Other Markets in South Asia,1734.0,0,1712.0,1.29
2012,9,20120901,Other Markets in South Asia,1629.0,0,1723.0,-5.46
2012,10,20121001,Other Markets in South Asia,2496.0,0,2065.0,20.87
2012,11,20121101,Other Markets in South Asia,1817.0,0,1927.0,-5.71
2012,12,20121201,Other Markets in South Asia,2331.0,0,2189.0,6.49
2013,1,20130101,Other Markets in South Asia,2105.0,0,1942.0,8.39
2013,2,20130201,Other Markets in South Asia,1468.0,0,1589.0,-7.61
2013,3,20130301,Other Markets in South Asia,1774.0,0,1662.0,6.74
2013,4,20130401,Other Markets in South Asia,1610.0,0,1837.0,-12.36
2013,5,20130501,Other Markets in South Asia,1620.0,0,1790.0,-9.5
2013,6,20130601,Other Markets in South Asia,1943.0,0,1729.0,12.38
2013,7,20130701,Other Markets in South Asia,1513.0,0,1678.0,-9.83
2013,8,20130801,Other Markets in South Asia,1893.0,0,1734.0,9.17
2013,9,20130901,Other Markets in South Asia,1324.0,0,1629.0,-18.72
2013,10,20131001,Other Markets in South Asia,2192.0,0,2496.0,-12.18
2013,11,20131101,Other Markets in South Asia,1626.0,0,1817.0,-10.51
2013,12,20131201,Other Markets in South Asia,2376.0,0,2331.0,1.93
2014,1,20140101,Other Markets in South Asia,2030.0,0,2105.0,-3.56
2014,2,20140201,Other Markets in South Asia,1722.0,0,1468.0,17.3
2014,3,20140301,Other Markets in South Asia,1795.0,0,1774.0,1.18
2014,4,20140401,Other Markets in South Asia,2052.0,0,1610.0,27.45
2014,5,20140501,Other Markets in South Asia,1762.0,0,1620.0,8.77
2014,6,20140601,Other Markets in South Asia,2238.0,0,1943.0,15.18
2014,7,20140701,Other Markets in South Asia,1912.0,0,1513.0,26.37
2014,8,20140801,Other Markets in South Asia,2156.0,0,1893.0,13.89
2014,9,20140901,Other Markets in South Asia,2091.0,0,1324.0,57.93
2014,10,20141001,Other Markets in South Asia,2632.0,0,2192.0,20.07
2014,11,20141101,Other Markets in South Asia,1950.0,0,1626.0,19.93
2014,12,20141201,Other Markets in South Asia,2745.0,0,2376.0,15.53
2015,1,20150101,Other Markets in South Asia,2362.0,0,2030.0,16.35
2015,2,20150201,Other Markets in South Asia,1743.0,0,1722.0,1.22
2015,3,20150301,Other Markets in South Asia,2190.0,0,1795.0,22.01
2015,4,20150401,Other Markets in South Asia,2101.0,0,2052.0,2.39
2015,5,20150501,Other Markets in South Asia,1722.0,0,1762.0,-2.27
2015,6,20150601,Other Markets in South Asia,2124.0,0,2238.0,-5.09
2015,7,20150701,Other Markets in South Asia,2268.0,0,1912.0,18.62
2015,8,20150801,Other Markets in South Asia,2611.0,0,2156.0,21.1
2015,9,20150901,Other Markets in South Asia,2695.0,0,2091.0,28.89
2015,10,20151001,Other Markets in South Asia,3318.0,0,2632.0,26.06
2015,11,20151101,Other Markets in South Asia,2702.0,0,1950.0,38.56
2015,12,20151201,Other Markets in South Asia,3511.0,0,2745.0,27.91
2016,1,20160101,Other Markets in South Asia,2483.0,0,2362.0,5.12
2016,2,20160201,Other Markets in South Asia,2005.0,0,1743.0,15.03
2016,3,20160301,Other Markets in South Asia,2162.0,0,2190.0,-1.28
2016,4,20160401,Other Markets in South Asia,2454.0,0,2101.0,16.8
2016,5,20160501,Other Markets in South Asia,2628.0,0,1722.0,52.61
2016,6,20160601,Other Markets in South Asia,2254.0,0,2124.0,6.12
2016,7,20160701,Other Markets in South Asia,3064.0,0,2268.0,35.1
2016,8,20160801,Other Markets in South Asia,2971.0,0,2611.0,13.79
2016,9,20160901,Other Markets in South Asia,2622.0,0,2695.0,-2.71
2016,10,20161001,Other Markets in South Asia,4580.0,0,3318.0,38.03
2016,11,20161101,Other Markets in South Asia,3057.0,0,2702.0,13.14
2016,12,20161201,Other Markets in South Asia,4069.0,0,3511.0,15.89
2017,1,20170101,Other Markets in South Asia,3330.0,0,2483.0,34.11
2017,2,20170201,Other Markets in South Asia,2577.0,0,2005.0,28.53
2017,3,20170301,Other Markets in South Asia,2671.0,0,2162.0,23.54
2017,4,20170401,Other Markets in South Asia,2456.0,0,2454.0,0.08
2017,5,20170501,Other Markets in South Asia,2575.0,0,2628.0,-2.02
2017,6,20170601,Other Markets in South Asia,2185.0,0,2254.0,-3.06
2017,7,20170701,Other Markets in South Asia,3236.0,0,3064.0,5.61
2017,8,20170801,Other Markets in South Asia,2964.0,0,2971.0,-0.24
2017,9,20170901,Other Markets in South Asia,3490.0,0,2622.0,33.1
2017,10,20171001,Other Markets in South Asia,3779.0,0,4580.0,-17.49
2017,11,20171101,Other Markets in South Asia,2453.0,0,3057.0,-19.76
2017,12,20171201,Other Markets in South Asia,3810.0,0,4069.0,-6.37
2018,1,20180101,Other Markets in South Asia,3709.0,0,3330.0,11.38
2018,2,20180201,Other Markets in South Asia,2361.0,0,2577.0,-8.38
2018,3,20180301,Other Markets in South Asia,2851.0,0,2671.0,6.74
2018,4,20180401,Other Markets in South Asia,2895.0,0,2456.0,17.87
2018,5,20180501,Other Markets in South Asia,2621.0,0,2575.0,1.79
2018,6,20180601,Other Markets in South Asia,2583.0,0,2185.0,18.22
2018,7,20180701,Other Markets in South Asia,2774.0,0,3236.0,-14.28
2018,8,20180801,Other Markets in South Asia,3480.0,0,2964.0,17.41
2018,9,20180901,Other Markets in South Asia,3030.0,0,3490.0,-13.18
2018,10,20181001,Other Markets in South Asia,4423.0,0,3779.0,17.04
2018,11,20181101,Other Markets in South Asia,2937.0,0,2453.0,19.73
2018,12,20181201,Other Markets in South Asia,3950.0,0,3810.0,3.67
2019,1,20190101,Other Markets in South Asia,3817.0,0,3709.0,2.91
2019,2,20190201,Other Markets in South Asia,2598.0,0,2361.0,10.04
2019,3,20190301,Other Markets in South Asia,2730.0,0,2851.0,-4.24
2019,4,20190401,Other Markets in South Asia,2807.0,0,2895.0,-3.04
2019,5,20190501,Other Markets in South Asia,2218.0,0,2621.0,-15.38
2019,6,20190601,Other Markets in South Asia,3312.0,0,2583.0,28.22
2019,7,20190701,Other Markets in South Asia,3190.0,0,2774.0,15.0
2019,8,20190801,Other Markets in South Asia,3716.0,0,3480.0,6.78
2019,9,20190901,Other Markets in South Asia,3642.0,0,3030.0,20.2
2019,10,20191001,Other Markets in South Asia,4502.0,0,4423.0,1.79
2019,11,20191101,Other Markets in South Asia,3072.0,0,2937.0,4.6
2019,12,20191201,Other Markets in South Asia,4396.0,0,3950.0,11.29
2023,1,20230101,Other Markets in South Asia,2302.0,0,3817.0,-39.69
2023,2,20230201,Other Markets in South Asia,2163.0,0,2598.0,-16.74
2023,3,20230301,Other Markets in South Asia,2272.0,0,2730.0,-16.78
2023,4,20230401,Other Markets in South Asia,2231.0,0,2807.0,-20.52
2023,5,20230501,Other Markets in South Asia,2242.0,0,2218.0,1.08
2023,6,20230601,Other Markets in South Asia,3001.0,0,3312.0,-9.39
2023,7,20230701,Other Markets in South Asia,3414.0,0,3190.0,7.02
2023,8,20230801,Other Markets in South Asia,2863.0,0,3716.0,-22.95
2023,9,20230901,Other Markets in South Asia,2795.0,0,3642.0,-23.26
2023,10,20231001,Other Markets in South Asia,3646.0,0,4502.0,-19.01
2023,11,20231101,Other Markets in South Asia,3156.0,0,3072.0,2.73
2023,12,20231201,Other Markets in South Asia,2997.0,0,4396.0,-31.82
2024,1,20240101,Other Markets in South Asia,3492.0,0,2302.0,51.69
2024,2,20240201,Other Markets in South Asia,2963.0,0,2163.0,36.99
2024,3,20240301,Other Markets in South Asia,2312.0,0,2272.0,1.76
2024,4,20240401,Other Markets in South Asia,2720.0,0,2231.0,21.92
2024,5,20240501,Other Markets in South Asia,3604.0,0,2242.0,60.75
2024,6,20240601,Other Markets in South Asia,3068.0,0,3001.0,2.23
2024,7,20240701,Other Markets in South Asia,2947.0,0,3414.0,-13.68
2024,8,20240801,Other Markets in South Asia,3074.0,0,2863.0,7.37
2024,9,20240901,Other Markets in South Asia,2994.0,0,2795.0,7.12
2024,10,20241001,Other Markets in South Asia,4269.0,0,3646.0,17.09
2024,11,20241101,Other Markets in South Asia,2556.0,0,3156.0,-19.01
2024,12,20241201,Other Markets in South Asia,3320.0,0,2997.0,10.78
2025,1,20250101,Other Markets in South Asia,3241.0,0,3492.0,-7.19
2025,2,20250201,Other Markets in South Asia,2492.0,0,2963.0,-15.9
2025,3,20250301,Other Markets in South Asia,2418.0,0,2312.0,4.58
2025,4,20250401,Other Markets in South Asia,2978.0,0,2720.0,9.49
2025,5,20250501,Other Markets in South Asia,2800.0,0,3604.0,-22.31
2025,6,20250601,Other Markets in South Asia,3300.0,0,3068.0,7.56
2025,7,20250701,Other Markets in South Asia,3332.0,0,2947.0,13.06
2025,8,20250801,Other Markets in South Asia,3310.0,0,3074.0,7.68
2025,9,20250901,Other Markets in South Asia,3425.0,0,2994.0,14.4
2025,10,20251001,Other Markets in South Asia,4021.0,0,4269.0,-5.81
2025,11,20251101,Other Markets in South Asia,2769.0,0,2556.0,8.33
2025,12,20251201,Other Markets in South Asia,2891.0,0,3320.0,-12.92
2026,1,20260101,Other Markets in South Asia,4819.0,0,3241.0,48.69
2026,2,20260201,Other Markets in South Asia,2451.0,0,2492.0,-1.65
2026,3,20260301,Other Markets in South Asia,2143.0,0,2418.0,-11.37
2026,4,20260401,Other Markets in South Asia,2981.0,0,2978.0,0.1
2026,5,20260501,Other Markets in South Asia,2427.0,0,2800.0,-13.32
2026,6,20260601,Other Markets in South Asia,2077.0,0,3300.0,-37.06
2026,7,20260701,Other Markets in South Asia,2951.0,0,3332.0,-11.43
2008,1,20080101,Other Markets in Southeast Asia,2236.0,0,,
2008,2,20080201,Other Markets in Southeast Asia,2457.0,0,,
2008,3,20080301,Other Markets in Southeast Asia,1931.0,0,,
2008,4,20080401,Other Markets in Southeast Asia,4427.0,0,,
2008,5,20080501,Other Markets in Southeast Asia,2892.0,0,,
2008,6,20080601,Other Markets in Southeast Asia,2359.0,0,,
2008,7,20080701,Other Markets in Southeast Asia,2856.0,0,,
2008,8,20080801,Other Markets in Southeast Asia,3140.0,0,,
2008,9,20080901,Other Markets in Southeast Asia,2851.0,0,,
2008,10,20081001,Other Markets in Southeast Asia,2726.0,0,,
2008,11,20081101,Other Markets in Southeast Asia,3000.0,0,,
2008,12,20081201,Other Markets in Southeast Asia,2615.0,0,,
2009,1,20090101,Other Markets in Southeast Asia,2618.0,0,2236.0,17.08
2009,2,20090201,Other Markets in Southeast Asia,2079.0,0,2457.0,-15.38
2009,3,20090301,Other Markets in Southeast Asia,2404.0,0,1931.0,24.5
2009,4,20090401,Other Markets in Southeast Asia,4023.0,0,4427.0,-9.13
2009,5,20090501,Other Markets in Southeast Asia,2941.0,0,2892.0,1.69
2009,6,20090601,Other Markets in Southeast Asia,2184.0,0,2359.0,-7.42
2009,7,20090701,Other Markets in Southeast Asia,2837.0,0,2856.0,-0.67
2009,8,20090801,Other Markets in Southeast Asia,2937.0,0,3140.0,-6.46
2009,9,20090901,Other Markets in Southeast Asia,2689.0,0,2851.0,-5.68
2009,10,20091001,Other Markets in Southeast Asia,2824.0,0,2726.0,3.6
2009,11,20091101,Other Markets in Southeast Asia,2991.0,0,3000.0,-0.3
2009,12,20091201,Other Markets in Southeast Asia,2488.0,0,2615.0,-4.86
2010,1,20100101,Other Markets in Southeast Asia,3130.0,0,2618.0,19.56
2010,2,20100201,Other Markets in Southeast Asia,2786.0,0,2079.0,34.01
2010,3,20100301,Other Markets in Southeast Asia,2599.0,0,2404.0,8.11
2010,4,20100401,Other Markets in Southeast Asia,4705.0,0,4023.0,16.95
2010,5,20100501,Other Markets in Southeast Asia,3723.0,0,2941.0,26.59
2010,6,20100601,Other Markets in Southeast Asia,3364.0,0,2184.0,54.03
2010,7,20100701,Other Markets in Southeast Asia,3756.0,0,2837.0,32.39
2010,8,20100801,Other Markets in Southeast Asia,3528.0,0,2937.0,20.12
2010,9,20100901,Other Markets in Southeast Asia,2719.0,0,2689.0,1.12
2010,10,20101001,Other Markets in Southeast Asia,3771.0,0,2824.0,33.53
2010,11,20101101,Other Markets in Southeast Asia,3326.0,0,2991.0,11.2
2010,12,20101201,Other Markets in Southeast Asia,2723.0,0,2488.0,9.45
2011,1,20110101,Other Markets in Southeast Asia,3104.0,0,3130.0,-0.83
2011,2,20110201,Other Markets in Southeast Asia,3082.0,0,2786.0,10.62
2011,3,20110301,Other Markets in Southeast Asia,2940.0,0,2599.0,13.12
2011,4,20110401,Other Markets in Southeast Asia,4463.0,0,4705.0,-5.14
2011,5,20110501,Other Markets in Southeast Asia,3548.0,0,3723.0,-4.7
2011,6,20110601,Other Markets in Southeast Asia,3112.0,0,3364.0,-7.49
2011,7,20110701,Other Markets in Southeast Asia,4079.0,0,3756.0,8.6
2011,8,20110801,Other Markets in Southeast Asia,3413.0,0,3528.0,-3.26
2011,9,20110901,Other Markets in Southeast Asia,3940.0,0,2719.0,44.91
2011,10,20111001,Other Markets in Southeast Asia,3266.0,0,3771.0,-13.39
2011,11,20111101,Other Markets in Southeast Asia,3725.0,0,3326.0,12.0
2011,12,20111201,Other Markets in Southeast Asia,3332.0,0,2723.0,22.37
2012,1,20120101,Other Markets in Southeast Asia,3332.0,0,3104.0,7.35
2012,2,20120201,Other Markets in Southeast Asia,2818.0,0,3082.0,-8.57
2012,3,20120301,Other Markets in Southeast Asia,3152.0,0,2940.0,7.21
2012,4,20120401,Other Markets in Southeast Asia,5027.0,0,4463.0,12.64
2012,5,20120501,Other Markets in Southeast Asia,3647.0,0,3548.0,2.79
2012,6,20120601,Other Markets in Southeast Asia,3388.0,0,3112.0,8.87
2012,7,20120701,Other Markets in Southeast Asia,4297.0,0,4079.0,5.34
2012,8,20120801,Other Markets in Southeast Asia,3332.0,0,3413.0,-2.37
2012,9,20120901,Other Markets in Southeast Asia,3220.0,0,3940.0,-18.27
2012,10,20121001,Other Markets in Southeast Asia,5059.0,0,3266.0,54.9
2012,11,20121101,Other Markets in Southeast Asia,4069.0,0,3725.0,9.23
2012,12,20121201,Other Markets in Southeast Asia,3550.0,0,3332.0,6.54
2013,1,20130101,Other Markets in Southeast Asia,3419.0,0,3332.0,2.61
2013,2,20130201,Other Markets in Southeast Asia,3453.0,0,2818.0,22.53
2013,3,20130301,Other Markets in Southeast Asia,3467.0,0,3152.0,9.99
2013,4,20130401,Other Markets in Southeast Asia,6049.0,0,5027.0,20.33
2013,5,20130501,Other Markets in Southeast Asia,4679.0,0,3647.0,28.3
2013,6,20130601,Other Markets in Southeast Asia,4179.0,0,3388.0,23.35
2013,7,20130701,Other Markets in Southeast Asia,4775.0,0,4297.0,11.12
2013,8,20130801,Other Markets in Southeast Asia,4062.0,0,3332.0,21.91
2013,9,20130901,Other Markets in Southeast Asia,3776.0,0,3220.0,17.27
2013,10,20131001,Other Markets in Southeast Asia,4706.0,0,5059.0,-6.98
2013,11,20131101,Other Markets in Southeast Asia,4760.0,0,4069.0,16.98
2013,12,20131201,Other Markets in Southeast Asia,4338.0,0,3550.0,22.2
2014,1,20140101,Other Markets in Southeast Asia,4336.0,0,3419.0,26.82
2014,2,20140201,Other Markets in Southeast Asia,4653.0,0,3453.0,34.75
2014,3,20140301,Other Markets in Southeast Asia,3821.0,0,3467.0,10.21
2014,4,20140401,Other Markets in Southeast Asia,6759.0,0,6049.0,11.74
2014,5,20140501,Other Markets in Southeast Asia,5412.0,0,4679.0,15.67
2014,6,20140601,Other Markets in Southeast Asia,4353.0,0,4179.0,4.16
2014,7,20140701,Other Markets in Southeast Asia,5061.0,0,4775.0,5.99
2014,8,20140801,Other Markets in Southeast Asia,4653.0,0,4062.0,14.55
2014,9,20140901,Other Markets in Southeast Asia,5172.0,0,3776.0,36.97
2014,10,20141001,Other Markets in Southeast Asia,3787.0,0,4706.0,-19.53
2014,11,20141101,Other Markets in Southeast Asia,5114.0,0,4760.0,7.44
2014,12,20141201,Other Markets in Southeast Asia,3924.0,0,4338.0,-9.54
2015,1,20150101,Other Markets in Southeast Asia,4030.0,0,4336.0,-7.06
2015,2,20150201,Other Markets in Southeast Asia,3641.0,0,4653.0,-21.75
2015,3,20150301,Other Markets in Southeast Asia,3993.0,0,3821.0,4.5
2015,4,20150401,Other Markets in Southeast Asia,6045.0,0,6759.0,-10.56
2015,5,20150501,Other Markets in Southeast Asia,4699.0,0,5412.0,-13.17
2015,6,20150601,Other Markets in Southeast Asia,4657.0,0,4353.0,6.98
2015,7,20150701,Other Markets in Southeast Asia,5465.0,0,5061.0,7.98
2015,8,20150801,Other Markets in Southeast Asia,4952.0,0,4653.0,6.43
2015,9,20150901,Other Markets in Southeast Asia,3912.0,0,5172.0,-24.36
2015,10,20151001,Other Markets in Southeast Asia,5817.0,0,3787.0,53.6
2015,11,20151101,Other Markets in Southeast Asia,5968.0,0,5114.0,16.7
2015,12,20151201,Other Markets in Southeast Asia,5114.0,0,3924.0,30.33
2016,1,20160101,Other Markets in Southeast Asia,4813.0,0,4030.0,19.43
2016,2,20160201,Other Markets in Southeast Asia,5006.0,0,3641.0,37.49
2016,3,20160301,Other Markets in Southeast Asia,4645.0,0,3993.0,16.33
2016,4,20160401,Other Markets in Southeast Asia,8517.0,0,6045.0,40.89
2016,5,20160501,Other Markets in Southeast Asia,6260.0,0,4699.0,33.22
2016,6,20160601,Other Markets in Southeast Asia,5215.0,0,4657.0,11.98
2016,7,20160701,Other Markets in Southeast Asia,6195.0,0,5465.0,13.36
2016,8,20160801,Other Markets in Southeast Asia,6225.0,0,4952.0,25.71
2016,9,20160901,Other Markets in Southeast Asia,4904.0,0,3912.0,25.36
2016,10,20161001,Other Markets in Southeast Asia,5342.0,0,5817.0,-8.17
2016,11,20161101,Other Markets in Southeast Asia,6834.0,0,5968.0,14.51
2016,12,20161201,Other Markets in Southeast Asia,7204.0,0,5114.0,40.87
2017,1,20170101,Other Markets in Southeast Asia,6108.0,0,4813.0,26.91
2017,2,20170201,Other Markets in Southeast Asia,5417.0,0,5006.0,8.21
2017,3,20170301,Other Markets in Southeast Asia,5308.0,0,4645.0,14.27
2017,4,20170401,Other Markets in Southeast Asia,9116.0,0,8517.0,7.03
2017,5,20170501,Other Markets in Southeast Asia,6736.0,0,6260.0,7.6
2017,6,20170601,Other Markets in Southeast Asia,5851.0,0,5215.0,12.2
2017,7,20170701,Other Markets in Southeast Asia,8495.0,0,6195.0,37.13
2017,8,20170801,Other Markets in Southeast Asia,7401.0,0,6225.0,18.89
2017,9,20170901,Other Markets in Southeast Asia,9261.0,0,4904.0,88.85
2017,10,20171001,Other Markets in Southeast Asia,7500.0,0,5342.0,40.4
2017,11,20171101,Other Markets in Southeast Asia,8962.0,0,6834.0,31.14
2017,12,20171201,Other Markets in Southeast Asia,8841.0,0,7204.0,22.72
2018,1,20180101,Other Markets in Southeast Asia,7726.0,0,6108.0,26.49
2018,2,20180201,Other Markets in Southeast Asia,8085.0,0,5417.0,49.25
2018,3,20180301,Other Markets in Southeast Asia,8969.0,0,5308.0,68.97
2018,4,20180401,Other Markets in Southeast Asia,11981.0,0,9116.0,31.43
2018,5,20180501,Other Markets in Southeast Asia,10875.0,0,6736.0,61.45
2018,6,20180601,Other Markets in Southeast Asia,7605.0,0,5851.0,29.98
2018,7,20180701,Other Markets in Southeast Asia,8881.0,0,8495.0,4.54
2018,8,20180801,Other Markets in Southeast Asia,7890.0,0,7401.0,6.61
2018,9,20180901,Other Markets in Southeast Asia,8235.0,0,9261.0,-11.08
2018,10,20181001,Other Markets in Southeast Asia,11302.0,0,7500.0,50.69
2018,11,20181101,Other Markets in Southeast Asia,9039.0,0,8962.0,0.86
2018,12,20181201,Other Markets in Southeast Asia,8926.0,0,8841.0,0.96
2019,1,20190101,Other Markets in Southeast Asia,8054.0,0,7726.0,4.25
2019,2,20190201,Other Markets in Southeast Asia,7902.0,0,8085.0,-2.26
2019,3,20190301,Other Markets in Southeast Asia,7836.0,0,8969.0,-12.63
2019,4,20190401,Other Markets in Southeast Asia,11022.0,0,11981.0,-8.0
2019,5,20190501,Other Markets in Southeast Asia,9623.0,0,10875.0,-11.51
2019,6,20190601,Other Markets in Southeast Asia,8856.0,0,7605.0,16.45
2019,7,20190701,Other Markets in Southeast Asia,10533.0,0,8881.0,18.6
2019,8,20190801,Other Markets in Southeast Asia,10000.0,0,7890.0,26.74
2019,9,20190901,Other Markets in Southeast Asia,11043.0,0,8235.0,34.1
2019,10,20191001,Other Markets in Southeast Asia,9523.0,0,11302.0,-15.74
2019,11,20191101,Other Markets in Southeast Asia,9657.0,0,9039.0,6.84
2019,12,20191201,Other Markets in Southeast Asia,10503.0,0,8926.0,17.67
2023,1,20230101,Other Markets in Southeast Asia,7846.0,0,8054.0,-2.58
2023,2,20230201,Other Markets in Southeast Asia,7037.0,0,7902.0,-10.95
2023,3,20230301,Other Markets in Southeast Asia,6927.0,0,7836.0,-11.6
2023,4,20230401,Other Markets in Southeast Asia,10053.0,0,11022.0,-8.79
2023,5,20230501,Other Markets in Southeast Asia,8998.0,0,9623.0,-6.49
2023,6,20230601,Other Markets in Southeast Asia,7457.0,0,8856.0,-15.8
2023,7,20230701,Other Markets in Southeast Asia,9640.0,0,10533.0,-8.48
2023,8,20230801,Other Markets in Southeast Asia,8992.0,0,10000.0,-10.08
2023,9,20230901,Other Markets in Southeast Asia,6264.0,0,11043.0,-43.28
2023,10,20231001,Other Markets in Southeast Asia,8829.0,0,9523.0,-7.29
2023,11,20231101,Other Markets in Southeast Asia,8292.0,0,9657.0,-14.13
2023,12,20231201,Other Markets in Southeast Asia,8703.0,0,10503.0,-17.14
2024,1,20240101,Other Markets in Southeast Asia,6834.0,0,7846.0,-12.9
2024,2,20240201,Other Markets in Southeast Asia,5898.0,0,7037.0,-16.19
2024,3,20240301,Other Markets in Southeast Asia,7201.0,0,6927.0,3.96
2024,4,20240401,Other Markets in Southeast Asia,9059.0,0,10053.0,-9.89
2024,5,20240501,Other Markets in Southeast Asia,6715.0,0,8998.0,-25.37
2024,6,20240601,Other Markets in Southeast Asia,7581.0,0,7457.0,1.66
2024,7,20240701,Other Markets in Southeast Asia,9438.0,0,9640.0,-2.1
2024,8,20240801,Other Markets in Southeast Asia,7701.0,0,8992.0,-14.36
2024,9,20240901,Other Markets in Southeast Asia,6720.0,0,6264.0,7.28
2024,10,20241001,Other Markets in Southeast Asia,8052.0,0,8829.0,-8.8
2024,11,20241101,Other Markets in Southeast Asia,7633.0,0,8292.0,-7.95
2024,12,20241201,Other Markets in Southeast Asia,8565.0,0,8703.0,-1.59
2025,1,20250101,Other Markets in Southeast Asia,6961.0,0,6834.0,1.86
2025,2,20250201,Other Markets in Southeast Asia,6145.0,0,5898.0,4.19
2025,3,20250301,Other Markets in Southeast Asia,5928.0,0,7201.0,-17.68
2025,4,20250401,Other Markets in Southeast Asia,8280.0,0,9059.0,-8.6
2025,5,20250501,Other Markets in Southeast Asia,6993.0,0,6715.0,4.14
2025,6,20250601,Other Markets in Southeast Asia,6555.0,0,7581.0,-13.53
2025,7,20250701,Other Markets in Southeast Asia,10314.0,0,9438.0,9.28
2025,8,20250801,Other Markets in Southeast Asia,8248.0,0,7701.0,7.1
2025,9,20250901,Other Markets in Southeast Asia,9214.0,0,6720.0,37.11
2025,10,20251001,Other Markets in Southeast Asia,8084.0,0,8052.0,0.4
2025,11,20251101,Other Markets in Southeast Asia,10466.0,0,7633.0,37.12
2025,12,20251201,Other Markets in Southeast Asia,9603.0,0,8565.0,12.12
2026,1,20260101,Other Markets in Southeast Asia,8072.0,0,6961.0,15.96
2026,2,20260201,Other Markets in Southeast Asia,7303.0,0,6145.0,18.84
2026,3,20260301,Other Markets in Southeast Asia,6763.0,0,5928.0,14.09
2026,4,20260401,Other Markets in Southeast Asia,8256.0,0,8280.0,-0.29
2026,5,20260501,Other Markets in Southeast Asia,7414.0,0,6993.0,6.02
2026,6,20260601,Other Markets in Southeast Asia,7374.0,0,6555.0,12.49
2026,7,20260701,Other Markets in Southeast Asia,10658.0,0,10314.0,3.34
2008,1,20080101,Other Markets in West Asia,1317.0,0,,
2008,2,20080201,Other Markets in West Asia,1085.0,0,,
2008,3,20080301,Other Markets in West Asia,1204.0,0,,
2008,4,20080401,Other Markets in West Asia,1140.0,0,,
2008,5,20080501,Other Markets in West Asia,954.0,0,,
2008,6,20080601,Other Markets in West Asia,1621.0,0,,
2008,7,20080701,Other Markets in West Asia,2658.0,0,,
2008,8,20080801,Other Markets in West Asia,2399.0,0,,
2008,9,20080901,Other Markets in West Asia,797.0,0,,
2008,10,20081001,Other Markets in West Asia,1297.0,0,,
2008,11,20081101,Other Markets in West Asia,1137.0,0,,
2008,12,20081201,Other Markets in West Asia,1739.0,0,,
2009,1,20090101,Other Markets in West Asia,983.0,0,1317.0,-25.36
2009,2,20090201,Other Markets in West Asia,932.0,0,1085.0,-14.1
2009,3,20090301,Other Markets in West Asia,969.0,0,1204.0,-19.52
2009,4,20090401,Other Markets in West Asia,1207.0,0,1140.0,5.88
2009,5,20090501,Other Markets in West Asia,1212.0,0,954.0,27.04
2009,6,20090601,Other Markets in West Asia,1750.0,0,1621.0,7.96
2009,7,20090701,Other Markets in West Asia,2244.0,0,2658.0,-15.58
2009,8,20090801,Other Markets in West Asia,1647.0,0,2399.0,-31.35
2009,9,20090901,Other Markets in West Asia,1192.0,0,797.0,49.56
2009,10,20091001,Other Markets in West Asia,948.0,0,1297.0,-26.91
2009,11,20091101,Other Markets in West Asia,1478.0,0,1137.0,29.99
2009,12,20091201,Other Markets in West Asia,1552.0,0,1739.0,-10.75
2010,1,20100101,Other Markets in West Asia,1098.0,0,983.0,11.7
2010,2,20100201,Other Markets in West Asia,994.0,0,932.0,6.65
2010,3,20100301,Other Markets in West Asia,1160.0,0,969.0,19.71
2010,4,20100401,Other Markets in West Asia,1385.0,0,1207.0,14.75
2010,5,20100501,Other Markets in West Asia,1229.0,0,1212.0,1.4
2010,6,20100601,Other Markets in West Asia,1971.0,0,1750.0,12.63
2010,7,20100701,Other Markets in West Asia,3388.0,0,2244.0,50.98
2010,8,20100801,Other Markets in West Asia,1908.0,0,1647.0,15.85
2010,9,20100901,Other Markets in West Asia,1606.0,0,1192.0,34.73
2010,10,20101001,Other Markets in West Asia,1358.0,0,948.0,43.25
2010,11,20101101,Other Markets in West Asia,1679.0,0,1478.0,13.6
2010,12,20101201,Other Markets in West Asia,1538.0,0,1552.0,-0.9
2011,1,20110101,Other Markets in West Asia,1402.0,0,1098.0,27.69
2011,2,20110201,Other Markets in West Asia,1306.0,0,994.0,31.39
2011,3,20110301,Other Markets in West Asia,1448.0,0,1160.0,24.83
2011,4,20110401,Other Markets in West Asia,1325.0,0,1385.0,-4.33
2011,5,20110501,Other Markets in West Asia,1357.0,0,1229.0,10.41
2011,6,20110601,Other Markets in West Asia,2137.0,0,1971.0,8.42
2011,7,20110701,Other Markets in West Asia,3586.0,0,3388.0,5.84
2011,8,20110801,Other Markets in West Asia,1844.0,0,1908.0,-3.35
2011,9,20110901,Other Markets in West Asia,1698.0,0,1606.0,5.73
2011,10,20111001,Other Markets in West Asia,1487.0,0,1358.0,9.5
2011,11,20111101,Other Markets in West Asia,2139.0,0,1679.0,27.4
2011,12,20111201,Other Markets in West Asia,1938.0,0,1538.0,26.01
2012,1,20120101,Other Markets in West Asia,1229.0,0,1402.0,-12.34
2012,2,20120201,Other Markets in West Asia,1818.0,0,1306.0,39.2
2012,3,20120301,Other Markets in West Asia,1775.0,0,1448.0,22.58
2012,4,20120401,Other Markets in West Asia,1464.0,0,1325.0,10.49
2012,5,20120501,Other Markets in West Asia,1297.0,0,1357.0,-4.42
2012,6,20120601,Other Markets in West Asia,2430.0,0,2137.0,13.71
2012,7,20120701,Other Markets in West Asia,2767.0,0,3586.0,-22.84
2012,8,20120801,Other Markets in West Asia,2847.0,0,1844.0,54.39
2012,9,20120901,Other Markets in West Asia,1684.0,0,1698.0,-0.82
2012,10,20121001,Other Markets in West Asia,2171.0,0,1487.0,46.0
2012,11,20121101,Other Markets in West Asia,1652.0,0,2139.0,-22.77
2012,12,20121201,Other Markets in West Asia,2210.0,0,1938.0,14.04
2013,1,20130101,Other Markets in West Asia,1635.0,0,1229.0,33.03
2013,2,20130201,Other Markets in West Asia,1660.0,0,1818.0,-8.69
2013,3,20130301,Other Markets in West Asia,2120.0,0,1775.0,19.44
2013,4,20130401,Other Markets in West Asia,1949.0,0,1464.0,33.13
2013,5,20130501,Other Markets in West Asia,1600.0,0,1297.0,23.36
2013,6,20130601,Other Markets in West Asia,2507.0,0,2430.0,3.17
2013,7,20130701,Other Markets in West Asia,2362.0,0,2767.0,-14.64
2013,8,20130801,Other Markets in West Asia,5258.0,0,2847.0,84.69
2013,9,20130901,Other Markets in West Asia,2072.0,0,1684.0,23.04
2013,10,20131001,Other Markets in West Asia,2658.0,0,2171.0,22.43
2013,11,20131101,Other Markets in West Asia,1731.0,0,1652.0,4.78
2013,12,20131201,Other Markets in West Asia,2647.0,0,2210.0,19.77
2014,1,20140101,Other Markets in West Asia,2015.0,0,1635.0,23.24
2014,2,20140201,Other Markets in West Asia,2260.0,0,1660.0,36.14
2014,3,20140301,Other Markets in West Asia,1951.0,0,2120.0,-7.97
2014,4,20140401,Other Markets in West Asia,2155.0,0,1949.0,10.57
2014,5,20140501,Other Markets in West Asia,1779.0,0,1600.0,11.19
2014,6,20140601,Other Markets in West Asia,2400.0,0,2507.0,-4.27
2014,7,20140701,Other Markets in West Asia,3017.0,0,2362.0,27.73
2014,8,20140801,Other Markets in West Asia,5573.0,0,5258.0,5.99
2014,9,20140901,Other Markets in West Asia,1718.0,0,2072.0,-17.08
2014,10,20141001,Other Markets in West Asia,2752.0,0,2658.0,3.54
2014,11,20141101,Other Markets in West Asia,1666.0,0,1731.0,-3.76
2014,12,20141201,Other Markets in West Asia,2672.0,0,2647.0,0.94
2015,1,20150101,Other Markets in West Asia,2479.0,0,2015.0,23.03
2015,2,20150201,Other Markets in West Asia,1756.0,0,2260.0,-22.3
2015,3,20150301,Other Markets in West Asia,2054.0,0,1951.0,5.28
2015,4,20150401,Other Markets in West Asia,2473.0,0,2155.0,14.76
2015,5,20150501,Other Markets in West Asia,1930.0,0,1779.0,8.49
2015,6,20150601,Other Markets in West Asia,1855.0,0,2400.0,-22.71
2015,7,20150701,Other Markets in West Asia,4554.0,0,3017.0,50.94
2015,8,20150801,Other Markets in West Asia,5345.0,0,5573.0,-4.09
2015,9,20150901,Other Markets in West Asia,2834.0,0,1718.0,64.96
2015,10,20151001,Other Markets in West Asia,2056.0,0,2752.0,-25.29
2015,11,20151101,Other Markets in West Asia,2053.0,0,1666.0,23.23
2015,12,20151201,Other Markets in West Asia,2931.0,0,2672.0,9.69
2016,1,20160101,Other Markets in West Asia,3060.0,0,2479.0,23.44
2016,2,20160201,Other Markets in West Asia,2250.0,0,1756.0,28.13
2016,3,20160301,Other Markets in West Asia,2610.0,0,2054.0,27.07
2016,4,20160401,Other Markets in West Asia,2270.0,0,2473.0,-8.21
2016,5,20160501,Other Markets in West Asia,1871.0,0,1930.0,-3.06
2016,6,20160601,Other Markets in West Asia,1412.0,0,1855.0,-23.88
2016,7,20160701,Other Markets in West Asia,5880.0,0,4554.0,29.12
2016,8,20160801,Other Markets in West Asia,4956.0,0,5345.0,-7.28
2016,9,20160901,Other Markets in West Asia,3006.0,0,2834.0,6.07
2016,10,20161001,Other Markets in West Asia,1570.0,0,2056.0,-23.64
2016,11,20161101,Other Markets in West Asia,1629.0,0,2053.0,-20.65
2016,12,20161201,Other Markets in West Asia,2900.0,0,2931.0,-1.06
2017,1,20170101,Other Markets in West Asia,2733.0,0,3060.0,-10.69
2017,2,20170201,Other Markets in West Asia,2069.0,0,2250.0,-8.04
2017,3,20170301,Other Markets in West Asia,2262.0,0,2610.0,-13.33
2017,4,20170401,Other Markets in West Asia,2602.0,0,2270.0,14.63
2017,5,20170501,Other Markets in West Asia,1414.0,0,1871.0,-24.43
2017,6,20170601,Other Markets in West Asia,2071.0,0,1412.0,46.67
2017,7,20170701,Other Markets in West Asia,4562.0,0,5880.0,-22.41
2017,8,20170801,Other Markets in West Asia,4064.0,0,4956.0,-18.0
2017,9,20170901,Other Markets in West Asia,2237.0,0,3006.0,-25.58
2017,10,20171001,Other Markets in West Asia,1676.0,0,1570.0,6.75
2017,11,20171101,Other Markets in West Asia,1788.0,0,1629.0,9.76
2017,12,20171201,Other Markets in West Asia,3058.0,0,2900.0,5.45
2018,1,20180101,Other Markets in West Asia,2904.0,0,2733.0,6.26
2018,2,20180201,Other Markets in West Asia,1723.0,0,2069.0,-16.72
2018,3,20180301,Other Markets in West Asia,2726.0,0,2262.0,20.51
2018,4,20180401,Other Markets in West Asia,1967.0,0,2602.0,-24.4
2018,5,20180501,Other Markets in West Asia,1405.0,0,1414.0,-0.64
2018,6,20180601,Other Markets in West Asia,2434.0,0,2071.0,17.53
2018,7,20180701,Other Markets in West Asia,4099.0,0,4562.0,-10.15
2018,8,20180801,Other Markets in West Asia,4102.0,0,4064.0,0.94
2018,9,20180901,Other Markets in West Asia,1802.0,0,2237.0,-19.45
2018,10,20181001,Other Markets in West Asia,1929.0,0,1676.0,15.1
2018,11,20181101,Other Markets in West Asia,1555.0,0,1788.0,-13.03
2018,12,20181201,Other Markets in West Asia,2698.0,0,3058.0,-11.77
2019,1,20190101,Other Markets in West Asia,1791.0,0,2904.0,-38.33
2019,2,20190201,Other Markets in West Asia,1757.0,0,1723.0,1.97
2019,3,20190301,Other Markets in West Asia,2196.0,0,2726.0,-19.44
2019,4,20190401,Other Markets in West Asia,2459.0,0,1967.0,25.01
2019,5,20190501,Other Markets in West Asia,1189.0,0,1405.0,-15.37
2019,6,20190601,Other Markets in West Asia,2934.0,0,2434.0,20.54
2019,7,20190701,Other Markets in West Asia,4619.0,0,4099.0,12.69
2019,8,20190801,Other Markets in West Asia,4463.0,0,4102.0,8.8
2019,9,20190901,Other Markets in West Asia,1882.0,0,1802.0,4.44
2019,10,20191001,Other Markets in West Asia,1952.0,0,1929.0,1.19
2019,11,20191101,Other Markets in West Asia,1876.0,0,1555.0,20.64
2019,12,20191201,Other Markets in West Asia,2897.0,0,2698.0,7.38
2023,1,20230101,Other Markets in West Asia,1404.0,0,1791.0,-21.61
2023,2,20230201,Other Markets in West Asia,1456.0,0,1757.0,-17.13
2023,3,20230301,Other Markets in West Asia,1990.0,0,2196.0,-9.38
2023,4,20230401,Other Markets in West Asia,2136.0,0,2459.0,-13.14
2023,5,20230501,Other Markets in West Asia,1653.0,0,1189.0,39.02
2023,6,20230601,Other Markets in West Asia,3015.0,0,2934.0,2.76
2023,7,20230701,Other Markets in West Asia,4326.0,0,4619.0,-6.34
2023,8,20230801,Other Markets in West Asia,3686.0,0,4463.0,-17.41
2023,9,20230901,Other Markets in West Asia,1980.0,0,1882.0,5.21
2023,10,20231001,Other Markets in West Asia,2058.0,0,1952.0,5.43
2023,11,20231101,Other Markets in West Asia,1505.0,0,1876.0,-19.78
2023,12,20231201,Other Markets in West Asia,2374.0,0,2897.0,-18.05
2024,1,20240101,Other Markets in West Asia,2099.0,0,1404.0,49.5
2024,2,20240201,Other Markets in West Asia,2151.0,0,1456.0,47.73
2024,3,20240301,Other Markets in West Asia,1801.0,0,1990.0,-9.5
2024,4,20240401,Other Markets in West Asia,2837.0,0,2136.0,32.82
2024,5,20240501,Other Markets in West Asia,2088.0,0,1653.0,26.32
2024,6,20240601,Other Markets in West Asia,3360.0,0,3015.0,11.44
2024,7,20240701,Other Markets in West Asia,4594.0,0,4326.0,6.2
2024,8,20240801,Other Markets in West Asia,3738.0,0,3686.0,1.41
2024,9,20240901,Other Markets in West Asia,2380.0,0,1980.0,20.2
2024,10,20241001,Other Markets in West Asia,2949.0,0,2058.0,43.29
2024,11,20241101,Other Markets in West Asia,2335.0,0,1505.0,55.15
2024,12,20241201,Other Markets in West Asia,2866.0,0,2374.0,20.72
2025,1,20250101,Other Markets in West Asia,2275.0,0,2099.0,8.38
2025,2,20250201,Other Markets in West Asia,2516.0,0,2151.0,16.97
2025,3,20250301,Other Markets in West Asia,2476.0,0,1801.0,37.48
2025,4,20250401,Other Markets in West Asia,2644.0,0,2837.0,-6.8
2025,5,20250501,Other Markets in West Asia,2301.0,0,2088.0,10.2
2025,6,20250601,Other Markets in West Asia,3404.0,0,3360.0,1.31
2025,7,20250701,Other Markets in West Asia,5023.0,0,4594.0,9.34
2025,8,20250801,Other Markets in West Asia,4337.0,0,3738.0,16.02
2025,9,20250901,Other Markets in West Asia,2241.0,0,2380.0,-5.84
2025,10,20251001,Other Markets in West Asia,2840.0,0,2949.0,-3.7
2025,11,20251101,Other Markets in West Asia,2715.0,0,2335.0,16.27
2025,12,20251201,Other Markets in West Asia,2750.0,0,2866.0,-4.05
2026,1,20260101,Other Markets in West Asia,2304.0,0,2275.0,1.27
2026,2,20260201,Other Markets in West Asia,1854.0,0,2516.0,-26.31
2026,3,20260301,Other Markets in West Asia,1184.0,0,2476.0,-52.18
2026,4,20260401,Other Markets in West Asia,1356.0,0,2644.0,-48.71
2026,5,20260501,Other Markets in West Asia,1933.0,0,2301.0,-15.99
2026,6,20260601,Other Markets in West Asia,2285.0,0,3404.0,-32.87
2026,7,20260701,Other Markets in West Asia,4626.0,0,5023.0,-7.9
2008,1,20080101,Pakistan,1701.0,0,,
2008,2,20080201,Pakistan,1252.0,0,,
2008,3,20080301,Pakistan,2055.0,0,,
2008,4,20080401,Pakistan,1502.0,0,,
2008,5,20080501,Pakistan,1663.0,0,,
2008,6,20080601,Pakistan,2551.0,0,,
2008,7,20080701,Pakistan,3749.0,0,,
2008,8,20080801,Pakistan,2492.0,0,,
2008,9,20080901,Pakistan,1115.0,0,,
2008,10,20081001,Pakistan,1335.0,0,,
2008,11,20081101,Pakistan,1739.0,0,,
2008,12,20081201,Pakistan,1844.0,0,,
2009,1,20090101,Pakistan,1257.0,0,1701.0,-26.1
2009,2,20090201,Pakistan,1314.0,0,1252.0,4.95
2009,3,20090301,Pakistan,1503.0,0,2055.0,-26.86
2009,4,20090401,Pakistan,1442.0,0,1502.0,-3.99
2009,5,20090501,Pakistan,1460.0,0,1663.0,-12.21
2009,6,20090601,Pakistan,3014.0,0,2551.0,18.15
2009,7,20090701,Pakistan,3756.0,0,3749.0,0.19
2009,8,20090801,Pakistan,2358.0,0,2492.0,-5.38
2009,9,20090901,Pakistan,1055.0,0,1115.0,-5.38
2009,10,20091001,Pakistan,1461.0,0,1335.0,9.44
2009,11,20091101,Pakistan,1495.0,0,1739.0,-14.03
2009,12,20091201,Pakistan,2165.0,0,1844.0,17.41
2010,1,20100101,Pakistan,1585.0,0,1257.0,26.09
2010,2,20100201,Pakistan,1292.0,0,1314.0,-1.67
2010,3,20100301,Pakistan,1662.0,0,1503.0,10.58
2010,4,20100401,Pakistan,1707.0,0,1442.0,18.38
2010,5,20100501,Pakistan,1565.0,0,1460.0,7.19
2010,6,20100601,Pakistan,2926.0,0,3014.0,-2.92
2010,7,20100701,Pakistan,3908.0,0,3756.0,4.05
2010,8,20100801,Pakistan,1510.0,0,2358.0,-35.96
2010,9,20100901,Pakistan,1125.0,0,1055.0,6.64
2010,10,20101001,Pakistan,1469.0,0,1461.0,0.55
2010,11,20101101,Pakistan,1401.0,0,1495.0,-6.29
2010,12,20101201,Pakistan,1777.0,0,2165.0,-17.92
2011,1,20110101,Pakistan,1572.0,0,1585.0,-0.82
2011,2,20110201,Pakistan,1161.0,0,1292.0,-10.14
2011,3,20110301,Pakistan,1361.0,0,1662.0,-18.11
2011,4,20110401,Pakistan,1490.0,0,1707.0,-12.71
2011,5,20110501,Pakistan,1653.0,0,1565.0,5.62
2011,6,20110601,Pakistan,2740.0,0,2926.0,-6.36
2011,7,20110701,Pakistan,3568.0,0,3908.0,-8.7
2011,8,20110801,Pakistan,1154.0,0,1510.0,-23.58
2011,9,20110901,Pakistan,1319.0,0,1125.0,17.24
2011,10,20111001,Pakistan,1574.0,0,1469.0,7.15
2011,11,20111101,Pakistan,1486.0,0,1401.0,6.07
2011,12,20111201,Pakistan,1850.0,0,1777.0,4.11
2012,1,20120101,Pakistan,1496.0,0,1572.0,-4.83
2012,2,20120201,Pakistan,1405.0,0,1161.0,21.02
2012,3,20120301,Pakistan,1492.0,0,1361.0,9.63
2012,4,20120401,Pakistan,1294.0,0,1490.0,-13.15
2012,5,20120501,Pakistan,1489.0,0,1653.0,-9.92
2012,6,20120601,Pakistan,3119.0,0,2740.0,13.83
2012,7,20120701,Pakistan,3327.0,0,3568.0,-6.75
2012,8,20120801,Pakistan,1394.0,0,1154.0,20.8
2012,9,20120901,Pakistan,1710.0,0,1319.0,29.64
2012,10,20121001,Pakistan,1368.0,0,1574.0,-13.09
2012,11,20121101,Pakistan,1395.0,0,1486.0,-6.12
2012,12,20121201,Pakistan,1717.0,0,1850.0,-7.19
2013,1,20130101,Pakistan,1778.0,0,1496.0,18.85
2013,2,20130201,Pakistan,1249.0,0,1405.0,-11.1
2013,3,20130301,Pakistan,1734.0,0,1492.0,16.22
2013,4,20130401,Pakistan,1572.0,0,1294.0,21.48
2013,5,20130501,Pakistan,1646.0,0,1489.0,10.54
2013,6,20130601,Pakistan,2770.0,0,3119.0,-11.19
2013,7,20130701,Pakistan,1512.0,0,3327.0,-54.55
2013,8,20130801,Pakistan,1956.0,0,1394.0,40.32
2013,9,20130901,Pakistan,1419.0,0,1710.0,-17.02
2013,10,20131001,Pakistan,1675.0,0,1368.0,22.44
2013,11,20131101,Pakistan,1309.0,0,1395.0,-6.16
2013,12,20131201,Pakistan,1628.0,0,1717.0,-5.18
2014,1,20140101,Pakistan,1259.0,0,1778.0,-29.19
2014,2,20140201,Pakistan,1117.0,0,1249.0,-10.57
2014,3,20140301,Pakistan,1570.0,0,1734.0,-9.46
2014,4,20140401,Pakistan,1225.0,0,1572.0,-22.07
2014,5,20140501,Pakistan,1357.0,0,1646.0,-17.56
2014,6,20140601,Pakistan,2799.0,0,2770.0,1.05
2014,7,20140701,Pakistan,1374.0,0,1512.0,-9.13
2014,8,20140801,Pakistan,1951.0,0,1956.0,-0.26
2014,9,20140901,Pakistan,1115.0,0,1419.0,-21.42
2014,10,20141001,Pakistan,1161.0,0,1675.0,-30.69
2014,11,20141101,Pakistan,1242.0,0,1309.0,-5.12
2014,12,20141201,Pakistan,1505.0,0,1628.0,-7.56
2015,1,20150101,Pakistan,1500.0,0,1259.0,19.14
2015,2,20150201,Pakistan,870.0,0,1117.0,-22.11
2015,3,20150301,Pakistan,1234.0,0,1570.0,-21.4
2015,4,20150401,Pakistan,1125.0,0,1225.0,-8.16
2015,5,20150501,Pakistan,1291.0,0,1357.0,-4.86
2015,6,20150601,Pakistan,1947.0,0,2799.0,-30.44
2015,7,20150701,Pakistan,2281.0,0,1374.0,66.01
2015,8,20150801,Pakistan,2250.0,0,1951.0,15.33
2015,9,20150901,Pakistan,1383.0,0,1115.0,24.04
2015,10,20151001,Pakistan,1857.0,0,1161.0,59.95
2015,11,20151101,Pakistan,1446.0,0,1242.0,16.43
2015,12,20151201,Pakistan,1764.0,0,1505.0,17.21
2016,1,20160101,Pakistan,1563.0,0,1500.0,4.2
2016,2,20160201,Pakistan,1250.0,0,870.0,43.68
2016,3,20160301,Pakistan,1409.0,0,1234.0,14.18
2016,4,20160401,Pakistan,1439.0,0,1125.0,27.91
2016,5,20160501,Pakistan,1824.0,0,1291.0,41.29
2016,6,20160601,Pakistan,1196.0,0,1947.0,-38.57
2016,7,20160701,Pakistan,3823.0,0,2281.0,67.6
2016,8,20160801,Pakistan,2494.0,0,2250.0,10.84
2016,9,20160901,Pakistan,1893.0,0,1383.0,36.88
2016,10,20161001,Pakistan,1901.0,0,1857.0,2.37
2016,11,20161101,Pakistan,1473.0,0,1446.0,1.87
2016,12,20161201,Pakistan,1947.0,0,1764.0,10.37
2017,1,20170101,Pakistan,1520.0,0,1563.0,-2.75
2017,2,20170201,Pakistan,1522.0,0,1250.0,21.76
2017,3,20170301,Pakistan,2050.0,0,1409.0,45.49
2017,4,20170401,Pakistan,1434.0,0,1439.0,-0.35
2017,5,20170501,Pakistan,1383.0,0,1824.0,-24.18
2017,6,20170601,Pakistan,1421.0,0,1196.0,18.81
2017,7,20170701,Pakistan,4160.0,0,3823.0,8.82
2017,8,20170801,Pakistan,2159.0,0,2494.0,-13.43
2017,9,20170901,Pakistan,1968.0,0,1893.0,3.96
2017,10,20171001,Pakistan,1552.0,0,1901.0,-18.36
2017,11,20171101,Pakistan,1816.0,0,1473.0,23.29
2017,12,20171201,Pakistan,2521.0,0,1947.0,29.48
2018,1,20180101,Pakistan,2071.0,0,1520.0,36.25
2018,2,20180201,Pakistan,1302.0,0,1522.0,-14.45
2018,3,20180301,Pakistan,2382.0,0,2050.0,16.2
2018,4,20180401,Pakistan,1893.0,0,1434.0,32.01
2018,5,20180501,Pakistan,1492.0,0,1383.0,7.88
2018,6,20180601,Pakistan,2550.0,0,1421.0,79.45
2018,7,20180701,Pakistan,3833.0,0,4160.0,-7.86
2018,8,20180801,Pakistan,2519.0,0,2159.0,16.67
2018,9,20180901,Pakistan,1808.0,0,1968.0,-8.13
2018,10,20181001,Pakistan,1643.0,0,1552.0,5.86
2018,11,20181101,Pakistan,1464.0,0,1816.0,-19.38
2018,12,20181201,Pakistan,2373.0,0,2521.0,-5.87
2019,1,20190101,Pakistan,1959.0,0,2071.0,-5.41
2019,2,20190201,Pakistan,1327.0,0,1302.0,1.92
2019,3,20190301,Pakistan,1419.0,0,2382.0,-40.43
2019,4,20190401,Pakistan,1293.0,0,1893.0,-31.7
2019,5,20190501,Pakistan,856.0,0,1492.0,-42.63
2019,6,20190601,Pakistan,2698.0,0,2550.0,5.8
2019,7,20190701,Pakistan,2581.0,0,3833.0,-32.66
2019,8,20190801,Pakistan,1547.0,0,2519.0,-38.59
2019,9,20190901,Pakistan,1474.0,0,1808.0,-18.47
2019,10,20191001,Pakistan,1370.0,0,1643.0,-16.62
2019,11,20191101,Pakistan,1474.0,0,1464.0,0.68
2019,12,20191201,Pakistan,1976.0,0,2373.0,-16.73
2023,1,20230101,Pakistan,1452.0,0,1959.0,-25.88
2023,2,20230201,Pakistan,1584.0,0,1327.0,19.37
2023,3,20230301,Pakistan,1060.0,0,1419.0,-25.3
2023,4,20230401,Pakistan,684.0,0,1293.0,-47.1
2023,5,20230501,Pakistan,1222.0,0,856.0,42.76
2023,6,20230601,Pakistan,1724.0,0,2698.0,-36.1
2023,7,20230701,Pakistan,2654.0,0,2581.0,2.83
2023,8,20230801,Pakistan,1497.0,0,1547.0,-3.23
2023,9,20230901,Pakistan,1360.0,0,1474.0,-7.73
2023,10,20231001,Pakistan,1484.0,0,1370.0,8.32
2023,11,20231101,Pakistan,1404.0,0,1474.0,-4.75
2023,12,20231201,Pakistan,1629.0,0,1976.0,-17.56
2024,1,20240101,Pakistan,1411.0,0,1452.0,-2.82
2024,2,20240201,Pakistan,1626.0,0,1584.0,2.65
2024,3,20240301,Pakistan,824.0,0,1060.0,-22.26
2024,4,20240401,Pakistan,955.0,0,684.0,39.62
2024,5,20240501,Pakistan,1200.0,0,1222.0,-1.8
2024,6,20240601,Pakistan,1816.0,0,1724.0,5.34
2024,7,20240701,Pakistan,2774.0,0,2654.0,4.52
2024,8,20240801,Pakistan,1717.0,0,1497.0,14.7
2024,9,20240901,Pakistan,1459.0,0,1360.0,7.28
2024,10,20241001,Pakistan,1516.0,0,1484.0,2.16
2024,11,20241101,Pakistan,1569.0,0,1404.0,11.75
2024,12,20241201,Pakistan,2109.0,0,1629.0,29.47
2025,1,20250101,Pakistan,1809.0,0,1411.0,28.21
2025,2,20250201,Pakistan,1708.0,0,1626.0,5.04
2025,3,20250301,Pakistan,569.0,0,824.0,-30.95
2025,4,20250401,Pakistan,1487.0,0,955.0,55.71
2025,5,20250501,Pakistan,1039.0,0,1200.0,-13.42
2025,6,20250601,Pakistan,1978.0,0,1816.0,8.92
2025,7,20250701,Pakistan,3215.0,0,2774.0,15.9
2025,8,20250801,Pakistan,2660.0,0,1717.0,54.92
2025,9,20250901,Pakistan,1753.0,0,1459.0,20.15
2025,10,20251001,Pakistan,2143.0,0,1516.0,41.36
2025,11,20251101,Pakistan,2371.0,0,1569.0,51.12
2025,12,20251201,Pakistan,1859.0,0,2109.0,-11.85
2026,1,20260101,Pakistan,1974.0,0,1809.0,9.12
2026,2,20260201,Pakistan,848.0,0,1708.0,-50.35
2026,3,20260301,Pakistan,773.0,0,569.0,35.85
2026,4,20260401,Pakistan,1016.0,0,1487.0,-31.67
2026,5,20260501,Pakistan,1174.0,0,1039.0,12.99
2026,6,20260601,Pakistan,2094.0,0,1978.0,5.86
2026,7,20260701,Pakistan,3394.0,0,3215.0,5.57
2008,1,20080101,Philippines,24635.0,1,,
2008,2,20080201,Philippines,28674.0,1,,
2008,3,20080301,Philippines,37117.0,1,,
2008,4,20080401,Philippines,39347.0,1,,
2008,5,20080501,Philippines,41872.0,1,,
2008,6,20080601,Philippines,33708.0,1,,
2008,7,20080701,Philippines,34135.0,1,,
2008,8,20080801,Philippines,34984.0,1,,
2008,9,20080901,Philippines,34314.0,1,,
2008,10,20081001,Philippines,38577.0,1,,
2008,11,20081101,Philippines,34208.0,1,,
2008,12,20081201,Philippines,37367.0,1,,
2009,1,20090101,Philippines,26249.0,1,24635.0,6.55
2009,2,20090201,Philippines,28911.0,1,28674.0,0.83
2009,3,20090301,Philippines,35718.0,1,37117.0,-3.77
2009,4,20090401,Philippines,44622.0,1,39347.0,13.41
2009,5,20090501,Philippines,42460.0,1,41872.0,1.4
2009,6,20090601,Philippines,33487.0,1,33708.0,-0.66
2009,7,20090701,Philippines,32072.0,1,34135.0,-6.04
2009,8,20090801,Philippines,35930.0,1,34984.0,2.7
2009,9,20090901,Philippines,35289.0,1,34314.0,2.84
2009,10,20091001,Philippines,38367.0,1,38577.0,-0.54
2009,11,20091101,Philippines,37810.0,1,34208.0,10.53
2009,12,20091201,Philippines,41157.0,1,37367.0,10.14
2010,1,20100101,Philippines,32704.0,1,26249.0,24.59
2010,2,20100201,Philippines,32510.0,1,28911.0,12.45
2010,3,20100301,Philippines,43959.0,1,35718.0,23.07
2010,4,20100401,Philippines,54454.0,1,44622.0,22.03
2010,5,20100501,Philippines,55312.0,1,42460.0,30.27
2010,6,20100601,Philippines,44491.0,1,33487.0,32.86
2010,7,20100701,Philippines,43441.0,1,32072.0,35.45
2010,8,20100801,Philippines,39283.0,1,35930.0,9.33
2010,9,20100901,Philippines,40672.0,1,35289.0,15.25
2010,10,20101001,Philippines,52011.0,1,38367.0,35.56
2010,11,20101101,Philippines,50094.0,1,37810.0,32.49
2010,12,20101201,Philippines,55518.0,1,41157.0,34.89
2011,1,20110101,Philippines,43339.0,1,32704.0,32.52
2011,2,20110201,Philippines,48107.0,1,32510.0,47.98
2011,3,20110301,Philippines,59922.0,1,43959.0,36.31
2011,4,20110401,Philippines,76197.0,1,54454.0,39.93
2011,5,20110501,Philippines,72488.0,1,55312.0,31.05
2011,6,20110601,Philippines,52257.0,1,44491.0,17.46
2011,7,20110701,Philippines,50938.0,1,43441.0,17.26
2011,8,20110801,Philippines,49558.0,1,39283.0,26.16
2011,9,20110901,Philippines,51859.0,1,40672.0,27.51
2011,10,20111001,Philippines,63218.0,1,52011.0,21.55
2011,11,20111101,Philippines,52726.0,1,50094.0,5.25
2011,12,20111201,Philippines,57114.0,1,55518.0,2.87
2012,1,20120101,Philippines,42248.0,1,43339.0,-2.52
2012,2,20120201,Philippines,50931.0,1,48107.0,5.87
2012,3,20120301,Philippines,58682.0,1,59922.0,-2.07
2012,4,20120401,Philippines,75052.0,1,76197.0,-1.5
2012,5,20120501,Philippines,72484.0,1,72488.0,-0.01
2012,6,20120601,Philippines,49957.0,1,52257.0,-4.4
2012,7,20120701,Philippines,45249.0,1,50938.0,-11.17
2012,8,20120801,Philippines,45775.0,1,49558.0,-7.63
2012,9,20120901,Philippines,46880.0,1,51859.0,-9.6
2012,10,20121001,Philippines,56058.0,1,63218.0,-11.33
2012,11,20121101,Philippines,55125.0,1,52726.0,4.55
2012,12,20121201,Philippines,58363.0,1,57114.0,2.19
2013,1,20130101,Philippines,44201.0,1,42248.0,4.62
2013,2,20130201,Philippines,44540.0,1,50931.0,-12.55
2013,3,20130301,Philippines,63521.0,1,58682.0,8.25
2013,4,20130401,Philippines,73215.0,1,75052.0,-2.45
2013,5,20130501,Philippines,76929.0,1,72484.0,6.13
2013,6,20130601,Philippines,55868.0,1,49957.0,11.83
2013,7,20130701,Philippines,49225.0,1,45249.0,8.79
2013,8,20130801,Philippines,51817.0,1,45775.0,13.2
2013,9,20130901,Philippines,47879.0,1,46880.0,2.13
2013,10,20131001,Philippines,61360.0,1,56058.0,9.46
2013,11,20131101,Philippines,55195.0,1,55125.0,0.13
2013,12,20131201,Philippines,64044.0,1,58363.0,9.73
2014,1,20140101,Philippines,43702.0,1,44201.0,-1.13
2014,2,20140201,Philippines,44539.0,1,44540.0,-0.0
2014,3,20140301,Philippines,57050.0,1,63521.0,-10.19
2014,4,20140401,Philippines,73558.0,1,73215.0,0.47
2014,5,20140501,Philippines,76976.0,1,76929.0,0.06
2014,6,20140601,Philippines,56224.0,1,55868.0,0.64
2014,7,20140701,Philippines,49506.0,1,49225.0,0.57
2014,8,20140801,Philippines,51074.0,1,51817.0,-1.43
2014,9,20140901,Philippines,47246.0,1,47879.0,-1.32
2014,10,20141001,Philippines,58572.0,1,61360.0,-4.54
2014,11,20141101,Philippines,53508.0,1,55195.0,-3.06
2014,12,20141201,Philippines,64526.0,1,64044.0,0.75
2015,1,20150101,Philippines,42839.0,1,43702.0,-1.97
2015,2,20150201,Philippines,41155.0,1,44539.0,-7.6
2015,3,20150301,Philippines,53649.0,1,57050.0,-5.96
2015,4,20150401,Philippines,72259.0,1,73558.0,-1.77
2015,5,20150501,Philippines,72159.0,1,76976.0,-6.26
2015,6,20150601,Philippines,53329.0,1,56224.0,-5.15
2015,7,20150701,Philippines,49724.0,1,49506.0,0.44
2015,8,20150801,Philippines,52997.0,1,51074.0,3.77
2015,9,20150901,Philippines,48209.0,1,47246.0,2.04
2015,10,20151001,Philippines,58357.0,1,58572.0,-0.37
2015,11,20151101,Philippines,60583.0,1,53508.0,13.22
2015,12,20151201,Philippines,68114.0,1,64526.0,5.56
2016,1,20160101,Philippines,44334.0,1,42839.0,3.49
2016,2,20160201,Philippines,47217.0,1,41155.0,14.73
2016,3,20160301,Philippines,58963.0,1,53649.0,9.91
2016,4,20160401,Philippines,74245.0,1,72259.0,2.75
2016,5,20160501,Philippines,76646.0,1,72159.0,6.22
2016,6,20160601,Philippines,56702.0,1,53329.0,6.32
2016,7,20160701,Philippines,55005.0,1,49724.0,10.62
2016,8,20160801,Philippines,50362.0,1,52997.0,-4.97
2016,9,20160901,Philippines,45804.0,1,48209.0,-4.99
2016,10,20161001,Philippines,57924.0,1,58357.0,-0.74
2016,11,20161101,Philippines,55814.0,1,60583.0,-7.87
2016,12,20161201,Philippines,68624.0,1,68114.0,0.75
2017,1,20170101,Philippines,46187.0,1,44334.0,4.18
2017,2,20170201,Philippines,51160.0,1,47217.0,8.35
2017,3,20170301,Philippines,61816.0,1,58963.0,4.84
2017,4,20170401,Philippines,81952.0,1,74245.0,10.38
2017,5,20170501,Philippines,77671.0,1,76646.0,1.34
2017,6,20170601,Philippines,62002.0,1,56702.0,9.35
2017,7,20170701,Philippines,58727.0,1,55005.0,6.77
2017,8,20170801,Philippines,53539.0,1,50362.0,6.31
2017,9,20170901,Philippines,52500.0,1,45804.0,14.62
2017,10,20171001,Philippines,60194.0,1,57924.0,3.92
2017,11,20171101,Philippines,64826.0,1,55814.0,16.15
2017,12,20171201,Philippines,65926.0,1,68624.0,-3.93
2018,1,20180101,Philippines,45184.0,1,46187.0,-2.17
2018,2,20180201,Philippines,45279.0,1,51160.0,-11.5
2018,3,20180301,Philippines,62876.0,1,61816.0,1.71
2018,4,20180401,Philippines,79128.0,1,81952.0,-3.45
2018,5,20180501,Philippines,83657.0,1,77671.0,7.71
2018,6,20180601,Philippines,68932.0,1,62002.0,11.18
2018,7,20180701,Philippines,64757.0,1,58727.0,10.27
2018,8,20180801,Philippines,63556.0,1,53539.0,18.71
2018,9,20180901,Philippines,57241.0,1,52500.0,9.03
2018,10,20181001,Philippines,68218.0,1,60194.0,13.33
2018,11,20181101,Philippines,66526.0,1,64826.0,2.62
2018,12,20181201,Philippines,72787.0,1,65926.0,10.41
2019,1,20190101,Philippines,49245.0,1,45184.0,8.99
2019,2,20190201,Philippines,52211.0,1,45279.0,15.31
2019,3,20190301,Philippines,59383.0,1,62876.0,-5.56
2019,4,20190401,Philippines,83453.0,1,79128.0,5.47
2019,5,20190501,Philippines,89800.0,1,83657.0,7.34
2019,6,20190601,Philippines,73977.0,1,68932.0,7.32
2019,7,20190701,Philippines,68893.0,1,64757.0,6.39
2019,8,20190801,Philippines,66587.0,1,63556.0,4.77
2019,9,20190901,Philippines,62660.0,1,57241.0,9.47
2019,10,20191001,Philippines,73812.0,1,68218.0,8.2
2019,11,20191101,Philippines,72701.0,1,66526.0,9.28
2019,12,20191201,Philippines,76603.0,1,72787.0,5.24
2023,1,20230101,Philippines,38484.0,1,49245.0,-21.85
2023,2,20230201,Philippines,47446.0,1,52211.0,-9.13
2023,3,20230301,Philippines,50591.0,1,59383.0,-14.81
2023,4,20230401,Philippines,57030.0,1,83453.0,-31.66
2023,5,20230501,Philippines,59346.0,1,89800.0,-33.91
2023,6,20230601,Philippines,71409.0,1,73977.0,-3.47
2023,7,20230701,Philippines,77160.0,1,68893.0,12.0
2023,8,20230801,Philippines,61802.0,1,66587.0,-7.19
2023,9,20230901,Philippines,50679.0,1,62660.0,-19.12
2023,10,20231001,Philippines,54649.0,1,73812.0,-25.96
2023,11,20231101,Philippines,61213.0,1,72701.0,-15.8
2023,12,20231201,Philippines,62866.0,1,76603.0,-17.93
2024,1,20240101,Philippines,46282.0,1,38484.0,20.26
2024,2,20240201,Philippines,55602.0,1,47446.0,17.19
2024,3,20240301,Philippines,100272.0,1,50591.0,98.2
2024,4,20240401,Philippines,53135.0,1,57030.0,-6.83
2024,5,20240501,Philippines,58270.0,1,59346.0,-1.81
2024,6,20240601,Philippines,75957.0,1,71409.0,6.37
2024,7,20240701,Philippines,72558.0,1,77160.0,-5.96
2024,8,20240801,Philippines,60174.0,1,61802.0,-2.63
2024,9,20240901,Philippines,55976.0,1,50679.0,10.45
2024,10,20241001,Philippines,61489.0,1,54649.0,12.52
2024,11,20241101,Philippines,66942.0,1,61213.0,9.36
2024,12,20241201,Philippines,72162.0,1,62866.0,14.79
2025,1,20250101,Philippines,49088.0,1,46282.0,6.06
2025,2,20250201,Philippines,50154.0,1,55602.0,-9.8
2025,3,20250301,Philippines,51623.0,1,100272.0,-48.52
2025,4,20250401,Philippines,69047.0,1,53135.0,29.95
2025,5,20250501,Philippines,74560.0,1,58270.0,27.96
2025,6,20250601,Philippines,66647.0,1,75957.0,-12.26
2025,7,20250701,Philippines,62381.0,1,72558.0,-14.03
2025,8,20250801,Philippines,61462.0,1,60174.0,2.14
2025,9,20250901,Philippines,51355.0,1,55976.0,-8.26
2025,10,20251001,Philippines,64398.0,1,61489.0,4.73
2025,11,20251101,Philippines,59865.0,1,66942.0,-10.57
2025,12,20251201,Philippines,65511.0,1,72162.0,-9.22
2026,1,20260101,Philippines,42553.0,1,49088.0,-13.31
2026,2,20260201,Philippines,44905.0,1,50154.0,-10.47
2026,3,20260301,Philippines,56041.0,1,51623.0,8.56
2026,4,20260401,Philippines,71478.0,1,69047.0,3.52
2026,5,20260501,Philippines,68985.0,1,74560.0,-7.48
2026,6,20260601,Philippines,56904.0,1,66647.0,-14.62
2026,7,20260701,Philippines,55104.0,1,62381.0,-11.67
2008,1,20080101,Rep of Ireland,2703.0,0,,
2008,2,20080201,Rep of Ireland,2137.0,0,,
2008,3,20080301,Rep of Ireland,2900.0,0,,
2008,4,20080401,Rep of Ireland,1939.0,0,,
2008,5,20080501,Rep of Ireland,1730.0,0,,
2008,6,20080601,Rep of Ireland,2316.0,0,,
2008,7,20080701,Rep of Ireland,2443.0,0,,
2008,8,20080801,Rep of Ireland,2064.0,0,,
2008,9,20080901,Rep of Ireland,2070.0,0,,
2008,10,20081001,Rep of Ireland,2439.0,0,,
2008,11,20081101,Rep of Ireland,2642.0,0,,
2008,12,20081201,Rep of Ireland,2653.0,0,,
2009,1,20090101,Rep of Ireland,2255.0,0,2703.0,-16.57
2009,2,20090201,Rep of Ireland,1967.0,0,2137.0,-7.96
2009,3,20090301,Rep of Ireland,2211.0,0,2900.0,-23.76
2009,4,20090401,Rep of Ireland,1878.0,0,1939.0,-3.15
2009,5,20090501,Rep of Ireland,1423.0,0,1730.0,-17.75
2009,6,20090601,Rep of Ireland,1910.0,0,2316.0,-17.53
2009,7,20090701,Rep of Ireland,2085.0,0,2443.0,-14.65
2009,8,20090801,Rep of Ireland,1835.0,0,2064.0,-11.09
2009,9,20090901,Rep of Ireland,1685.0,0,2070.0,-18.6
2009,10,20091001,Rep of Ireland,1855.0,0,2439.0,-23.94
2009,11,20091101,Rep of Ireland,1830.0,0,2642.0,-30.73
2009,12,20091201,Rep of Ireland,1786.0,0,2653.0,-32.68
2010,1,20100101,Rep of Ireland,1928.0,0,2255.0,-14.5
2010,2,20100201,Rep of Ireland,1555.0,0,1967.0,-20.95
2010,3,20100301,Rep of Ireland,2062.0,0,2211.0,-6.74
2010,4,20100401,Rep of Ireland,1578.0,0,1878.0,-15.97
2010,5,20100501,Rep of Ireland,1411.0,0,1423.0,-0.84
2010,6,20100601,Rep of Ireland,1904.0,0,1910.0,-0.31
2010,7,20100701,Rep of Ireland,1725.0,0,2085.0,-17.27
2010,8,20100801,Rep of Ireland,1776.0,0,1835.0,-3.22
2010,9,20100901,Rep of Ireland,1559.0,0,1685.0,-7.48
2010,10,20101001,Rep of Ireland,1733.0,0,1855.0,-6.58
2010,11,20101101,Rep of Ireland,1574.0,0,1830.0,-13.99
2010,12,20101201,Rep of Ireland,1632.0,0,1786.0,-8.62
2011,1,20110101,Rep of Ireland,1695.0,0,1928.0,-12.09
2011,2,20110201,Rep of Ireland,1311.0,0,1555.0,-15.69
2011,3,20110301,Rep of Ireland,1531.0,0,2062.0,-25.75
2011,4,20110401,Rep of Ireland,1569.0,0,1578.0,-0.57
2011,5,20110501,Rep of Ireland,1302.0,0,1411.0,-7.73
2011,6,20110601,Rep of Ireland,1499.0,0,1904.0,-21.27
2011,7,20110701,Rep of Ireland,1785.0,0,1725.0,3.48
2011,8,20110801,Rep of Ireland,1570.0,0,1776.0,-11.6
2011,9,20110901,Rep of Ireland,1521.0,0,1559.0,-2.44
2011,10,20111001,Rep of Ireland,1561.0,0,1733.0,-9.92
2011,11,20111101,Rep of Ireland,1695.0,0,1574.0,7.69
2011,12,20111201,Rep of Ireland,1526.0,0,1632.0,-6.5
2012,1,20120101,Rep of Ireland,1566.0,0,1695.0,-7.61
2012,2,20120201,Rep of Ireland,1557.0,0,1311.0,18.76
2012,3,20120301,Rep of Ireland,1817.0,0,1531.0,18.68
2012,4,20120401,Rep of Ireland,1463.0,0,1569.0,-6.76
2012,5,20120501,Rep of Ireland,1240.0,0,1302.0,-4.76
2012,6,20120601,Rep of Ireland,1560.0,0,1499.0,4.07
2012,7,20120701,Rep of Ireland,1862.0,0,1785.0,4.31
2012,8,20120801,Rep of Ireland,1661.0,0,1570.0,5.8
2012,9,20120901,Rep of Ireland,1421.0,0,1521.0,-6.57
2012,10,20121001,Rep of Ireland,1740.0,0,1561.0,11.47
2012,11,20121101,Rep of Ireland,1683.0,0,1695.0,-0.71
2012,12,20121201,Rep of Ireland,1395.0,0,1526.0,-8.58
2013,1,20130101,Rep of Ireland,1631.0,0,1566.0,4.15
2013,2,20130201,Rep of Ireland,1361.0,0,1557.0,-12.59
2013,3,20130301,Rep of Ireland,1856.0,0,1817.0,2.15
2013,4,20130401,Rep of Ireland,1255.0,0,1463.0,-14.22
2013,5,20130501,Rep of Ireland,1264.0,0,1240.0,1.94
2013,6,20130601,Rep of Ireland,1388.0,0,1560.0,-11.03
2013,7,20130701,Rep of Ireland,1654.0,0,1862.0,-11.17
2013,8,20130801,Rep of Ireland,1562.0,0,1661.0,-5.96
2013,9,20130901,Rep of Ireland,1298.0,0,1421.0,-8.66
2013,10,20131001,Rep of Ireland,1598.0,0,1740.0,-8.16
2013,11,20131101,Rep of Ireland,1232.0,0,1683.0,-26.8
2013,12,20131201,Rep of Ireland,1347.0,0,1395.0,-3.44
2014,1,20140101,Rep of Ireland,1514.0,0,1631.0,-7.17
2014,2,20140201,Rep of Ireland,1325.0,0,1361.0,-2.65
2014,3,20140301,Rep of Ireland,1464.0,0,1856.0,-21.12
2014,4,20140401,Rep of Ireland,1278.0,0,1255.0,1.83
2014,5,20140501,Rep of Ireland,1113.0,0,1264.0,-11.95
2014,6,20140601,Rep of Ireland,1357.0,0,1388.0,-2.23
2014,7,20140701,Rep of Ireland,1734.0,0,1654.0,4.84
2014,8,20140801,Rep of Ireland,1429.0,0,1562.0,-8.51
2014,9,20140901,Rep of Ireland,1281.0,0,1298.0,-1.31
2014,10,20141001,Rep of Ireland,1353.0,0,1598.0,-15.33
2014,11,20141101,Rep of Ireland,1363.0,0,1232.0,10.63
2014,12,20141201,Rep of Ireland,1198.0,0,1347.0,-11.06
2015,1,20150101,Rep of Ireland,1551.0,0,1514.0,2.44
2015,2,20150201,Rep of Ireland,1277.0,0,1325.0,-3.62
2015,3,20150301,Rep of Ireland,1617.0,0,1464.0,10.45
2015,4,20150401,Rep of Ireland,1434.0,0,1278.0,12.21
2015,5,20150501,Rep of Ireland,1224.0,0,1113.0,9.97
2015,6,20150601,Rep of Ireland,1369.0,0,1357.0,0.88
2015,7,20150701,Rep of Ireland,1576.0,0,1734.0,-9.11
2015,8,20150801,Rep of Ireland,1631.0,0,1429.0,14.14
2015,9,20150901,Rep of Ireland,1335.0,0,1281.0,4.22
2015,10,20151001,Rep of Ireland,1386.0,0,1353.0,2.44
2015,11,20151101,Rep of Ireland,1480.0,0,1363.0,8.58
2015,12,20151201,Rep of Ireland,1467.0,0,1198.0,22.45
2016,1,20160101,Rep of Ireland,1916.0,0,1551.0,23.53
2016,2,20160201,Rep of Ireland,1418.0,0,1277.0,11.04
2016,3,20160301,Rep of Ireland,1823.0,0,1617.0,12.74
2016,4,20160401,Rep of Ireland,1406.0,0,1434.0,-1.95
2016,5,20160501,Rep of Ireland,1349.0,0,1224.0,10.21
2016,6,20160601,Rep of Ireland,1579.0,0,1369.0,15.34
2016,7,20160701,Rep of Ireland,2006.0,0,1576.0,27.28
2016,8,20160801,Rep of Ireland,1443.0,0,1631.0,-11.53
2016,9,20160901,Rep of Ireland,1425.0,0,1335.0,6.74
2016,10,20161001,Rep of Ireland,1693.0,0,1386.0,22.15
2016,11,20161101,Rep of Ireland,1453.0,0,1480.0,-1.82
2016,12,20161201,Rep of Ireland,1432.0,0,1467.0,-2.39
2017,1,20170101,Rep of Ireland,1706.0,0,1916.0,-10.96
2017,2,20170201,Rep of Ireland,1625.0,0,1418.0,14.6
2017,3,20170301,Rep of Ireland,1738.0,0,1823.0,-4.66
2017,4,20170401,Rep of Ireland,1731.0,0,1406.0,23.12
2017,5,20170501,Rep of Ireland,1476.0,0,1349.0,9.41
2017,6,20170601,Rep of Ireland,1545.0,0,1579.0,-2.15
2017,7,20170701,Rep of Ireland,2229.0,0,2006.0,11.12
2017,8,20170801,Rep of Ireland,1815.0,0,1443.0,25.78
2017,9,20170901,Rep of Ireland,1657.0,0,1425.0,16.28
2017,10,20171001,Rep of Ireland,1807.0,0,1693.0,6.73
2017,11,20171101,Rep of Ireland,1753.0,0,1453.0,20.65
2017,12,20171201,Rep of Ireland,1525.0,0,1432.0,6.49
2018,1,20180101,Rep of Ireland,1980.0,0,1706.0,16.06
2018,2,20180201,Rep of Ireland,1737.0,0,1625.0,6.89
2018,3,20180301,Rep of Ireland,2232.0,0,1738.0,28.42
2018,4,20180401,Rep of Ireland,1841.0,0,1731.0,6.35
2018,5,20180501,Rep of Ireland,1514.0,0,1476.0,2.57
2018,6,20180601,Rep of Ireland,1741.0,0,1545.0,12.69
2018,7,20180701,Rep of Ireland,2515.0,0,2229.0,12.83
2018,8,20180801,Rep of Ireland,2069.0,0,1815.0,13.99
2018,9,20180901,Rep of Ireland,1762.0,0,1657.0,6.34
2018,10,20181001,Rep of Ireland,1842.0,0,1807.0,1.94
2018,11,20181101,Rep of Ireland,1862.0,0,1753.0,6.22
2018,12,20181201,Rep of Ireland,1582.0,0,1525.0,3.74
2019,1,20190101,Rep of Ireland,1999.0,0,1980.0,0.96
2019,2,20190201,Rep of Ireland,1737.0,0,1737.0,0.0
2019,3,20190301,Rep of Ireland,2115.0,0,2232.0,-5.24
2019,4,20190401,Rep of Ireland,2026.0,0,1841.0,10.05
2019,5,20190501,Rep of Ireland,1623.0,0,1514.0,7.2
2019,6,20190601,Rep of Ireland,2108.0,0,1741.0,21.08
2019,7,20190701,Rep of Ireland,2722.0,0,2515.0,8.23
2019,8,20190801,Rep of Ireland,2093.0,0,2069.0,1.16
2019,9,20190901,Rep of Ireland,1945.0,0,1762.0,10.39
2019,10,20191001,Rep of Ireland,2117.0,0,1842.0,14.93
2019,11,20191101,Rep of Ireland,2201.0,0,1862.0,18.21
2019,12,20191201,Rep of Ireland,2006.0,0,1582.0,26.8
2023,1,20230101,Rep of Ireland,1767.0,0,1999.0,-11.61
2023,2,20230201,Rep of Ireland,1868.0,0,1737.0,7.54
2023,3,20230301,Rep of Ireland,1992.0,0,2115.0,-5.82
2023,4,20230401,Rep of Ireland,1893.0,0,2026.0,-6.56
2023,5,20230501,Rep of Ireland,1777.0,0,1623.0,9.49
2023,6,20230601,Rep of Ireland,1626.0,0,2108.0,-22.87
2023,7,20230701,Rep of Ireland,2344.0,0,2722.0,-13.89
2023,8,20230801,Rep of Ireland,1984.0,0,2093.0,-5.21
2023,9,20230901,Rep of Ireland,2062.0,0,1945.0,6.02
2023,10,20231001,Rep of Ireland,1776.0,0,2117.0,-16.11
2023,11,20231101,Rep of Ireland,2042.0,0,2201.0,-7.22
2023,12,20231201,Rep of Ireland,1612.0,0,2006.0,-19.64
2024,1,20240101,Rep of Ireland,2218.0,0,1767.0,25.52
2024,2,20240201,Rep of Ireland,2344.0,0,1868.0,25.48
2024,3,20240301,Rep of Ireland,2619.0,0,1992.0,31.48
2024,4,20240401,Rep of Ireland,1916.0,0,1893.0,1.22
2024,5,20240501,Rep of Ireland,1794.0,0,1777.0,0.96
2024,6,20240601,Rep of Ireland,2075.0,0,1626.0,27.61
2024,7,20240701,Rep of Ireland,2456.0,0,2344.0,4.78
2024,8,20240801,Rep of Ireland,2028.0,0,1984.0,2.22
2024,9,20240901,Rep of Ireland,2041.0,0,2062.0,-1.02
2024,10,20241001,Rep of Ireland,2137.0,0,1776.0,20.33
2024,11,20241101,Rep of Ireland,2514.0,0,2042.0,23.11
2024,12,20241201,Rep of Ireland,1992.0,0,1612.0,23.57
2025,1,20250101,Rep of Ireland,2673.0,0,2218.0,20.51
2025,2,20250201,Rep of Ireland,2453.0,0,2344.0,4.65
2025,3,20250301,Rep of Ireland,2774.0,0,2619.0,5.92
2025,4,20250401,Rep of Ireland,2685.0,0,1916.0,40.14
2025,5,20250501,Rep of Ireland,1787.0,0,1794.0,-0.39
2025,6,20250601,Rep of Ireland,2348.0,0,2075.0,13.16
2025,7,20250701,Rep of Ireland,2744.0,0,2456.0,11.73
2025,8,20250801,Rep of Ireland,2297.0,0,2028.0,13.26
2025,9,20250901,Rep of Ireland,1969.0,0,2041.0,-3.53
2025,10,20251001,Rep of Ireland,2199.0,0,2137.0,2.9
2025,11,20251101,Rep of Ireland,2268.0,0,2514.0,-9.79
2025,12,20251201,Rep of Ireland,2008.0,0,1992.0,0.8
2026,1,20260101,Rep of Ireland,2764.0,0,2673.0,3.4
2026,2,20260201,Rep of Ireland,2322.0,0,2453.0,-5.34
2026,3,20260301,Rep of Ireland,2611.0,0,2774.0,-5.88
2026,4,20260401,Rep of Ireland,2084.0,0,2685.0,-22.38
2026,5,20260501,Rep of Ireland,1622.0,0,1787.0,-9.23
2026,6,20260601,Rep of Ireland,2088.0,0,2348.0,-11.07
2026,7,20260701,Rep of Ireland,2461.0,0,2744.0,-10.31
2008,1,20080101,Russian Federation,8683.0,0,,
2008,2,20080201,Russian Federation,3954.0,0,,
2008,3,20080301,Russian Federation,4815.0,0,,
2008,4,20080401,Russian Federation,4102.0,0,,
2008,5,20080501,Russian Federation,4272.0,0,,
2008,6,20080601,Russian Federation,3626.0,0,,
2008,7,20080701,Russian Federation,3922.0,0,,
2008,8,20080801,Russian Federation,4385.0,0,,
2008,9,20080901,Russian Federation,3815.0,0,,
2008,10,20081001,Russian Federation,4748.0,0,,
2008,11,20081101,Russian Federation,5198.0,0,,
2008,12,20081201,Russian Federation,5138.0,0,,
2009,1,20090101,Russian Federation,8075.0,0,8683.0,-7.0
2009,2,20090201,Russian Federation,3828.0,0,3954.0,-3.19
2009,3,20090301,Russian Federation,3939.0,0,4815.0,-18.19
2009,4,20090401,Russian Federation,3436.0,0,4102.0,-16.24
2009,5,20090501,Russian Federation,3563.0,0,4272.0,-16.6
2009,6,20090601,Russian Federation,2892.0,0,3626.0,-20.24
2009,7,20090701,Russian Federation,3131.0,0,3922.0,-20.17
2009,8,20090801,Russian Federation,3643.0,0,4385.0,-16.92
2009,9,20090901,Russian Federation,3644.0,0,3815.0,-4.48
2009,10,20091001,Russian Federation,4691.0,0,4748.0,-1.2
2009,11,20091101,Russian Federation,4900.0,0,5198.0,-5.73
2009,12,20091201,Russian Federation,4606.0,0,5138.0,-10.35
2010,1,20100101,Russian Federation,8063.0,0,8075.0,-0.15
2010,2,20100201,Russian Federation,4465.0,0,3828.0,16.64
2010,3,20100301,Russian Federation,5037.0,0,3939.0,27.88
2010,4,20100401,Russian Federation,3878.0,0,3436.0,12.86
2010,5,20100501,Russian Federation,4067.0,0,3563.0,14.15
2010,6,20100601,Russian Federation,3096.0,0,2892.0,7.05
2010,7,20100701,Russian Federation,3325.0,0,3131.0,6.2
2010,8,20100801,Russian Federation,4255.0,0,3643.0,16.8
2010,9,20100901,Russian Federation,3550.0,0,3644.0,-2.58
2010,10,20101001,Russian Federation,4522.0,0,4691.0,-3.6
2010,11,20101101,Russian Federation,5098.0,0,4900.0,4.04
2010,12,20101201,Russian Federation,5649.0,0,4606.0,22.64
2011,1,20110101,Russian Federation,9732.0,0,8063.0,20.7
2011,2,20110201,Russian Federation,4349.0,0,4465.0,-2.6
2011,3,20110301,Russian Federation,5736.0,0,5037.0,13.88
2011,4,20110401,Russian Federation,4157.0,0,3878.0,7.19
2011,5,20110501,Russian Federation,3163.0,0,4067.0,-22.23
2011,6,20110601,Russian Federation,3085.0,0,3096.0,-0.36
2011,7,20110701,Russian Federation,3888.0,0,3325.0,16.93
2011,8,20110801,Russian Federation,4033.0,0,4255.0,-5.22
2011,9,20110901,Russian Federation,4262.0,0,3550.0,20.06
2011,10,20111001,Russian Federation,4575.0,0,4522.0,1.17
2011,11,20111101,Russian Federation,5517.0,0,5098.0,8.22
2011,12,20111201,Russian Federation,6881.0,0,5649.0,21.81
2012,1,20120101,Russian Federation,12759.0,0,9732.0,31.1
2012,2,20120201,Russian Federation,6533.0,0,4349.0,50.22
2012,3,20120301,Russian Federation,6603.0,0,5736.0,15.12
2012,4,20120401,Russian Federation,5023.0,0,4157.0,20.83
2012,5,20120501,Russian Federation,3939.0,0,3163.0,24.53
2012,6,20120601,Russian Federation,3567.0,0,3085.0,15.62
2012,7,20120701,Russian Federation,3848.0,0,3888.0,-1.03
2012,8,20120801,Russian Federation,4101.0,0,4033.0,1.69
2012,9,20120901,Russian Federation,4002.0,0,4262.0,-6.1
2012,10,20121001,Russian Federation,4909.0,0,4575.0,7.3
2012,11,20121101,Russian Federation,6370.0,0,5517.0,15.46
2012,12,20121201,Russian Federation,7303.0,0,6881.0,6.13
2013,1,20130101,Russian Federation,12197.0,0,12759.0,-4.4
2013,2,20130201,Russian Federation,6482.0,0,6533.0,-0.78
2013,3,20130301,Russian Federation,7873.0,0,6603.0,19.23
2013,4,20130401,Russian Federation,6499.0,0,5023.0,29.38
2013,5,20130501,Russian Federation,5566.0,0,3939.0,41.3
2013,6,20130601,Russian Federation,4264.0,0,3567.0,19.54
2013,7,20130701,Russian Federation,4784.0,0,3848.0,24.32
2013,8,20130801,Russian Federation,5184.0,0,4101.0,26.41
2013,9,20130901,Russian Federation,4726.0,0,4002.0,18.09
2013,10,20131001,Russian Federation,6748.0,0,4909.0,37.46
2013,11,20131101,Russian Federation,8376.0,0,6370.0,31.49
2013,12,20131201,Russian Federation,9435.0,0,7303.0,29.19
2014,1,20140101,Russian Federation,15770.0,0,12197.0,29.29
2014,2,20140201,Russian Federation,9154.0,0,6482.0,41.22
2014,3,20140301,Russian Federation,9563.0,0,7873.0,21.47
2014,4,20140401,Russian Federation,6996.0,0,6499.0,7.65
2014,5,20140501,Russian Federation,5746.0,0,5566.0,3.23
2014,6,20140601,Russian Federation,4874.0,0,4264.0,14.31
2014,7,20140701,Russian Federation,5280.0,0,4784.0,10.37
2014,8,20140801,Russian Federation,6129.0,0,5184.0,18.23
2014,9,20140901,Russian Federation,5384.0,0,4726.0,13.92
2014,10,20141001,Russian Federation,6507.0,0,6748.0,-3.57
2014,11,20141101,Russian Federation,7246.0,0,8376.0,-13.49
2014,12,20141201,Russian Federation,8004.0,0,9435.0,-15.17
2015,1,20150101,Russian Federation,12650.0,0,15770.0,-19.78
2015,2,20150201,Russian Federation,4861.0,0,9154.0,-46.9
2015,3,20150301,Russian Federation,5154.0,0,9563.0,-46.1
2015,4,20150401,Russian Federation,4371.0,0,6996.0,-37.52
2015,5,20150501,Russian Federation,4523.0,0,5746.0,-21.28
2015,6,20150601,Russian Federation,3644.0,0,4874.0,-25.24
2015,7,20150701,Russian Federation,4071.0,0,5280.0,-22.9
2015,8,20150801,Russian Federation,4618.0,0,6129.0,-24.65
2015,9,20150901,Russian Federation,3725.0,0,5384.0,-30.81
2015,10,20151001,Russian Federation,4900.0,0,6507.0,-24.7
2015,11,20151101,Russian Federation,5518.0,0,7246.0,-23.85
2015,12,20151201,Russian Federation,5807.0,0,8004.0,-27.45
2016,1,20160101,Russian Federation,9504.0,0,12650.0,-24.87
2016,2,20160201,Russian Federation,6412.0,0,4861.0,31.91
2016,3,20160301,Russian Federation,6744.0,0,5154.0,30.85
2016,4,20160401,Russian Federation,4961.0,0,4371.0,13.5
2016,5,20160501,Russian Federation,4411.0,0,4523.0,-2.48
2016,6,20160601,Russian Federation,3486.0,0,3644.0,-4.34
2016,7,20160701,Russian Federation,4349.0,0,4071.0,6.83
2016,8,20160801,Russian Federation,5002.0,0,4618.0,8.32
2016,9,20160901,Russian Federation,4503.0,0,3725.0,20.89
2016,10,20161001,Russian Federation,6006.0,0,4900.0,22.57
2016,11,20161101,Russian Federation,7286.0,0,5518.0,32.04
2016,12,20161201,Russian Federation,7739.0,0,5807.0,33.27
2017,1,20170101,Russian Federation,12262.0,0,9504.0,29.02
2017,2,20170201,Russian Federation,8949.0,0,6412.0,39.57
2017,3,20170301,Russian Federation,8963.0,0,6744.0,32.9
2017,4,20170401,Russian Federation,6616.0,0,4961.0,33.36
2017,5,20170501,Russian Federation,5123.0,0,4411.0,16.14
2017,6,20170601,Russian Federation,3992.0,0,3486.0,14.52
2017,7,20170701,Russian Federation,4374.0,0,4349.0,0.57
2017,8,20170801,Russian Federation,4933.0,0,5002.0,-1.38
2017,9,20170901,Russian Federation,4483.0,0,4503.0,-0.44
2017,10,20171001,Russian Federation,5459.0,0,6006.0,-9.11
2017,11,20171101,Russian Federation,7084.0,0,7286.0,-2.77
2017,12,20171201,Russian Federation,7896.0,0,7739.0,2.03
2018,1,20180101,Russian Federation,15838.0,0,12262.0,29.16
2018,2,20180201,Russian Federation,8901.0,0,8949.0,-0.54
2018,3,20180301,Russian Federation,9516.0,0,8963.0,6.17
2018,4,20180401,Russian Federation,7017.0,0,6616.0,6.06
2018,5,20180501,Russian Federation,5265.0,0,5123.0,2.77
2018,6,20180601,Russian Federation,3960.0,0,3992.0,-0.8
2018,7,20180701,Russian Federation,4158.0,0,4374.0,-4.94
2018,8,20180801,Russian Federation,5014.0,0,4933.0,1.64
2018,9,20180901,Russian Federation,4456.0,0,4483.0,-0.6
2018,10,20181001,Russian Federation,5274.0,0,5459.0,-3.39
2018,11,20181101,Russian Federation,7139.0,0,7084.0,0.78
2018,12,20181201,Russian Federation,7989.0,0,7896.0,1.18
2019,1,20190101,Russian Federation,12763.0,0,15838.0,-19.42
2019,2,20190201,Russian Federation,8145.0,0,8901.0,-8.49
2019,3,20190301,Russian Federation,8585.0,0,9516.0,-9.78
2019,4,20190401,Russian Federation,6112.0,0,7017.0,-12.9
2019,5,20190501,Russian Federation,5276.0,0,5265.0,0.21
2019,6,20190601,Russian Federation,3535.0,0,3960.0,-10.73
2019,7,20190701,Russian Federation,4030.0,0,4158.0,-3.08
2019,8,20190801,Russian Federation,4059.0,0,5014.0,-19.05
2019,9,20190901,Russian Federation,4385.0,0,4456.0,-1.59
2019,10,20191001,Russian Federation,5569.0,0,5274.0,5.59
2019,11,20191101,Russian Federation,8171.0,0,7139.0,14.46
2019,12,20191201,Russian Federation,9629.0,0,7989.0,20.53
2023,1,20230101,Russian Federation,6637.0,0,12763.0,-48.0
2023,2,20230201,Russian Federation,7009.0,0,8145.0,-13.95
2023,3,20230301,Russian Federation,6635.0,0,8585.0,-22.71
2023,4,20230401,Russian Federation,5044.0,0,6112.0,-17.47
2023,5,20230501,Russian Federation,3966.0,0,5276.0,-24.83
2023,6,20230601,Russian Federation,2796.0,0,3535.0,-20.91
2023,7,20230701,Russian Federation,3627.0,0,4030.0,-10.0
2023,8,20230801,Russian Federation,3493.0,0,4059.0,-13.94
2023,9,20230901,Russian Federation,3333.0,0,4385.0,-23.99
2023,10,20231001,Russian Federation,3952.0,0,5569.0,-29.04
2023,11,20231101,Russian Federation,4695.0,0,8171.0,-42.54
2023,12,20231201,Russian Federation,5523.0,0,9629.0,-42.64
2024,1,20240101,Russian Federation,9466.0,0,6637.0,42.62
2024,2,20240201,Russian Federation,7152.0,0,7009.0,2.04
2024,3,20240301,Russian Federation,5608.0,0,6635.0,-15.48
2024,4,20240401,Russian Federation,5216.0,0,5044.0,3.41
2024,5,20240501,Russian Federation,3555.0,0,3966.0,-10.36
2024,6,20240601,Russian Federation,2829.0,0,2796.0,1.18
2024,7,20240701,Russian Federation,3763.0,0,3627.0,3.75
2024,8,20240801,Russian Federation,3498.0,0,3493.0,0.14
2024,9,20240901,Russian Federation,3475.0,0,3333.0,4.26
2024,10,20241001,Russian Federation,3905.0,0,3952.0,-1.19
2024,11,20241101,Russian Federation,6235.0,0,4695.0,32.8
2024,12,20241201,Russian Federation,6109.0,0,5523.0,10.61
2025,1,20250101,Russian Federation,10469.0,0,9466.0,10.6
2025,2,20250201,Russian Federation,7933.0,0,7152.0,10.92
2025,3,20250301,Russian Federation,6974.0,0,5608.0,24.36
2025,4,20250401,Russian Federation,5119.0,0,5216.0,-1.86
2025,5,20250501,Russian Federation,4770.0,0,3555.0,34.18
2025,6,20250601,Russian Federation,3239.0,0,2829.0,14.49
2025,7,20250701,Russian Federation,4313.0,0,3763.0,14.62
2025,8,20250801,Russian Federation,4340.0,0,3498.0,24.07
2025,9,20250901,Russian Federation,3891.0,0,3475.0,11.97
2025,10,20251001,Russian Federation,5735.0,0,3905.0,46.86
2025,11,20251101,Russian Federation,5496.0,0,6235.0,-11.85
2025,12,20251201,Russian Federation,6888.0,0,6109.0,12.75
2026,1,20260101,Russian Federation,12384.0,0,10469.0,18.29
2026,2,20260201,Russian Federation,7353.0,0,7933.0,-7.31
2026,3,20260301,Russian Federation,6334.0,0,6974.0,-9.18
2026,4,20260401,Russian Federation,4940.0,0,5119.0,-3.5
2026,5,20260501,Russian Federation,3457.0,0,4770.0,-27.53
2026,6,20260601,Russian Federation,3365.0,0,3239.0,3.89
2026,7,20260701,Russian Federation,4938.0,0,4313.0,14.49
2008,1,20080101,Saudi Arabia,443.0,0,,
2008,2,20080201,Saudi Arabia,640.0,0,,
2008,3,20080301,Saudi Arabia,687.0,0,,
2008,4,20080401,Saudi Arabia,719.0,0,,
2008,5,20080501,Saudi Arabia,533.0,0,,
2008,6,20080601,Saudi Arabia,885.0,0,,
2008,7,20080701,Saudi Arabia,1592.0,0,,
2008,8,20080801,Saudi Arabia,1911.0,0,,
2008,9,20080901,Saudi Arabia,474.0,0,,
2008,10,20081001,Saudi Arabia,750.0,0,,
2008,11,20081101,Saudi Arabia,607.0,0,,
2008,12,20081201,Saudi Arabia,855.0,0,,
2009,1,20090101,Saudi Arabia,446.0,0,443.0,0.68
2009,2,20090201,Saudi Arabia,819.0,0,640.0,27.97
2009,3,20090301,Saudi Arabia,781.0,0,687.0,13.68
2009,4,20090401,Saudi Arabia,719.0,0,719.0,0.0
2009,5,20090501,Saudi Arabia,671.0,0,533.0,25.89
2009,6,20090601,Saudi Arabia,849.0,0,885.0,-4.07
2009,7,20090701,Saudi Arabia,1807.0,0,1592.0,13.51
2009,8,20090801,Saudi Arabia,1503.0,0,1911.0,-21.35
2009,9,20090901,Saudi Arabia,771.0,0,474.0,62.66
2009,10,20091001,Saudi Arabia,666.0,0,750.0,-11.2
2009,11,20091101,Saudi Arabia,1069.0,0,607.0,76.11
2009,12,20091201,Saudi Arabia,714.0,0,855.0,-16.49
2010,1,20100101,Saudi Arabia,513.0,0,446.0,15.02
2010,2,20100201,Saudi Arabia,714.0,0,819.0,-12.82
2010,3,20100301,Saudi Arabia,689.0,0,781.0,-11.78
2010,4,20100401,Saudi Arabia,1038.0,0,719.0,44.37
2010,5,20100501,Saudi Arabia,771.0,0,671.0,14.9
2010,6,20100601,Saudi Arabia,942.0,0,849.0,10.95
2010,7,20100701,Saudi Arabia,2400.0,0,1807.0,32.82
2010,8,20100801,Saudi Arabia,972.0,0,1503.0,-35.33
2010,9,20100901,Saudi Arabia,1345.0,0,771.0,74.45
2010,10,20101001,Saudi Arabia,902.0,0,666.0,35.44
2010,11,20101101,Saudi Arabia,1554.0,0,1069.0,45.37
2010,12,20101201,Saudi Arabia,793.0,0,714.0,11.06
2011,1,20110101,Saudi Arabia,849.0,0,513.0,65.5
2011,2,20110201,Saudi Arabia,1208.0,0,714.0,69.19
2011,3,20110301,Saudi Arabia,792.0,0,689.0,14.95
2011,4,20110401,Saudi Arabia,1231.0,0,1038.0,18.59
2011,5,20110501,Saudi Arabia,936.0,0,771.0,21.4
2011,6,20110601,Saudi Arabia,1512.0,0,942.0,60.51
2011,7,20110701,Saudi Arabia,3696.0,0,2400.0,54.0
2011,8,20110801,Saudi Arabia,1056.0,0,972.0,8.64
2011,9,20110901,Saudi Arabia,1545.0,0,1345.0,14.87
2011,10,20111001,Saudi Arabia,1142.0,0,902.0,26.61
2011,11,20111101,Saudi Arabia,1907.0,0,1554.0,22.72
2011,12,20111201,Saudi Arabia,1167.0,0,793.0,47.16
2012,1,20120101,Saudi Arabia,1664.0,0,849.0,96.0
2012,2,20120201,Saudi Arabia,975.0,0,1208.0,-19.29
2012,3,20120301,Saudi Arabia,1244.0,0,792.0,57.07
2012,4,20120401,Saudi Arabia,1029.0,0,1231.0,-16.41
2012,5,20120501,Saudi Arabia,874.0,0,936.0,-6.62
2012,6,20120601,Saudi Arabia,2519.0,0,1512.0,66.6
2012,7,20120701,Saudi Arabia,2176.0,0,3696.0,-41.13
2012,8,20120801,Saudi Arabia,1785.0,0,1056.0,69.03
2012,9,20120901,Saudi Arabia,1080.0,0,1545.0,-30.1
2012,10,20121001,Saudi Arabia,2517.0,0,1142.0,120.4
2012,11,20121101,Saudi Arabia,1006.0,0,1907.0,-47.25
2012,12,20121201,Saudi Arabia,1100.0,0,1167.0,-5.74
2013,1,20130101,Saudi Arabia,1988.0,0,1664.0,19.47
2013,2,20130201,Saudi Arabia,972.0,0,975.0,-0.31
2013,3,20130301,Saudi Arabia,1610.0,0,1244.0,29.42
2013,4,20130401,Saudi Arabia,1089.0,0,1029.0,5.83
2013,5,20130501,Saudi Arabia,954.0,0,874.0,9.15
2013,6,20130601,Saudi Arabia,2839.0,0,2519.0,12.7
2013,7,20130701,Saudi Arabia,935.0,0,2176.0,-57.03
2013,8,20130801,Saudi Arabia,3606.0,0,1785.0,102.02
2013,9,20130901,Saudi Arabia,1089.0,0,1080.0,0.83
2013,10,20131001,Saudi Arabia,2588.0,0,2517.0,2.82
2013,11,20131101,Saudi Arabia,1007.0,0,1006.0,0.1
2013,12,20131201,Saudi Arabia,1219.0,0,1100.0,10.82
2014,1,20140101,Saudi Arabia,2617.0,0,1988.0,31.64
2014,2,20140201,Saudi Arabia,1322.0,0,972.0,36.01
2014,3,20140301,Saudi Arabia,2037.0,0,1610.0,26.52
2014,4,20140401,Saudi Arabia,1379.0,0,1089.0,26.63
2014,5,20140501,Saudi Arabia,1556.0,0,954.0,63.1
2014,6,20140601,Saudi Arabia,2205.0,0,2839.0,-22.33
2014,7,20140701,Saudi Arabia,1760.0,0,935.0,88.24
2014,8,20140801,Saudi Arabia,5290.0,0,3606.0,46.7
2014,9,20140901,Saudi Arabia,2311.0,0,1089.0,112.21
2014,10,20141001,Saudi Arabia,2349.0,0,2588.0,-9.23
2014,11,20141101,Saudi Arabia,1660.0,0,1007.0,64.85
2014,12,20141201,Saudi Arabia,1292.0,0,1219.0,5.99
2015,1,20150101,Saudi Arabia,2500.0,0,2617.0,-4.47
2015,2,20150201,Saudi Arabia,948.0,0,1322.0,-28.29
2015,3,20150301,Saudi Arabia,1777.0,0,2037.0,-12.76
2015,4,20150401,Saudi Arabia,873.0,0,1379.0,-36.69
2015,5,20150501,Saudi Arabia,711.0,0,1556.0,-54.31
2015,6,20150601,Saudi Arabia,735.0,0,2205.0,-66.67
2015,7,20150701,Saudi Arabia,2177.0,0,1760.0,23.69
2015,8,20150801,Saudi Arabia,1932.0,0,5290.0,-63.48
2015,9,20150901,Saudi Arabia,1845.0,0,2311.0,-20.16
2015,10,20151001,Saudi Arabia,893.0,0,2349.0,-61.98
2015,11,20151101,Saudi Arabia,797.0,0,1660.0,-51.99
2015,12,20151201,Saudi Arabia,903.0,0,1292.0,-30.11
2016,1,20160101,Saudi Arabia,1420.0,0,2500.0,-43.2
2016,2,20160201,Saudi Arabia,797.0,0,948.0,-15.93
2016,3,20160301,Saudi Arabia,1332.0,0,1777.0,-25.04
2016,4,20160401,Saudi Arabia,789.0,0,873.0,-9.62
2016,5,20160501,Saudi Arabia,1049.0,0,711.0,47.54
2016,6,20160601,Saudi Arabia,501.0,0,735.0,-31.84
2016,7,20160701,Saudi Arabia,2278.0,0,2177.0,4.64
2016,8,20160801,Saudi Arabia,2074.0,0,1932.0,7.35
2016,9,20160901,Saudi Arabia,1750.0,0,1845.0,-5.15
2016,10,20161001,Saudi Arabia,598.0,0,893.0,-33.03
2016,11,20161101,Saudi Arabia,1123.0,0,797.0,40.9
2016,12,20161201,Saudi Arabia,809.0,0,903.0,-10.41
2017,1,20170101,Saudi Arabia,1065.0,0,1420.0,-25.0
2017,2,20170201,Saudi Arabia,835.0,0,797.0,4.77
2017,3,20170301,Saudi Arabia,1111.0,0,1332.0,-16.59
2017,4,20170401,Saudi Arabia,928.0,0,789.0,17.62
2017,5,20170501,Saudi Arabia,594.0,0,1049.0,-43.37
2017,6,20170601,Saudi Arabia,640.0,0,501.0,27.74
2017,7,20170701,Saudi Arabia,1427.0,0,2278.0,-37.36
2017,8,20170801,Saudi Arabia,1315.0,0,2074.0,-36.6
2017,9,20170901,Saudi Arabia,883.0,0,1750.0,-49.54
2017,10,20171001,Saudi Arabia,621.0,0,598.0,3.85
2017,11,20171101,Saudi Arabia,754.0,0,1123.0,-32.86
2017,12,20171201,Saudi Arabia,817.0,0,809.0,0.99
2018,1,20180101,Saudi Arabia,1276.0,0,1065.0,19.81
2018,2,20180201,Saudi Arabia,523.0,0,835.0,-37.37
2018,3,20180301,Saudi Arabia,903.0,0,1111.0,-18.72
2018,4,20180401,Saudi Arabia,625.0,0,928.0,-32.65
2018,5,20180501,Saudi Arabia,452.0,0,594.0,-23.91
2018,6,20180601,Saudi Arabia,1183.0,0,640.0,84.84
2018,7,20180701,Saudi Arabia,1708.0,0,1427.0,19.69
2018,8,20180801,Saudi Arabia,1677.0,0,1315.0,27.53
2018,9,20180901,Saudi Arabia,807.0,0,883.0,-8.61
2018,10,20181001,Saudi Arabia,703.0,0,621.0,13.2
2018,11,20181101,Saudi Arabia,768.0,0,754.0,1.86
2018,12,20181201,Saudi Arabia,1304.0,0,817.0,59.61
2019,1,20190101,Saudi Arabia,963.0,0,1276.0,-24.53
2019,2,20190201,Saudi Arabia,765.0,0,523.0,46.27
2019,3,20190301,Saudi Arabia,952.0,0,903.0,5.43
2019,4,20190401,Saudi Arabia,1019.0,0,625.0,63.04
2019,5,20190501,Saudi Arabia,378.0,0,452.0,-16.37
2019,6,20190601,Saudi Arabia,2204.0,0,1183.0,86.31
2019,7,20190701,Saudi Arabia,2489.0,0,1708.0,45.73
2019,8,20190801,Saudi Arabia,2490.0,0,1677.0,48.48
2019,9,20190901,Saudi Arabia,959.0,0,807.0,18.84
2019,10,20191001,Saudi Arabia,909.0,0,703.0,29.3
2019,11,20191101,Saudi Arabia,999.0,0,768.0,30.08
2019,12,20191201,Saudi Arabia,1344.0,0,1304.0,3.07
2023,1,20230101,Saudi Arabia,532.0,0,963.0,-44.76
2023,2,20230201,Saudi Arabia,688.0,0,765.0,-10.07
2023,3,20230301,Saudi Arabia,880.0,0,952.0,-7.56
2023,4,20230401,Saudi Arabia,750.0,0,1019.0,-26.4
2023,5,20230501,Saudi Arabia,836.0,0,378.0,121.16
2023,6,20230601,Saudi Arabia,2965.0,0,2204.0,34.53
2023,7,20230701,Saudi Arabia,5249.0,0,2489.0,110.89
2023,8,20230801,Saudi Arabia,3123.0,0,2490.0,25.42
2023,9,20230901,Saudi Arabia,1844.0,0,959.0,92.28
2023,10,20231001,Saudi Arabia,1764.0,0,909.0,94.06
2023,11,20231101,Saudi Arabia,2652.0,0,999.0,165.47
2023,12,20231201,Saudi Arabia,1568.0,0,1344.0,16.67
2024,1,20240101,Saudi Arabia,2080.0,0,532.0,290.98
2024,2,20240201,Saudi Arabia,2003.0,0,688.0,191.13
2024,3,20240301,Saudi Arabia,813.0,0,880.0,-7.61
2024,4,20240401,Saudi Arabia,1956.0,0,750.0,160.8
2024,5,20240501,Saudi Arabia,1402.0,0,836.0,67.7
2024,6,20240601,Saudi Arabia,3651.0,0,2965.0,23.14
2024,7,20240701,Saudi Arabia,4557.0,0,5249.0,-13.18
2024,8,20240801,Saudi Arabia,3065.0,0,3123.0,-1.86
2024,9,20240901,Saudi Arabia,1929.0,0,1844.0,4.61
2024,10,20241001,Saudi Arabia,1597.0,0,1764.0,-9.47
2024,11,20241101,Saudi Arabia,3429.0,0,2652.0,29.3
2024,12,20241201,Saudi Arabia,1914.0,0,1568.0,22.07
2025,1,20250101,Saudi Arabia,2381.0,0,2080.0,14.47
2025,2,20250201,Saudi Arabia,1856.0,0,2003.0,-7.34
2025,3,20250301,Saudi Arabia,1401.0,0,813.0,72.32
2025,4,20250401,Saudi Arabia,2251.0,0,1956.0,15.08
2025,5,20250501,Saudi Arabia,1616.0,0,1402.0,15.26
2025,6,20250601,Saudi Arabia,3991.0,0,3651.0,9.31
2025,7,20250701,Saudi Arabia,5047.0,0,4557.0,10.75
2025,8,20250801,Saudi Arabia,3941.0,0,3065.0,28.58
2025,9,20250901,Saudi Arabia,1950.0,0,1929.0,1.09
2025,10,20251001,Saudi Arabia,1796.0,0,1597.0,12.46
2025,11,20251101,Saudi Arabia,2979.0,0,3429.0,-13.12
2025,12,20251201,Saudi Arabia,1726.0,0,1914.0,-9.82
2026,1,20260101,Saudi Arabia,2720.0,0,2381.0,14.24
2026,2,20260201,Saudi Arabia,685.0,0,1856.0,-63.09
2026,3,20260301,Saudi Arabia,874.0,0,1401.0,-37.62
2026,4,20260401,Saudi Arabia,703.0,0,2251.0,-68.77
2026,5,20260501,Saudi Arabia,1615.0,0,1616.0,-0.06
2026,6,20260601,Saudi Arabia,1808.0,0,3991.0,-54.7
2026,7,20260701,Saudi Arabia,4013.0,0,5047.0,-20.49
2008,1,20080101,South Africa (Rep of),4407.0,0,,
2008,2,20080201,South Africa (Rep of),1893.0,0,,
2008,3,20080301,South Africa (Rep of),3889.0,0,,
2008,4,20080401,South Africa (Rep of),3837.0,0,,
2008,5,20080501,South Africa (Rep of),2405.0,0,,
2008,6,20080601,South Africa (Rep of),2835.0,0,,
2008,7,20080701,South Africa (Rep of),3415.0,0,,
2008,8,20080801,South Africa (Rep of),2753.0,0,,
2008,9,20080901,South Africa (Rep of),2781.0,0,,
2008,10,20081001,South Africa (Rep of),3859.0,0,,
2008,11,20081101,South Africa (Rep of),2765.0,0,,
2008,12,20081201,South Africa (Rep of),5244.0,0,,
2009,1,20090101,South Africa (Rep of),3416.0,0,4407.0,-22.49
2009,2,20090201,South Africa (Rep of),2016.0,0,1893.0,6.5
2009,3,20090301,South Africa (Rep of),2340.0,0,3889.0,-39.83
2009,4,20090401,South Africa (Rep of),2723.0,0,3837.0,-29.03
2009,5,20090501,South Africa (Rep of),2218.0,0,2405.0,-7.78
2009,6,20090601,South Africa (Rep of),2435.0,0,2835.0,-14.11
2009,7,20090701,South Africa (Rep of),3304.0,0,3415.0,-3.25
2009,8,20090801,South Africa (Rep of),2532.0,0,2753.0,-8.03
2009,9,20090901,South Africa (Rep of),2505.0,0,2781.0,-9.92
2009,10,20091001,South Africa (Rep of),3061.0,0,3859.0,-20.68
2009,11,20091101,South Africa (Rep of),2656.0,0,2765.0,-3.94
2009,12,20091201,South Africa (Rep of),5325.0,0,5244.0,1.54
2010,1,20100101,South Africa (Rep of),3470.0,0,3416.0,1.58
2010,2,20100201,South Africa (Rep of),1721.0,0,2016.0,-14.63
2010,3,20100301,South Africa (Rep of),2654.0,0,2340.0,13.42
2010,4,20100401,South Africa (Rep of),2722.0,0,2723.0,-0.04
2010,5,20100501,South Africa (Rep of),2170.0,0,2218.0,-2.16
2010,6,20100601,South Africa (Rep of),2155.0,0,2435.0,-11.5
2010,7,20100701,South Africa (Rep of),1870.0,0,3304.0,-43.4
2010,8,20100801,South Africa (Rep of),2107.0,0,2532.0,-16.79
2010,9,20100901,South Africa (Rep of),2995.0,0,2505.0,19.56
2010,10,20101001,South Africa (Rep of),2663.0,0,3061.0,-13.0
2010,11,20101101,South Africa (Rep of),2187.0,0,2656.0,-17.66
2010,12,20101201,South Africa (Rep of),5721.0,0,5325.0,7.44
2011,1,20110101,South Africa (Rep of),3908.0,0,3470.0,12.62
2011,2,20110201,South Africa (Rep of),1565.0,0,1721.0,-9.06
2011,3,20110301,South Africa (Rep of),2634.0,0,2654.0,-0.75
2011,4,20110401,South Africa (Rep of),3518.0,0,2722.0,29.24
2011,5,20110501,South Africa (Rep of),2028.0,0,2170.0,-6.54
2011,6,20110601,South Africa (Rep of),2117.0,0,2155.0,-1.76
2011,7,20110701,South Africa (Rep of),2965.0,0,1870.0,58.56
2011,8,20110801,South Africa (Rep of),1798.0,0,2107.0,-14.67
2011,9,20110901,South Africa (Rep of),2715.0,0,2995.0,-9.35
2011,10,20111001,South Africa (Rep of),2853.0,0,2663.0,7.13
2011,11,20111101,South Africa (Rep of),2100.0,0,2187.0,-3.98
2011,12,20111201,South Africa (Rep of),5305.0,0,5721.0,-7.27
2012,1,20120101,South Africa (Rep of),3185.0,0,3908.0,-18.5
2012,2,20120201,South Africa (Rep of),2172.0,0,1565.0,38.79
2012,3,20120301,South Africa (Rep of),2992.0,0,2634.0,13.59
2012,4,20120401,South Africa (Rep of),3018.0,0,3518.0,-14.21
2012,5,20120501,South Africa (Rep of),2251.0,0,2028.0,11.0
2012,6,20120601,South Africa (Rep of),2591.0,0,2117.0,22.39
2012,7,20120701,South Africa (Rep of),2674.0,0,2965.0,-9.81
2012,8,20120801,South Africa (Rep of),1841.0,0,1798.0,2.39
2012,9,20120901,South Africa (Rep of),2639.0,0,2715.0,-2.8
2012,10,20121001,South Africa (Rep of),2230.0,0,2853.0,-21.84
2012,11,20121101,South Africa (Rep of),2230.0,0,2100.0,6.19
2012,12,20121201,South Africa (Rep of),4940.0,0,5305.0,-6.88
2013,1,20130101,South Africa (Rep of),3191.0,0,3185.0,0.19
2013,2,20130201,South Africa (Rep of),1606.0,0,2172.0,-26.06
2013,3,20130301,South Africa (Rep of),3184.0,0,2992.0,6.42
2013,4,20130401,South Africa (Rep of),2494.0,0,3018.0,-17.36
2013,5,20130501,South Africa (Rep of),2301.0,0,2251.0,2.22
2013,6,20130601,South Africa (Rep of),2645.0,0,2591.0,2.08
2013,7,20130701,South Africa (Rep of),2528.0,0,2674.0,-5.46
2013,8,20130801,South Africa (Rep of),1730.0,0,1841.0,-6.03
2013,9,20130901,South Africa (Rep of),2934.0,0,2639.0,11.18
2013,10,20131001,South Africa (Rep of),2113.0,0,2230.0,-5.25
2013,11,20131101,South Africa (Rep of),1873.0,0,2230.0,-16.01
2013,12,20131201,South Africa (Rep of),5395.0,0,4940.0,9.21
2014,1,20140101,South Africa (Rep of),2829.0,0,3191.0,-11.34
2014,2,20140201,South Africa (Rep of),1729.0,0,1606.0,7.66
2014,3,20140301,South Africa (Rep of),2280.0,0,3184.0,-28.39
2014,4,20140401,South Africa (Rep of),3364.0,0,2494.0,34.88
2014,5,20140501,South Africa (Rep of),1912.0,0,2301.0,-16.91
2014,6,20140601,South Africa (Rep of),1800.0,0,2645.0,-31.95
2014,7,20140701,South Africa (Rep of),2448.0,0,2528.0,-3.16
2014,8,20140801,South Africa (Rep of),2037.0,0,1730.0,17.75
2014,9,20140901,South Africa (Rep of),2354.0,0,2934.0,-19.77
2014,10,20141001,South Africa (Rep of),1853.0,0,2113.0,-12.3
2014,11,20141101,South Africa (Rep of),2310.0,0,1873.0,23.33
2014,12,20141201,South Africa (Rep of),4842.0,0,5395.0,-10.25
2015,1,20150101,South Africa (Rep of),3255.0,0,2829.0,15.06
2015,2,20150201,South Africa (Rep of),1619.0,0,1729.0,-6.36
2015,3,20150301,South Africa (Rep of),2541.0,0,2280.0,11.45
2015,4,20150401,South Africa (Rep of),2885.0,0,3364.0,-14.24
2015,5,20150501,South Africa (Rep of),2351.0,0,1912.0,22.96
2015,6,20150601,South Africa (Rep of),2048.0,0,1800.0,13.78
2015,7,20150701,South Africa (Rep of),2752.0,0,2448.0,12.42
2015,8,20150801,South Africa (Rep of),2183.0,0,2037.0,7.17
2015,9,20150901,South Africa (Rep of),2642.0,0,2354.0,12.23
2015,10,20151001,South Africa (Rep of),2981.0,0,1853.0,60.87
2015,11,20151101,South Africa (Rep of),2347.0,0,2310.0,1.6
2015,12,20151201,South Africa (Rep of),4866.0,0,4842.0,0.5
2016,1,20160101,South Africa (Rep of),3359.0,0,3255.0,3.2
2016,2,20160201,South Africa (Rep of),1696.0,0,1619.0,4.76
2016,3,20160301,South Africa (Rep of),2966.0,0,2541.0,16.73
2016,4,20160401,South Africa (Rep of),3055.0,0,2885.0,5.89
2016,5,20160501,South Africa (Rep of),2202.0,0,2351.0,-6.34
2016,6,20160601,South Africa (Rep of),1832.0,0,2048.0,-10.55
2016,7,20160701,South Africa (Rep of),2806.0,0,2752.0,1.96
2016,8,20160801,South Africa (Rep of),2282.0,0,2183.0,4.54
2016,9,20160901,South Africa (Rep of),2430.0,0,2642.0,-8.02
2016,10,20161001,South Africa (Rep of),2809.0,0,2981.0,-5.77
2016,11,20161101,South Africa (Rep of),2092.0,0,2347.0,-10.86
2016,12,20161201,South Africa (Rep of),5305.0,0,4866.0,9.02
2017,1,20170101,South Africa (Rep of),3724.0,0,3359.0,10.87
2017,2,20170201,South Africa (Rep of),1687.0,0,1696.0,-0.53
2017,3,20170301,South Africa (Rep of),2759.0,0,2966.0,-6.98
2017,4,20170401,South Africa (Rep of),3789.0,0,3055.0,24.03
2017,5,20170501,South Africa (Rep of),2311.0,0,2202.0,4.95
2017,6,20170601,South Africa (Rep of),1936.0,0,1832.0,5.68
2017,7,20170701,South Africa (Rep of),2900.0,0,2806.0,3.35
2017,8,20170801,South Africa (Rep of),2226.0,0,2282.0,-2.45
2017,9,20170901,South Africa (Rep of),2638.0,0,2430.0,8.56
2017,10,20171001,South Africa (Rep of),2416.0,0,2809.0,-13.99
2017,11,20171101,South Africa (Rep of),2200.0,0,2092.0,5.16
2017,12,20171201,South Africa (Rep of),6040.0,0,5305.0,13.85
2018,1,20180101,South Africa (Rep of),3934.0,0,3724.0,5.64
2018,2,20180201,South Africa (Rep of),1899.0,0,1687.0,12.57
2018,3,20180301,South Africa (Rep of),3210.0,0,2759.0,16.35
2018,4,20180401,South Africa (Rep of),3373.0,0,3789.0,-10.98
2018,5,20180501,South Africa (Rep of),2237.0,0,2311.0,-3.2
2018,6,20180601,South Africa (Rep of),2772.0,0,1936.0,43.18
2018,7,20180701,South Africa (Rep of),3606.0,0,2900.0,24.34
2018,8,20180801,South Africa (Rep of),3052.0,0,2226.0,37.11
2018,9,20180901,South Africa (Rep of),3084.0,0,2638.0,16.91
2018,10,20181001,South Africa (Rep of),2712.0,0,2416.0,12.25
2018,11,20181101,South Africa (Rep of),2154.0,0,2200.0,-2.09
2018,12,20181201,South Africa (Rep of),6378.0,0,6040.0,5.6
2019,1,20190101,South Africa (Rep of),3566.0,0,3934.0,-9.35
2019,2,20190201,South Africa (Rep of),1845.0,0,1899.0,-2.84
2019,3,20190301,South Africa (Rep of),3219.0,0,3210.0,0.28
2019,4,20190401,South Africa (Rep of),3422.0,0,3373.0,1.45
2019,5,20190501,South Africa (Rep of),2560.0,0,2237.0,14.44
2019,6,20190601,South Africa (Rep of),3428.0,0,2772.0,23.67
2019,7,20190701,South Africa (Rep of),2900.0,0,3606.0,-19.58
2019,8,20190801,South Africa (Rep of),2815.0,0,3052.0,-7.77
2019,9,20190901,South Africa (Rep of),4257.0,0,3084.0,38.04
2019,10,20191001,South Africa (Rep of),3087.0,0,2712.0,13.83
2019,11,20191101,South Africa (Rep of),3042.0,0,2154.0,41.23
2019,12,20191201,South Africa (Rep of),8596.0,0,6378.0,34.78
2023,1,20230101,South Africa (Rep of),2229.0,0,3566.0,-37.49
2023,2,20230201,South Africa (Rep of),1698.0,0,1845.0,-7.97
2023,3,20230301,South Africa (Rep of),1995.0,0,3219.0,-38.02
2023,4,20230401,South Africa (Rep of),2177.0,0,3422.0,-36.38
2023,5,20230501,South Africa (Rep of),1823.0,0,2560.0,-28.79
2023,6,20230601,South Africa (Rep of),1946.0,0,3428.0,-43.23
2023,7,20230701,South Africa (Rep of),2166.0,0,2900.0,-25.31
2023,8,20230801,South Africa (Rep of),1718.0,0,2815.0,-38.97
2023,9,20230901,South Africa (Rep of),2323.0,0,4257.0,-45.43
2023,10,20231001,South Africa (Rep of),1833.0,0,3087.0,-40.62
2023,11,20231101,South Africa (Rep of),1789.0,0,3042.0,-41.19
2023,12,20231201,South Africa (Rep of),4221.0,0,8596.0,-50.9
2024,1,20240101,South Africa (Rep of),3197.0,0,2229.0,43.43
2024,2,20240201,South Africa (Rep of),1621.0,0,1698.0,-4.53
2024,3,20240301,South Africa (Rep of),2742.0,0,1995.0,37.44
2024,4,20240401,South Africa (Rep of),1986.0,0,2177.0,-8.77
2024,5,20240501,South Africa (Rep of),1775.0,0,1823.0,-2.63
2024,6,20240601,South Africa (Rep of),2529.0,0,1946.0,29.96
2024,7,20240701,South Africa (Rep of),2167.0,0,2166.0,0.05
2024,8,20240801,South Africa (Rep of),1902.0,0,1718.0,10.71
2024,9,20240901,South Africa (Rep of),2646.0,0,2323.0,13.9
2024,10,20241001,South Africa (Rep of),1970.0,0,1833.0,7.47
2024,11,20241101,South Africa (Rep of),1821.0,0,1789.0,1.79
2024,12,20241201,South Africa (Rep of),5336.0,0,4221.0,26.42
2025,1,20250101,South Africa (Rep of),2942.0,0,3197.0,-7.98
2025,2,20250201,South Africa (Rep of),1470.0,0,1621.0,-9.32
2025,3,20250301,South Africa (Rep of),2069.0,0,2742.0,-24.54
2025,4,20250401,South Africa (Rep of),3011.0,0,1986.0,51.61
2025,5,20250501,South Africa (Rep of),2156.0,0,1775.0,21.46
2025,6,20250601,South Africa (Rep of),2394.0,0,2529.0,-5.34
2025,7,20250701,South Africa (Rep of),3470.0,0,2167.0,60.13
2025,8,20250801,South Africa (Rep of),2525.0,0,1902.0,32.75
2025,9,20250901,South Africa (Rep of),2882.0,0,2646.0,8.92
2025,10,20251001,South Africa (Rep of),3494.0,0,1970.0,77.36
2025,11,20251101,South Africa (Rep of),2863.0,0,1821.0,57.22
2025,12,20251201,South Africa (Rep of),6708.0,0,5336.0,25.71
2026,1,20260101,South Africa (Rep of),3569.0,0,2942.0,21.31
2026,2,20260201,South Africa (Rep of),1727.0,0,1470.0,17.48
2026,3,20260301,South Africa (Rep of),3063.0,0,2069.0,48.04
2026,4,20260401,South Africa (Rep of),3503.0,0,3011.0,16.34
2026,5,20260501,South Africa (Rep of),2176.0,0,2156.0,0.93
2026,6,20260601,South Africa (Rep of),2847.0,0,2394.0,18.92
2026,7,20260701,South Africa (Rep of),3536.0,0,3470.0,1.9
2008,1,20080101,South Korea,50432.0,1,,
2008,2,20080201,South Korea,40998.0,1,,
2008,3,20080301,South Korea,39683.0,1,,
2008,4,20080401,South Korea,33946.0,1,,
2008,5,20080501,South Korea,36412.0,1,,
2008,6,20080601,South Korea,35998.0,1,,
2008,7,20080701,South Korea,39614.0,1,,
2008,8,20080801,South Korea,42338.0,1,,
2008,9,20080901,South Korea,25914.0,1,,
2008,10,20081001,South Korea,30930.0,1,,
2008,11,20081101,South Korea,24445.0,1,,
2008,12,20081201,South Korea,22308.0,1,,
2009,1,20090101,South Korea,25516.0,1,50432.0,-49.41
2009,2,20090201,South Korea,27387.0,1,40998.0,-33.2
2009,3,20090301,South Korea,20759.0,1,39683.0,-47.69
2009,4,20090401,South Korea,21323.0,1,33946.0,-37.19
2009,5,20090501,South Korea,21854.0,1,36412.0,-39.98
2009,6,20090601,South Korea,20991.0,1,35998.0,-41.69
2009,7,20090701,South Korea,30389.0,1,39614.0,-23.29
2009,8,20090801,South Korea,32332.0,1,42338.0,-23.63
2009,9,20090901,South Korea,15714.0,1,25914.0,-39.36
2009,10,20091001,South Korea,16069.0,1,30930.0,-48.05
2009,11,20091101,South Korea,19620.0,1,24445.0,-19.74
2009,12,20091201,South Korea,20033.0,1,22308.0,-10.2
2010,1,20100101,South Korea,39437.0,1,25516.0,54.56
2010,2,20100201,South Korea,29589.0,1,27387.0,8.04
2010,3,20100301,South Korea,30113.0,1,20759.0,45.06
2010,4,20100401,South Korea,24785.0,1,21323.0,16.24
2010,5,20100501,South Korea,32161.0,1,21854.0,47.16
2010,6,20100601,South Korea,30033.0,1,20991.0,43.08
2010,7,20100701,South Korea,32673.0,1,30389.0,7.52
2010,8,20100801,South Korea,34169.0,1,32332.0,5.68
2010,9,20100901,South Korea,25665.0,1,15714.0,63.33
2010,10,20101001,South Korea,29009.0,1,16069.0,80.53
2010,11,20101101,South Korea,27814.0,1,19620.0,41.76
2010,12,20101201,South Korea,25255.0,1,20033.0,26.07
2011,1,20110101,South Korea,41070.0,1,39437.0,4.14
2011,2,20110201,South Korea,36810.0,1,29589.0,24.4
2011,3,20110301,South Korea,29619.0,1,30113.0,-1.64
2011,4,20110401,South Korea,28004.0,1,24785.0,12.99
2011,5,20110501,South Korea,33736.0,1,32161.0,4.9
2011,6,20110601,South Korea,34233.0,1,30033.0,13.98
2011,7,20110701,South Korea,40587.0,1,32673.0,24.22
2011,8,20110801,South Korea,44364.0,1,34169.0,29.84
2011,9,20110901,South Korea,30112.0,1,25665.0,17.33
2011,10,20111001,South Korea,33594.0,1,29009.0,15.81
2011,11,20111101,South Korea,33145.0,1,27814.0,19.17
2011,12,20111201,South Korea,29605.0,1,25255.0,17.22
2012,1,20120101,South Korea,45933.0,1,41070.0,11.84
2012,2,20120201,South Korea,45397.0,1,36810.0,23.33
2012,3,20120301,South Korea,34077.0,1,29619.0,15.05
2012,4,20120401,South Korea,31252.0,1,28004.0,11.6
2012,5,20120501,South Korea,33018.0,1,33736.0,-2.13
2012,6,20120601,South Korea,34394.0,1,34233.0,0.47
2012,7,20120701,South Korea,42524.0,1,40587.0,4.77
2012,8,20120801,South Korea,47383.0,1,44364.0,6.81
2012,9,20120901,South Korea,31247.0,1,30112.0,3.77
2012,10,20121001,South Korea,34713.0,1,33594.0,3.33
2012,11,20121101,South Korea,34014.0,1,33145.0,2.62
2012,12,20121201,South Korea,31232.0,1,29605.0,5.5
2013,1,20130101,South Korea,53193.0,1,45933.0,15.81
2013,2,20130201,South Korea,40229.0,1,45397.0,-11.38
2013,3,20130301,South Korea,36755.0,1,34077.0,7.86
2013,4,20130401,South Korea,31296.0,1,31252.0,0.14
2013,5,20130501,South Korea,33857.0,1,33018.0,2.54
2013,6,20130601,South Korea,36409.0,1,34394.0,5.86
2013,7,20130701,South Korea,41913.0,1,42524.0,-1.44
2013,8,20130801,South Korea,45986.0,1,47383.0,-2.95
2013,9,20130901,South Korea,35599.0,1,31247.0,13.93
2013,10,20131001,South Korea,40157.0,1,34713.0,15.68
2013,11,20131101,South Korea,40388.0,1,34014.0,18.74
2013,12,20131201,South Korea,35986.0,1,31232.0,15.22
2014,1,20140101,South Korea,59745.0,1,53193.0,12.32
2014,2,20140201,South Korea,51930.0,1,40229.0,29.09
2014,3,20140301,South Korea,40995.0,1,36755.0,11.54
2014,4,20140401,South Korea,36247.0,1,31296.0,15.82
2014,5,20140501,South Korea,41946.0,1,33857.0,23.89
2014,6,20140601,South Korea,37589.0,1,36409.0,3.24
2014,7,20140701,South Korea,46666.0,1,41913.0,11.34
2014,8,20140801,South Korea,56623.0,1,45986.0,23.13
2014,9,20140901,South Korea,39276.0,1,35599.0,10.33
2014,10,20141001,South Korea,44810.0,1,40157.0,11.59
2014,11,20141101,South Korea,40230.0,1,40388.0,-0.39
2014,12,20141201,South Korea,40918.0,1,35986.0,13.71
2015,1,20150101,South Korea,71820.0,1,59745.0,20.21
2015,2,20150201,South Korea,51415.0,1,51930.0,-0.99
2015,3,20150301,South Korea,42872.0,1,40995.0,4.58
2015,4,20150401,South Korea,41602.0,1,36247.0,14.77
2015,5,20150501,South Korea,43883.0,1,41946.0,4.62
2015,6,20150601,South Korea,37193.0,1,37589.0,-1.05
2015,7,20150701,South Korea,48375.0,1,46666.0,3.66
2015,8,20150801,South Korea,60468.0,1,56623.0,6.79
2015,9,20150901,South Korea,39063.0,1,39276.0,-0.54
2015,10,20151001,South Korea,50582.0,1,44810.0,12.88
2015,11,20151101,South Korea,44988.0,1,40230.0,11.83
2015,12,20151201,South Korea,44821.0,1,40918.0,9.54
2016,1,20160101,South Korea,74180.0,1,71820.0,3.29
2016,2,20160201,South Korea,57595.0,1,51415.0,12.02
2016,3,20160301,South Korea,40959.0,1,42872.0,-4.46
2016,4,20160401,South Korea,41356.0,1,41602.0,-0.59
2016,5,20160501,South Korea,44932.0,1,43883.0,2.39
2016,6,20160601,South Korea,43766.0,1,37193.0,17.67
2016,7,20160701,South Korea,54700.0,1,48375.0,13.07
2016,8,20160801,South Korea,62018.0,1,60468.0,2.56
2016,9,20160901,South Korea,37742.0,1,39063.0,-3.38
2016,10,20161001,South Korea,34346.0,1,50582.0,-32.1
2016,11,20161101,South Korea,36314.0,1,44988.0,-19.28
2016,12,20161201,South Korea,38601.0,1,44821.0,-13.88
2017,1,20170101,South Korea,60247.0,1,74180.0,-18.78
2017,2,20170201,South Korea,60174.0,1,57595.0,4.48
2017,3,20170301,South Korea,43942.0,1,40959.0,7.28
2017,4,20170401,South Korea,48829.0,1,41356.0,18.07
2017,5,20170501,South Korea,52762.0,1,44932.0,17.43
2017,6,20170601,South Korea,49487.0,1,43766.0,13.07
2017,7,20170701,South Korea,58326.0,1,54700.0,6.63
2017,8,20170801,South Korea,60957.0,1,62018.0,-1.71
2017,9,20170901,South Korea,47602.0,1,37742.0,26.12
2017,10,20171001,South Korea,53430.0,1,34346.0,55.56
2017,11,20171101,South Korea,52123.0,1,36314.0,43.53
2017,12,20171201,South Korea,43484.0,1,38601.0,12.65
2018,1,20180101,South Korea,75502.0,1,60247.0,25.32
2018,2,20180201,South Korea,53161.0,1,60174.0,-11.65
2018,3,20180301,South Korea,49127.0,1,43942.0,11.8
2018,4,20180401,South Korea,44550.0,1,48829.0,-8.76
2018,5,20180501,South Korea,46720.0,1,52762.0,-11.45
2018,6,20180601,South Korea,45325.0,1,49487.0,-8.41
2018,7,20180701,South Korea,57823.0,1,58326.0,-0.86
2018,8,20180801,South Korea,62729.0,1,60957.0,2.91
2018,9,20180901,South Korea,47734.0,1,47602.0,0.28
2018,10,20181001,South Korea,53926.0,1,53430.0,0.93
2018,11,20181101,South Korea,50634.0,1,52123.0,-2.86
2018,12,20181201,South Korea,42223.0,1,43484.0,-2.9
2019,1,20190101,South Korea,72704.0,1,75502.0,-3.71
2019,2,20190201,South Korea,62241.0,1,53161.0,17.08
2019,3,20190301,South Korea,47168.0,1,49127.0,-3.99
2019,4,20190401,South Korea,39464.0,1,44550.0,-11.42
2019,5,20190501,South Korea,43561.0,1,46720.0,-6.76
2019,6,20190601,South Korea,45706.0,1,45325.0,0.84
2019,7,20190701,South Korea,59119.0,1,57823.0,2.24
2019,8,20190801,South Korea,65643.0,1,62729.0,4.65
2019,9,20190901,South Korea,51660.0,1,47734.0,8.22
2019,10,20191001,South Korea,56598.0,1,53926.0,4.95
2019,11,20191101,South Korea,52765.0,1,50634.0,4.21
2019,12,20191201,South Korea,49219.0,1,42223.0,16.57
2023,1,20230101,South Korea,60457.0,1,72704.0,-16.85
2023,2,20230201,South Korea,64876.0,1,62241.0,4.23
2023,3,20230301,South Korea,35396.0,1,47168.0,-24.96
2023,4,20230401,South Korea,31780.0,1,39464.0,-19.47
2023,5,20230501,South Korea,39203.0,1,43561.0,-10.0
2023,6,20230601,South Korea,40187.0,1,45706.0,-12.08
2023,7,20230701,South Korea,60960.0,1,59119.0,3.11
2023,8,20230801,South Korea,62177.0,1,65643.0,-5.28
2023,9,20230901,South Korea,48187.0,1,51660.0,-6.72
2023,10,20231001,South Korea,45621.0,1,56598.0,-19.39
2023,11,20231101,South Korea,42614.0,1,52765.0,-19.24
2023,12,20231201,South Korea,39198.0,1,49219.0,-20.36
2024,1,20240101,South Korea,79245.0,1,60457.0,31.08
2024,2,20240201,South Korea,69109.0,1,64876.0,6.52
2024,3,20240301,South Korea,42056.0,1,35396.0,18.82
2024,4,20240401,South Korea,37348.0,1,31780.0,17.52
2024,5,20240501,South Korea,39802.0,1,39203.0,1.53
2024,6,20240601,South Korea,39405.0,1,40187.0,-1.95
2024,7,20240701,South Korea,57385.0,1,60960.0,-5.86
2024,8,20240801,South Korea,60986.0,1,62177.0,-1.92
2024,9,20240901,South Korea,44886.0,1,48187.0,-6.85
2024,10,20241001,South Korea,42088.0,1,45621.0,-7.74
2024,11,20241101,South Korea,39600.0,1,42614.0,-7.07
2024,12,20241201,South Korea,42842.0,1,39198.0,9.3
2025,1,20250101,South Korea,79301.0,1,79245.0,0.07
2025,2,20250201,South Korea,72230.0,1,69109.0,4.52
2025,3,20250301,South Korea,38446.0,1,42056.0,-8.58
2025,4,20250401,South Korea,32026.0,1,37348.0,-14.25
2025,5,20250501,South Korea,39936.0,1,39802.0,0.34
2025,6,20250601,South Korea,36356.0,1,39405.0,-7.74
2025,7,20250701,South Korea,59416.0,1,57385.0,3.54
2025,8,20250801,South Korea,64983.0,1,60986.0,6.55
2025,9,20250901,South Korea,35676.0,1,44886.0,-20.52
2025,10,20251001,South Korea,50782.0,1,42088.0,20.66
2025,11,20251101,South Korea,41934.0,1,39600.0,5.89
2025,12,20251201,South Korea,35924.0,1,42842.0,-16.15
2026,1,20260101,South Korea,69244.0,1,79301.0,-12.68
2026,2,20260201,South Korea,65674.0,1,72230.0,-9.08
2026,3,20260301,South Korea,37411.0,1,38446.0,-2.69
2026,4,20260401,South Korea,33036.0,1,32026.0,3.15
2026,5,20260501,South Korea,31917.0,1,39936.0,-20.08
2026,6,20260601,South Korea,28873.0,1,36356.0,-20.58
2026,7,20260701,South Korea,45873.0,1,59416.0,-22.79
2008,1,20080101,Spain,2032.0,0,,
2008,2,20080201,Spain,1795.0,0,,
2008,3,20080301,Spain,2819.0,0,,
2008,4,20080401,Spain,1970.0,0,,
2008,5,20080501,Spain,1715.0,0,,
2008,6,20080601,Spain,1672.0,0,,
2008,7,20080701,Spain,3364.0,0,,
2008,8,20080801,Spain,4595.0,0,,
2008,9,20080901,Spain,2550.0,0,,
2008,10,20081001,Spain,2333.0,0,,
2008,11,20081101,Spain,2623.0,0,,
2008,12,20081201,Spain,2498.0,0,,
2009,1,20090101,Spain,1957.0,0,2032.0,-3.69
2009,2,20090201,Spain,1838.0,0,1795.0,2.4
2009,3,20090301,Spain,2259.0,0,2819.0,-19.87
2009,4,20090401,Spain,1965.0,0,1970.0,-0.25
2009,5,20090501,Spain,1898.0,0,1715.0,10.67
2009,6,20090601,Spain,2152.0,0,1672.0,28.71
2009,7,20090701,Spain,2842.0,0,3364.0,-15.52
2009,8,20090801,Spain,4449.0,0,4595.0,-3.18
2009,9,20090901,Spain,3032.0,0,2550.0,18.9
2009,10,20091001,Spain,3155.0,0,2333.0,35.23
2009,11,20091101,Spain,3008.0,0,2623.0,14.68
2009,12,20091201,Spain,2316.0,0,2498.0,-7.29
2010,1,20100101,Spain,2174.0,0,1957.0,11.09
2010,2,20100201,Spain,2275.0,0,1838.0,23.78
2010,3,20100301,Spain,2940.0,0,2259.0,30.15
2010,4,20100401,Spain,2222.0,0,1965.0,13.08
2010,5,20100501,Spain,1918.0,0,1898.0,1.05
2010,6,20100601,Spain,2352.0,0,2152.0,9.29
2010,7,20100701,Spain,3267.0,0,2842.0,14.95
2010,8,20100801,Spain,5274.0,0,4449.0,18.54
2010,9,20100901,Spain,3066.0,0,3032.0,1.12
2010,10,20101001,Spain,2959.0,0,3155.0,-6.21
2010,11,20101101,Spain,2750.0,0,3008.0,-8.58
2010,12,20101201,Spain,2568.0,0,2316.0,10.88
2011,1,20110101,Spain,2200.0,0,2174.0,1.2
2011,2,20110201,Spain,1973.0,0,2275.0,-13.27
2011,3,20110301,Spain,2811.0,0,2940.0,-4.39
2011,4,20110401,Spain,2744.0,0,2222.0,23.49
2011,5,20110501,Spain,1963.0,0,1918.0,2.35
2011,6,20110601,Spain,2015.0,0,2352.0,-14.33
2011,7,20110701,Spain,3336.0,0,3267.0,2.11
2011,8,20110801,Spain,5411.0,0,5274.0,2.6
2011,9,20110901,Spain,2948.0,0,3066.0,-3.85
2011,10,20111001,Spain,3343.0,0,2959.0,12.98
2011,11,20111101,Spain,3173.0,0,2750.0,15.38
2011,12,20111201,Spain,3060.0,0,2568.0,19.16
2012,1,20120101,Spain,2473.0,0,2200.0,12.41
2012,2,20120201,Spain,2398.0,0,1973.0,21.54
2012,3,20120301,Spain,3107.0,0,2811.0,10.53
2012,4,20120401,Spain,3051.0,0,2744.0,11.19
2012,5,20120501,Spain,2131.0,0,1963.0,8.56
2012,6,20120601,Spain,2263.0,0,2015.0,12.31
2012,7,20120701,Spain,3663.0,0,3336.0,9.8
2012,8,20120801,Spain,5802.0,0,5411.0,7.23
2012,9,20120901,Spain,3565.0,0,2948.0,20.93
2012,10,20121001,Spain,3646.0,0,3343.0,9.06
2012,11,20121101,Spain,3264.0,0,3173.0,2.87
2012,12,20121201,Spain,2415.0,0,3060.0,-21.08
2013,1,20130101,Spain,2516.0,0,2473.0,1.74
2013,2,20130201,Spain,2530.0,0,2398.0,5.5
2013,3,20130301,Spain,3469.0,0,3107.0,11.65
2013,4,20130401,Spain,2508.0,0,3051.0,-17.8
2013,5,20130501,Spain,2317.0,0,2131.0,8.73
2013,6,20130601,Spain,2278.0,0,2263.0,0.66
2013,7,20130701,Spain,4024.0,0,3663.0,9.86
2013,8,20130801,Spain,6584.0,0,5802.0,13.48
2013,9,20130901,Spain,3636.0,0,3565.0,1.99
2013,10,20131001,Spain,3257.0,0,3646.0,-10.67
2013,11,20131101,Spain,3338.0,0,3264.0,2.27
2013,12,20131201,Spain,3050.0,0,2415.0,26.29
2014,1,20140101,Spain,3095.0,0,2516.0,23.01
2014,2,20140201,Spain,3022.0,0,2530.0,19.45
2014,3,20140301,Spain,3444.0,0,3469.0,-0.72
2014,4,20140401,Spain,3394.0,0,2508.0,35.33
2014,5,20140501,Spain,2657.0,0,2317.0,14.67
2014,6,20140601,Spain,2515.0,0,2278.0,10.4
2014,7,20140701,Spain,4047.0,0,4024.0,0.57
2014,8,20140801,Spain,7295.0,0,6584.0,10.8
2014,9,20140901,Spain,4153.0,0,3636.0,14.22
2014,10,20141001,Spain,3488.0,0,3257.0,7.09
2014,11,20141101,Spain,3757.0,0,3338.0,12.55
2014,12,20141201,Spain,3348.0,0,3050.0,9.77
2015,1,20150101,Spain,3546.0,0,3095.0,14.57
2015,2,20150201,Spain,2893.0,0,3022.0,-4.27
2015,3,20150301,Spain,3715.0,0,3444.0,7.87
2015,4,20150401,Spain,3094.0,0,3394.0,-8.84
2015,5,20150501,Spain,2953.0,0,2657.0,11.14
2015,6,20150601,Spain,2717.0,0,2515.0,8.03
2015,7,20150701,Spain,4875.0,0,4047.0,20.46
2015,8,20150801,Spain,8377.0,0,7295.0,14.83
2015,9,20150901,Spain,4330.0,0,4153.0,4.26
2015,10,20151001,Spain,4046.0,0,3488.0,16.0
2015,11,20151101,Spain,4464.0,0,3757.0,18.82
2015,12,20151201,Spain,3064.0,0,3348.0,-8.48
2016,1,20160101,Spain,3432.0,0,3546.0,-3.21
2016,2,20160201,Spain,3159.0,0,2893.0,9.19
2016,3,20160301,Spain,4382.0,0,3715.0,17.95
2016,4,20160401,Spain,3156.0,0,3094.0,2.0
2016,5,20160501,Spain,2973.0,0,2953.0,0.68
2016,6,20160601,Spain,2541.0,0,2717.0,-6.48
2016,7,20160701,Spain,4973.0,0,4875.0,2.01
2016,8,20160801,Spain,8652.0,0,8377.0,3.28
2016,9,20160901,Spain,4377.0,0,4330.0,1.09
2016,10,20161001,Spain,4166.0,0,4046.0,2.97
2016,11,20161101,Spain,4088.0,0,4464.0,-8.42
2016,12,20161201,Spain,3592.0,0,3064.0,17.23
2017,1,20170101,Spain,3529.0,0,3432.0,2.83
2017,2,20170201,Spain,3625.0,0,3159.0,14.75
2017,3,20170301,Spain,3866.0,0,4382.0,-11.78
2017,4,20170401,Spain,4391.0,0,3156.0,39.13
2017,5,20170501,Spain,3244.0,0,2973.0,9.12
2017,6,20170601,Spain,3305.0,0,2541.0,30.07
2017,7,20170701,Spain,6321.0,0,4973.0,27.11
2017,8,20170801,Spain,11064.0,0,8652.0,27.88
2017,9,20170901,Spain,6101.0,0,4377.0,39.39
2017,10,20171001,Spain,5534.0,0,4166.0,32.84
2017,11,20171101,Spain,5615.0,0,4088.0,37.35
2017,12,20171201,Spain,4041.0,0,3592.0,12.5
2018,1,20180101,Spain,4664.0,0,3529.0,32.16
2018,2,20180201,Spain,4399.0,0,3625.0,21.35
2018,3,20180301,Spain,5684.0,0,3866.0,47.03
2018,4,20180401,Spain,4483.0,0,4391.0,2.1
2018,5,20180501,Spain,3770.0,0,3244.0,16.21
2018,6,20180601,Spain,3811.0,0,3305.0,15.31
2018,7,20180701,Spain,7079.0,0,6321.0,11.99
2018,8,20180801,Spain,11978.0,0,11064.0,8.26
2018,9,20180901,Spain,6652.0,0,6101.0,9.03
2018,10,20181001,Spain,5138.0,0,5534.0,-7.16
2018,11,20181101,Spain,5173.0,0,5615.0,-7.87
2018,12,20181201,Spain,4053.0,0,4041.0,0.3
2019,1,20190101,Spain,4212.0,0,4664.0,-9.69
2019,2,20190201,Spain,4065.0,0,4399.0,-7.59
2019,3,20190301,Spain,4274.0,0,5684.0,-24.81
2019,4,20190401,Spain,4865.0,0,4483.0,8.52
2019,5,20190501,Spain,3374.0,0,3770.0,-10.5
2019,6,20190601,Spain,3746.0,0,3811.0,-1.71
2019,7,20190701,Spain,6997.0,0,7079.0,-1.16
2019,8,20190801,Spain,12701.0,0,11978.0,6.04
2019,9,20190901,Spain,6479.0,0,6652.0,-2.6
2019,10,20191001,Spain,4798.0,0,5138.0,-6.62
2019,11,20191101,Spain,4946.0,0,5173.0,-4.39
2019,12,20191201,Spain,4942.0,0,4053.0,21.93
2023,1,20230101,Spain,3229.0,0,4212.0,-23.34
2023,2,20230201,Spain,3302.0,0,4065.0,-18.77
2023,3,20230301,Spain,3936.0,0,4274.0,-7.91
2023,4,20230401,Spain,4517.0,0,4865.0,-7.15
2023,5,20230501,Spain,3689.0,0,3374.0,9.34
2023,6,20230601,Spain,3562.0,0,3746.0,-4.91
2023,7,20230701,Spain,5983.0,0,6997.0,-14.49
2023,8,20230801,Spain,10525.0,0,12701.0,-17.13
2023,9,20230901,Spain,6203.0,0,6479.0,-4.26
2023,10,20231001,Spain,4717.0,0,4798.0,-1.69
2023,11,20231101,Spain,4098.0,0,4946.0,-17.15
2023,12,20231201,Spain,3531.0,0,4942.0,-28.55
2024,1,20240101,Spain,3992.0,0,3229.0,23.63
2024,2,20240201,Spain,3659.0,0,3302.0,10.81
2024,3,20240301,Spain,4731.0,0,3936.0,20.2
2024,4,20240401,Spain,3814.0,0,4517.0,-15.56
2024,5,20240501,Spain,3703.0,0,3689.0,0.38
2024,6,20240601,Spain,4224.0,0,3562.0,18.59
2024,7,20240701,Spain,7989.0,0,5983.0,33.53
2024,8,20240801,Spain,13721.0,0,10525.0,30.37
2024,9,20240901,Spain,7460.0,0,6203.0,20.26
2024,10,20241001,Spain,5487.0,0,4717.0,16.32
2024,11,20241101,Spain,5432.0,0,4098.0,32.55
2024,12,20241201,Spain,4362.0,0,3531.0,23.53
2025,1,20250101,Spain,4376.0,0,3992.0,9.62
2025,2,20250201,Spain,4278.0,0,3659.0,16.92
2025,3,20250301,Spain,4586.0,0,4731.0,-3.06
2025,4,20250401,Spain,5561.0,0,3814.0,45.8
2025,5,20250501,Spain,4008.0,0,3703.0,8.24
2025,6,20250601,Spain,4557.0,0,4224.0,7.88
2025,7,20250701,Spain,10880.0,0,7989.0,36.19
2025,8,20250801,Spain,16966.0,0,13721.0,23.65
2025,9,20250901,Spain,7984.0,0,7460.0,7.02
2025,10,20251001,Spain,5364.0,0,5487.0,-2.24
2025,11,20251101,Spain,5048.0,0,5432.0,-7.07
2025,12,20251201,Spain,4391.0,0,4362.0,0.66
2026,1,20260101,Spain,4762.0,0,4376.0,8.82
2026,2,20260201,Spain,4451.0,0,4278.0,4.04
2026,3,20260301,Spain,4467.0,0,4586.0,-2.59
2026,4,20260401,Spain,4388.0,0,5561.0,-21.09
2026,5,20260501,Spain,3397.0,0,4008.0,-15.24
2026,6,20260601,Spain,4266.0,0,4557.0,-6.39
2026,7,20260701,Spain,8488.0,0,10880.0,-21.99
2008,1,20080101,Sri Lanka,6211.0,0,,
2008,2,20080201,Sri Lanka,5789.0,0,,
2008,3,20080301,Sri Lanka,6073.0,0,,
2008,4,20080401,Sri Lanka,9426.0,0,,
2008,5,20080501,Sri Lanka,6283.0,0,,
2008,6,20080601,Sri Lanka,5799.0,0,,
2008,7,20080701,Sri Lanka,6286.0,0,,
2008,8,20080801,Sri Lanka,8029.0,0,,
2008,9,20080901,Sri Lanka,4969.0,0,,
2008,10,20081001,Sri Lanka,6018.0,0,,
2008,11,20081101,Sri Lanka,5631.0,0,,
2008,12,20081201,Sri Lanka,9304.0,0,,
2009,1,20090101,Sri Lanka,4322.0,0,6211.0,-30.41
2009,2,20090201,Sri Lanka,4598.0,0,5789.0,-20.57
2009,3,20090301,Sri Lanka,4340.0,0,6073.0,-28.54
2009,4,20090401,Sri Lanka,7845.0,0,9426.0,-16.77
2009,5,20090501,Sri Lanka,4544.0,0,6283.0,-27.68
2009,6,20090601,Sri Lanka,4992.0,0,5799.0,-13.92
2009,7,20090701,Sri Lanka,5820.0,0,6286.0,-7.41
2009,8,20090801,Sri Lanka,7523.0,0,8029.0,-6.3
2009,9,20090901,Sri Lanka,5616.0,0,4969.0,13.02
2009,10,20091001,Sri Lanka,6242.0,0,6018.0,3.72
2009,11,20091101,Sri Lanka,6078.0,0,5631.0,7.94
2009,12,20091201,Sri Lanka,8090.0,0,9304.0,-13.05
2010,1,20100101,Sri Lanka,4770.0,0,4322.0,10.37
2010,2,20100201,Sri Lanka,4734.0,0,4598.0,2.96
2010,3,20100301,Sri Lanka,5375.0,0,4340.0,23.85
2010,4,20100401,Sri Lanka,9961.0,0,7845.0,26.97
2010,5,20100501,Sri Lanka,6043.0,0,4544.0,32.99
2010,6,20100601,Sri Lanka,5750.0,0,4992.0,15.18
2010,7,20100701,Sri Lanka,6207.0,0,5820.0,6.65
2010,8,20100801,Sri Lanka,7816.0,0,7523.0,3.89
2010,9,20100901,Sri Lanka,5759.0,0,5616.0,2.55
2010,10,20101001,Sri Lanka,6295.0,0,6242.0,0.85
2010,11,20101101,Sri Lanka,5786.0,0,6078.0,-4.8
2010,12,20101201,Sri Lanka,10477.0,0,8090.0,29.51
2011,1,20110101,Sri Lanka,5721.0,0,4770.0,19.94
2011,2,20110201,Sri Lanka,5908.0,0,4734.0,24.8
2011,3,20110301,Sri Lanka,5635.0,0,5375.0,4.84
2011,4,20110401,Sri Lanka,9706.0,0,9961.0,-2.56
2011,5,20110501,Sri Lanka,5744.0,0,6043.0,-4.95
2011,6,20110601,Sri Lanka,5296.0,0,5750.0,-7.9
2011,7,20110701,Sri Lanka,7585.0,0,6207.0,22.2
2011,8,20110801,Sri Lanka,7586.0,0,7816.0,-2.94
2011,9,20110901,Sri Lanka,6394.0,0,5759.0,11.03
2011,10,20111001,Sri Lanka,6469.0,0,6295.0,2.76
2011,11,20111101,Sri Lanka,6560.0,0,5786.0,13.38
2011,12,20111201,Sri Lanka,11387.0,0,10477.0,8.69
2012,1,20120101,Sri Lanka,5407.0,0,5721.0,-5.49
2012,2,20120201,Sri Lanka,6251.0,0,5908.0,5.81
2012,3,20120301,Sri Lanka,5286.0,0,5635.0,-6.19
2012,4,20120401,Sri Lanka,10243.0,0,9706.0,5.53
2012,5,20120501,Sri Lanka,5346.0,0,5744.0,-6.93
2012,6,20120601,Sri Lanka,6040.0,0,5296.0,14.05
2012,7,20120701,Sri Lanka,5847.0,0,7585.0,-22.91
2012,8,20120801,Sri Lanka,7979.0,0,7586.0,5.18
2012,9,20120901,Sri Lanka,6398.0,0,6394.0,0.06
2012,10,20121001,Sri Lanka,7229.0,0,6469.0,11.75
2012,11,20121101,Sri Lanka,6607.0,0,6560.0,0.72
2012,12,20121201,Sri Lanka,10726.0,0,11387.0,-5.8
2013,1,20130101,Sri Lanka,6741.0,0,5407.0,24.67
2013,2,20130201,Sri Lanka,6392.0,0,6251.0,2.26
2013,3,20130301,Sri Lanka,7474.0,0,5286.0,41.39
2013,4,20130401,Sri Lanka,12588.0,0,10243.0,22.89
2013,5,20130501,Sri Lanka,7066.0,0,5346.0,32.17
2013,6,20130601,Sri Lanka,6206.0,0,6040.0,2.75
2013,7,20130701,Sri Lanka,7038.0,0,5847.0,20.37
2013,8,20130801,Sri Lanka,10237.0,0,7979.0,28.3
2013,9,20130901,Sri Lanka,7144.0,0,6398.0,11.66
2013,10,20131001,Sri Lanka,6932.0,0,7229.0,-4.11
2013,11,20131101,Sri Lanka,6408.0,0,6607.0,-3.01
2013,12,20131201,Sri Lanka,11380.0,0,10726.0,6.1
2014,1,20140101,Sri Lanka,6440.0,0,6741.0,-4.47
2014,2,20140201,Sri Lanka,6006.0,0,6392.0,-6.04
2014,3,20140301,Sri Lanka,5772.0,0,7474.0,-22.77
2014,4,20140401,Sri Lanka,11131.0,0,12588.0,-11.57
2014,5,20140501,Sri Lanka,6994.0,0,7066.0,-1.02
2014,6,20140601,Sri Lanka,6369.0,0,6206.0,2.63
2014,7,20140701,Sri Lanka,5711.0,0,7038.0,-18.85
2014,8,20140801,Sri Lanka,9649.0,0,10237.0,-5.74
2014,9,20140901,Sri Lanka,7536.0,0,7144.0,5.49
2014,10,20141001,Sri Lanka,6987.0,0,6932.0,0.79
2014,11,20141101,Sri Lanka,7603.0,0,6408.0,18.65
2014,12,20141201,Sri Lanka,8608.0,0,11380.0,-24.36
2015,1,20150101,Sri Lanka,6139.0,0,6440.0,-4.67
2015,2,20150201,Sri Lanka,5987.0,0,6006.0,-0.32
2015,3,20150301,Sri Lanka,7640.0,0,5772.0,32.36
2015,4,20150401,Sri Lanka,11103.0,0,11131.0,-0.25
2015,5,20150501,Sri Lanka,7652.0,0,6994.0,9.41
2015,6,20150601,Sri Lanka,5832.0,0,6369.0,-8.43
2015,7,20150701,Sri Lanka,6782.0,0,5711.0,18.75
2015,8,20150801,Sri Lanka,8965.0,0,9649.0,-7.09
2015,9,20150901,Sri Lanka,7477.0,0,7536.0,-0.78
2015,10,20151001,Sri Lanka,8083.0,0,6987.0,15.69
2015,11,20151101,Sri Lanka,7432.0,0,7603.0,-2.25
2015,12,20151201,Sri Lanka,9960.0,0,8608.0,15.71
2016,1,20160101,Sri Lanka,6624.0,0,6139.0,7.9
2016,2,20160201,Sri Lanka,6577.0,0,5987.0,9.85
2016,3,20160301,Sri Lanka,6699.0,0,7640.0,-12.32
2016,4,20160401,Sri Lanka,12708.0,0,11103.0,14.46
2016,5,20160501,Sri Lanka,7434.0,0,7652.0,-2.85
2016,6,20160601,Sri Lanka,5764.0,0,5832.0,-1.17
2016,7,20160701,Sri Lanka,7919.0,0,6782.0,16.76
2016,8,20160801,Sri Lanka,11142.0,0,8965.0,24.28
2016,9,20160901,Sri Lanka,7745.0,0,7477.0,3.58
2016,10,20161001,Sri Lanka,7825.0,0,8083.0,-3.19
2016,11,20161101,Sri Lanka,9161.0,0,7432.0,23.26
2016,12,20161201,Sri Lanka,12307.0,0,9960.0,23.56
2017,1,20170101,Sri Lanka,5931.0,0,6624.0,-10.46
2017,2,20170201,Sri Lanka,6246.0,0,6577.0,-5.03
2017,3,20170301,Sri Lanka,7058.0,0,6699.0,5.36
2017,4,20170401,Sri Lanka,12363.0,0,12708.0,-2.71
2017,5,20170501,Sri Lanka,8870.0,0,7434.0,19.32
2017,6,20170601,Sri Lanka,6806.0,0,5764.0,18.08
2017,7,20170701,Sri Lanka,7806.0,0,7919.0,-1.43
2017,8,20170801,Sri Lanka,11805.0,0,11142.0,5.95
2017,9,20170901,Sri Lanka,9322.0,0,7745.0,20.36
2017,10,20171001,Sri Lanka,9313.0,0,7825.0,19.02
2017,11,20171101,Sri Lanka,9585.0,0,9161.0,4.63
2017,12,20171201,Sri Lanka,12684.0,0,12307.0,3.06
2018,1,20180101,Sri Lanka,8059.0,0,5931.0,35.88
2018,2,20180201,Sri Lanka,7316.0,0,6246.0,17.13
2018,3,20180301,Sri Lanka,8101.0,0,7058.0,14.78
2018,4,20180401,Sri Lanka,15128.0,0,12363.0,22.37
2018,5,20180501,Sri Lanka,8880.0,0,8870.0,0.11
2018,6,20180601,Sri Lanka,7904.0,0,6806.0,16.13
2018,7,20180701,Sri Lanka,10183.0,0,7806.0,30.45
2018,8,20180801,Sri Lanka,12264.0,0,11805.0,3.89
2018,9,20180901,Sri Lanka,9442.0,0,9322.0,1.29
2018,10,20181001,Sri Lanka,9312.0,0,9313.0,-0.01
2018,11,20181101,Sri Lanka,8097.0,0,9585.0,-15.52
2018,12,20181201,Sri Lanka,9116.0,0,12684.0,-28.13
2019,1,20190101,Sri Lanka,6367.0,0,8059.0,-21.0
2019,2,20190201,Sri Lanka,6277.0,0,7316.0,-14.2
2019,3,20190301,Sri Lanka,7044.0,0,8101.0,-13.05
2019,4,20190401,Sri Lanka,10438.0,0,15128.0,-31.0
2019,5,20190501,Sri Lanka,6772.0,0,8880.0,-23.74
2019,6,20190601,Sri Lanka,7221.0,0,7904.0,-8.64
2019,7,20190701,Sri Lanka,7768.0,0,10183.0,-23.72
2019,8,20190801,Sri Lanka,9693.0,0,12264.0,-20.96
2019,9,20190901,Sri Lanka,8314.0,0,9442.0,-11.95
2019,10,20191001,Sri Lanka,8108.0,0,9312.0,-12.93
2019,11,20191101,Sri Lanka,9755.0,0,8097.0,20.48
2019,12,20191201,Sri Lanka,10983.0,0,9116.0,20.48
2023,1,20230101,Sri Lanka,3083.0,0,6367.0,-51.58
2023,2,20230201,Sri Lanka,3829.0,0,6277.0,-39.0
2023,3,20230301,Sri Lanka,4088.0,0,7044.0,-41.96
2023,4,20230401,Sri Lanka,4897.0,0,10438.0,-53.08
2023,5,20230501,Sri Lanka,4276.0,0,6772.0,-36.86
2023,6,20230601,Sri Lanka,4368.0,0,7221.0,-39.51
2023,7,20230701,Sri Lanka,4509.0,0,7768.0,-41.95
2023,8,20230801,Sri Lanka,5567.0,0,9693.0,-42.57
2023,9,20230901,Sri Lanka,5156.0,0,8314.0,-37.98
2023,10,20231001,Sri Lanka,4487.0,0,8108.0,-44.66
2023,11,20231101,Sri Lanka,5048.0,0,9755.0,-48.25
2023,12,20231201,Sri Lanka,5975.0,0,10983.0,-45.6
2024,1,20240101,Sri Lanka,5586.0,0,3083.0,81.19
2024,2,20240201,Sri Lanka,4111.0,0,3829.0,7.36
2024,3,20240301,Sri Lanka,4449.0,0,4088.0,8.83
2024,4,20240401,Sri Lanka,6184.0,0,4897.0,26.28
2024,5,20240501,Sri Lanka,5773.0,0,4276.0,35.01
2024,6,20240601,Sri Lanka,4995.0,0,4368.0,14.35
2024,7,20240701,Sri Lanka,4907.0,0,4509.0,8.83
2024,8,20240801,Sri Lanka,5767.0,0,5567.0,3.59
2024,9,20240901,Sri Lanka,5221.0,0,5156.0,1.26
2024,10,20241001,Sri Lanka,4837.0,0,4487.0,7.8
2024,11,20241101,Sri Lanka,4970.0,0,5048.0,-1.55
2024,12,20241201,Sri Lanka,6804.0,0,5975.0,13.87
2025,1,20250101,Sri Lanka,4463.0,0,5586.0,-20.1
2025,2,20250201,Sri Lanka,4342.0,0,4111.0,5.62
2025,3,20250301,Sri Lanka,4974.0,0,4449.0,11.8
2025,4,20250401,Sri Lanka,7127.0,0,6184.0,15.25
2025,5,20250501,Sri Lanka,6177.0,0,5773.0,7.0
2025,6,20250601,Sri Lanka,4463.0,0,4995.0,-10.65
2025,7,20250701,Sri Lanka,6216.0,0,4907.0,26.68
2025,8,20250801,Sri Lanka,7157.0,0,5767.0,24.1
2025,9,20250901,Sri Lanka,5784.0,0,5221.0,10.78
2025,10,20251001,Sri Lanka,6025.0,0,4837.0,24.56
2025,11,20251101,Sri Lanka,6311.0,0,4970.0,26.98
2025,12,20251201,Sri Lanka,5694.0,0,6804.0,-16.31
2026,1,20260101,Sri Lanka,4557.0,0,4463.0,2.11
2026,2,20260201,Sri Lanka,4164.0,0,4342.0,-4.1
2026,3,20260301,Sri Lanka,4493.0,0,4974.0,-9.67
2026,4,20260401,Sri Lanka,7547.0,0,7127.0,5.89
2026,5,20260501,Sri Lanka,4822.0,0,6177.0,-21.94
2026,6,20260601,Sri Lanka,4809.0,0,4463.0,7.75
2026,7,20260701,Sri Lanka,5901.0,0,6216.0,-5.07
2008,1,20080101,Sweden,5036.0,0,,
2008,2,20080201,Sweden,4112.0,0,,
2008,3,20080301,Sweden,4248.0,0,,
2008,4,20080401,Sweden,2538.0,0,,
2008,5,20080501,Sweden,1768.0,0,,
2008,6,20080601,Sweden,1944.0,0,,
2008,7,20080701,Sweden,2114.0,0,,
2008,8,20080801,Sweden,1598.0,0,,
2008,9,20080901,Sweden,1848.0,0,,
2008,10,20081001,Sweden,2684.0,0,,
2008,11,20081101,Sweden,2951.0,0,,
2008,12,20081201,Sweden,4322.0,0,,
2009,1,20090101,Sweden,4682.0,0,5036.0,-7.03
2009,2,20090201,Sweden,3343.0,0,4112.0,-18.7
2009,3,20090301,Sweden,3114.0,0,4248.0,-26.69
2009,4,20090401,Sweden,2597.0,0,2538.0,2.32
2009,5,20090501,Sweden,1621.0,0,1768.0,-8.31
2009,6,20090601,Sweden,1816.0,0,1944.0,-6.58
2009,7,20090701,Sweden,1829.0,0,2114.0,-13.48
2009,8,20090801,Sweden,1494.0,0,1598.0,-6.51
2009,9,20090901,Sweden,1957.0,0,1848.0,5.9
2009,10,20091001,Sweden,2597.0,0,2684.0,-3.24
2009,11,20091101,Sweden,2959.0,0,2951.0,0.27
2009,12,20091201,Sweden,3915.0,0,4322.0,-9.42
2010,1,20100101,Sweden,4708.0,0,4682.0,0.56
2010,2,20100201,Sweden,3956.0,0,3343.0,18.34
2010,3,20100301,Sweden,4166.0,0,3114.0,33.78
2010,4,20100401,Sweden,2839.0,0,2597.0,9.32
2010,5,20100501,Sweden,1822.0,0,1621.0,12.4
2010,6,20100601,Sweden,2117.0,0,1816.0,16.57
2010,7,20100701,Sweden,2057.0,0,1829.0,12.47
2010,8,20100801,Sweden,1748.0,0,1494.0,17.0
2010,9,20100901,Sweden,1772.0,0,1957.0,-9.45
2010,10,20101001,Sweden,2609.0,0,2597.0,0.46
2010,11,20101101,Sweden,3276.0,0,2959.0,10.71
2010,12,20101201,Sweden,4014.0,0,3915.0,2.53
2011,1,20110101,Sweden,4840.0,0,4708.0,2.8
2011,2,20110201,Sweden,3824.0,0,3956.0,-3.34
2011,3,20110301,Sweden,3720.0,0,4166.0,-10.71
2011,4,20110401,Sweden,2856.0,0,2839.0,0.6
2011,5,20110501,Sweden,1926.0,0,1822.0,5.71
2011,6,20110601,Sweden,2011.0,0,2117.0,-5.01
2011,7,20110701,Sweden,2455.0,0,2057.0,19.35
2011,8,20110801,Sweden,1726.0,0,1748.0,-1.26
2011,9,20110901,Sweden,1901.0,0,1772.0,7.28
2011,10,20111001,Sweden,3228.0,0,2609.0,23.73
2011,11,20111101,Sweden,3947.0,0,3276.0,20.48
2011,12,20111201,Sweden,4934.0,0,4014.0,22.92
2012,1,20120101,Sweden,5682.0,0,4840.0,17.4
2012,2,20120201,Sweden,5967.0,0,3824.0,56.04
2012,3,20120301,Sweden,5175.0,0,3720.0,39.11
2012,4,20120401,Sweden,3447.0,0,2856.0,20.69
2012,5,20120501,Sweden,2008.0,0,1926.0,4.26
2012,6,20120601,Sweden,2043.0,0,2011.0,1.59
2012,7,20120701,Sweden,2430.0,0,2455.0,-1.02
2012,8,20120801,Sweden,1872.0,0,1726.0,8.46
2012,9,20120901,Sweden,1905.0,0,1901.0,0.21
2012,10,20121001,Sweden,3035.0,0,3228.0,-5.98
2012,11,20121101,Sweden,3875.0,0,3947.0,-1.82
2012,12,20121201,Sweden,5809.0,0,4934.0,17.73
2013,1,20130101,Sweden,6892.0,0,5682.0,21.3
2013,2,20130201,Sweden,5440.0,0,5967.0,-8.83
2013,3,20130301,Sweden,5395.0,0,5175.0,4.25
2013,4,20130401,Sweden,3243.0,0,3447.0,-5.92
2013,5,20130501,Sweden,2199.0,0,2008.0,9.51
2013,6,20130601,Sweden,2240.0,0,2043.0,9.64
2013,7,20130701,Sweden,2710.0,0,2430.0,11.52
2013,8,20130801,Sweden,2049.0,0,1872.0,9.46
2013,9,20130901,Sweden,1952.0,0,1905.0,2.47
2013,10,20131001,Sweden,3491.0,0,3035.0,15.02
2013,11,20131101,Sweden,3593.0,0,3875.0,-7.28
2013,12,20131201,Sweden,6052.0,0,5809.0,4.18
2014,1,20140101,Sweden,6910.0,0,6892.0,0.26
2014,2,20140201,Sweden,5289.0,0,5440.0,-2.78
2014,3,20140301,Sweden,4821.0,0,5395.0,-10.64
2014,4,20140401,Sweden,3676.0,0,3243.0,13.35
2014,5,20140501,Sweden,2417.0,0,2199.0,9.91
2014,6,20140601,Sweden,2160.0,0,2240.0,-3.57
2014,7,20140701,Sweden,2716.0,0,2710.0,0.22
2014,8,20140801,Sweden,1841.0,0,2049.0,-10.15
2014,9,20140901,Sweden,2034.0,0,1952.0,4.2
2014,10,20141001,Sweden,3331.0,0,3491.0,-4.58
2014,11,20141101,Sweden,3498.0,0,3593.0,-2.64
2014,12,20141201,Sweden,5363.0,0,6052.0,-11.38
2015,1,20150101,Sweden,6295.0,0,6910.0,-8.9
2015,2,20150201,Sweden,4556.0,0,5289.0,-13.86
2015,3,20150301,Sweden,4284.0,0,4821.0,-11.14
2015,4,20150401,Sweden,3138.0,0,3676.0,-14.64
2015,5,20150501,Sweden,1985.0,0,2417.0,-17.87
2015,6,20150601,Sweden,2091.0,0,2160.0,-3.19
2015,7,20150701,Sweden,2911.0,0,2716.0,7.18
2015,8,20150801,Sweden,1946.0,0,1841.0,5.7
2015,9,20150901,Sweden,2102.0,0,2034.0,3.34
2015,10,20151001,Sweden,3753.0,0,3331.0,12.67
2015,11,20151101,Sweden,4078.0,0,3498.0,16.58
2015,12,20151201,Sweden,5423.0,0,5363.0,1.12
2016,1,20160101,Sweden,6852.0,0,6295.0,8.85
2016,2,20160201,Sweden,5075.0,0,4556.0,11.39
2016,3,20160301,Sweden,5278.0,0,4284.0,23.2
2016,4,20160401,Sweden,3165.0,0,3138.0,0.86
2016,5,20160501,Sweden,2063.0,0,1985.0,3.93
2016,6,20160601,Sweden,1963.0,0,2091.0,-6.12
2016,7,20160701,Sweden,2991.0,0,2911.0,2.75
2016,8,20160801,Sweden,1908.0,0,1946.0,-1.95
2016,9,20160901,Sweden,2076.0,0,2102.0,-1.24
2016,10,20161001,Sweden,3422.0,0,3753.0,-8.82
2016,11,20161101,Sweden,4142.0,0,4078.0,1.57
2016,12,20161201,Sweden,4830.0,0,5423.0,-10.93
2017,1,20170101,Sweden,6232.0,0,6852.0,-9.05
2017,2,20170201,Sweden,5726.0,0,5075.0,12.83
2017,3,20170301,Sweden,4664.0,0,5278.0,-11.63
2017,4,20170401,Sweden,3662.0,0,3165.0,15.7
2017,5,20170501,Sweden,2079.0,0,2063.0,0.78
2017,6,20170601,Sweden,2421.0,0,1963.0,23.33
2017,7,20170701,Sweden,4027.0,0,2991.0,34.64
2017,8,20170801,Sweden,2443.0,0,1908.0,28.04
2017,9,20170901,Sweden,2226.0,0,2076.0,7.23
2017,10,20171001,Sweden,4054.0,0,3422.0,18.47
2017,11,20171101,Sweden,4425.0,0,4142.0,6.83
2017,12,20171201,Sweden,6052.0,0,4830.0,25.3
2018,1,20180101,Sweden,7574.0,0,6232.0,21.53
2018,2,20180201,Sweden,6765.0,0,5726.0,18.15
2018,3,20180301,Sweden,6403.0,0,4664.0,37.29
2018,4,20180401,Sweden,3620.0,0,3662.0,-1.15
2018,5,20180501,Sweden,2143.0,0,2079.0,3.08
2018,6,20180601,Sweden,2677.0,0,2421.0,10.57
2018,7,20180701,Sweden,4279.0,0,4027.0,6.26
2018,8,20180801,Sweden,2708.0,0,2443.0,10.85
2018,9,20180901,Sweden,2306.0,0,2226.0,3.59
2018,10,20181001,Sweden,4051.0,0,4054.0,-0.07
2018,11,20181101,Sweden,4308.0,0,4425.0,-2.64
2018,12,20181201,Sweden,6588.0,0,6052.0,8.86
2019,1,20190101,Sweden,7721.0,0,7574.0,1.94
2019,2,20190201,Sweden,5707.0,0,6765.0,-15.64
2019,3,20190301,Sweden,4849.0,0,6403.0,-24.27
2019,4,20190401,Sweden,3920.0,0,3620.0,8.29
2019,5,20190501,Sweden,2402.0,0,2143.0,12.09
2019,6,20190601,Sweden,2612.0,0,2677.0,-2.43
2019,7,20190701,Sweden,4199.0,0,4279.0,-1.87
2019,8,20190801,Sweden,2454.0,0,2708.0,-9.38
2019,9,20190901,Sweden,2307.0,0,2306.0,0.04
2019,10,20191001,Sweden,3677.0,0,4051.0,-9.23
2019,11,20191101,Sweden,3908.0,0,4308.0,-9.29
2019,12,20191201,Sweden,6391.0,0,6588.0,-2.99
2023,1,20230101,Sweden,3234.0,0,7721.0,-58.11
2023,2,20230201,Sweden,2967.0,0,5707.0,-48.01
2023,3,20230301,Sweden,2786.0,0,4849.0,-42.54
2023,4,20230401,Sweden,2150.0,0,3920.0,-45.15
2023,5,20230501,Sweden,1585.0,0,2402.0,-34.01
2023,6,20230601,Sweden,1538.0,0,2612.0,-41.12
2023,7,20230701,Sweden,1930.0,0,4199.0,-54.04
2023,8,20230801,Sweden,1396.0,0,2454.0,-43.11
2023,9,20230901,Sweden,1484.0,0,2307.0,-35.67
2023,10,20231001,Sweden,2273.0,0,3677.0,-38.18
2023,11,20231101,Sweden,2589.0,0,3908.0,-33.75
2023,12,20231201,Sweden,2846.0,0,6391.0,-55.47
2024,1,20240101,Sweden,3658.0,0,3234.0,13.11
2024,2,20240201,Sweden,3178.0,0,2967.0,7.11
2024,3,20240301,Sweden,2911.0,0,2786.0,4.49
2024,4,20240401,Sweden,2118.0,0,2150.0,-1.49
2024,5,20240501,Sweden,1452.0,0,1585.0,-8.39
2024,6,20240601,Sweden,1975.0,0,1538.0,28.41
2024,7,20240701,Sweden,2350.0,0,1930.0,21.76
2024,8,20240801,Sweden,1442.0,0,1396.0,3.3
2024,9,20240901,Sweden,1574.0,0,1484.0,6.06
2024,10,20241001,Sweden,2402.0,0,2273.0,5.68
2024,11,20241101,Sweden,2892.0,0,2589.0,11.7
2024,12,20241201,Sweden,4024.0,0,2846.0,41.39
2025,1,20250101,Sweden,4674.0,0,3658.0,27.77
2025,2,20250201,Sweden,3959.0,0,3178.0,24.58
2025,3,20250301,Sweden,3083.0,0,2911.0,5.91
2025,4,20250401,Sweden,2317.0,0,2118.0,9.4
2025,5,20250501,Sweden,1400.0,0,1452.0,-3.58
2025,6,20250601,Sweden,1961.0,0,1975.0,-0.71
2025,7,20250701,Sweden,2693.0,0,2350.0,14.6
2025,8,20250801,Sweden,1652.0,0,1442.0,14.56
2025,9,20250901,Sweden,1505.0,0,1574.0,-4.38
2025,10,20251001,Sweden,2956.0,0,2402.0,23.06
2025,11,20251101,Sweden,2859.0,0,2892.0,-1.14
2025,12,20251201,Sweden,4301.0,0,4024.0,6.88
2026,1,20260101,Sweden,5245.0,0,4674.0,12.22
2026,2,20260201,Sweden,3777.0,0,3959.0,-4.6
2026,3,20260301,Sweden,3304.0,0,3083.0,7.17
2026,4,20260401,Sweden,2351.0,0,2317.0,1.47
2026,5,20260501,Sweden,1283.0,0,1400.0,-8.36
2026,6,20260601,Sweden,1662.0,0,1961.0,-15.25
2026,7,20260701,Sweden,2131.0,0,2693.0,-20.87
2008,1,20080101,Switzerland,4884.0,0,,
2008,2,20080201,Switzerland,4834.0,0,,
2008,3,20080301,Switzerland,5642.0,0,,
2008,4,20080401,Switzerland,5993.0,0,,
2008,5,20080501,Switzerland,5038.0,0,,
2008,6,20080601,Switzerland,3830.0,0,,
2008,7,20080701,Switzerland,5896.0,0,,
2008,8,20080801,Switzerland,5361.0,0,,
2008,9,20080901,Switzerland,4873.0,0,,
2008,10,20081001,Switzerland,6014.0,0,,
2008,11,20081101,Switzerland,6570.0,0,,
2008,12,20081201,Switzerland,5853.0,0,,
2009,1,20090101,Switzerland,5378.0,0,4884.0,10.11
2009,2,20090201,Switzerland,5456.0,0,4834.0,12.87
2009,3,20090301,Switzerland,5605.0,0,5642.0,-0.66
2009,4,20090401,Switzerland,6162.0,0,5993.0,2.82
2009,5,20090501,Switzerland,4392.0,0,5038.0,-12.82
2009,6,20090601,Switzerland,3709.0,0,3830.0,-3.16
2009,7,20090701,Switzerland,6023.0,0,5896.0,2.15
2009,8,20090801,Switzerland,4832.0,0,5361.0,-9.87
2009,9,20090901,Switzerland,4533.0,0,4873.0,-6.98
2009,10,20091001,Switzerland,6314.0,0,6014.0,4.99
2009,11,20091101,Switzerland,6119.0,0,6570.0,-6.86
2009,12,20091201,Switzerland,5306.0,0,5853.0,-9.35
2010,1,20100101,Switzerland,6078.0,0,5378.0,13.02
2010,2,20100201,Switzerland,6100.0,0,5456.0,11.8
2010,3,20100301,Switzerland,6485.0,0,5605.0,15.7
2010,4,20100401,Switzerland,6926.0,0,6162.0,12.4
2010,5,20100501,Switzerland,6413.0,0,4392.0,46.02
2010,6,20100601,Switzerland,4338.0,0,3709.0,16.96
2010,7,20100701,Switzerland,6888.0,0,6023.0,14.36
2010,8,20100801,Switzerland,6148.0,0,4832.0,27.24
2010,9,20100901,Switzerland,4978.0,0,4533.0,9.82
2010,10,20101001,Switzerland,7045.0,0,6314.0,11.58
2010,11,20101101,Switzerland,7086.0,0,6119.0,15.8
2010,12,20101201,Switzerland,5891.0,0,5306.0,11.03
2011,1,20110101,Switzerland,6859.0,0,6078.0,12.85
2011,2,20110201,Switzerland,6551.0,0,6100.0,7.39
2011,3,20110301,Switzerland,7002.0,0,6485.0,7.97
2011,4,20110401,Switzerland,7598.0,0,6926.0,9.7
2011,5,20110501,Switzerland,5333.0,0,6413.0,-16.84
2011,6,20110601,Switzerland,4497.0,0,4338.0,3.67
2011,7,20110701,Switzerland,7318.0,0,6888.0,6.24
2011,8,20110801,Switzerland,6090.0,0,6148.0,-0.94
2011,9,20110901,Switzerland,5725.0,0,4978.0,15.01
2011,10,20111001,Switzerland,7596.0,0,7045.0,7.82
2011,11,20111101,Switzerland,7767.0,0,7086.0,9.61
2011,12,20111201,Switzerland,6687.0,0,5891.0,13.51
2012,1,20120101,Switzerland,7253.0,0,6859.0,5.74
2012,2,20120201,Switzerland,7709.0,0,6551.0,17.68
2012,3,20120301,Switzerland,7958.0,0,7002.0,13.65
2012,4,20120401,Switzerland,7726.0,0,7598.0,1.68
2012,5,20120501,Switzerland,5467.0,0,5333.0,2.51
2012,6,20120601,Switzerland,4657.0,0,4497.0,3.56
2012,7,20120701,Switzerland,8219.0,0,7318.0,12.31
2012,8,20120801,Switzerland,6816.0,0,6090.0,11.92
2012,9,20120901,Switzerland,5931.0,0,5725.0,3.6
2012,10,20121001,Switzerland,7634.0,0,7596.0,0.5
2012,11,20121101,Switzerland,7564.0,0,7767.0,-2.61
2012,12,20121201,Switzerland,6923.0,0,6687.0,3.53
2013,1,20130101,Switzerland,7957.0,0,7253.0,9.71
2013,2,20130201,Switzerland,7107.0,0,7709.0,-7.81
2013,3,20130301,Switzerland,7766.0,0,7958.0,-2.41
2013,4,20130401,Switzerland,7455.0,0,7726.0,-3.51
2013,5,20130501,Switzerland,6663.0,0,5467.0,21.88
2013,6,20130601,Switzerland,5735.0,0,4657.0,23.15
2013,7,20130701,Switzerland,10154.0,0,8219.0,23.54
2013,8,20130801,Switzerland,7638.0,0,6816.0,12.06
2013,9,20130901,Switzerland,7402.0,0,5931.0,24.8
2013,10,20131001,Switzerland,9054.0,0,7634.0,18.6
2013,11,20131101,Switzerland,8549.0,0,7564.0,13.02
2013,12,20131201,Switzerland,8900.0,0,6923.0,28.56
2014,1,20140101,Switzerland,9319.0,0,7957.0,17.12
2014,2,20140201,Switzerland,8994.0,0,7107.0,26.55
2014,3,20140301,Switzerland,8829.0,0,7766.0,13.69
2014,4,20140401,Switzerland,10025.0,0,7455.0,34.47
2014,5,20140501,Switzerland,6710.0,0,6663.0,0.71
2014,6,20140601,Switzerland,5454.0,0,5735.0,-4.9
2014,7,20140701,Switzerland,10503.0,0,10154.0,3.44
2014,8,20140801,Switzerland,8837.0,0,7638.0,15.7
2014,9,20140901,Switzerland,7645.0,0,7402.0,3.28
2014,10,20141001,Switzerland,9515.0,0,9054.0,5.09
2014,11,20141101,Switzerland,8983.0,0,8549.0,5.08
2014,12,20141201,Switzerland,8630.0,0,8900.0,-3.03
2015,1,20150101,Switzerland,9470.0,0,9319.0,1.62
2015,2,20150201,Switzerland,8475.0,0,8994.0,-5.77
2015,3,20150301,Switzerland,8777.0,0,8829.0,-0.59
2015,4,20150401,Switzerland,9308.0,0,10025.0,-7.15
2015,5,20150501,Switzerland,6699.0,0,6710.0,-0.16
2015,6,20150601,Switzerland,5203.0,0,5454.0,-4.6
2015,7,20150701,Switzerland,10657.0,0,10503.0,1.47
2015,8,20150801,Switzerland,8253.0,0,8837.0,-6.61
2015,9,20150901,Switzerland,6938.0,0,7645.0,-9.25
2015,10,20151001,Switzerland,9188.0,0,9515.0,-3.44
2015,11,20151101,Switzerland,9481.0,0,8983.0,5.54
2015,12,20151201,Switzerland,8400.0,0,8630.0,-2.67
2016,1,20160101,Switzerland,9072.0,0,9470.0,-4.2
2016,2,20160201,Switzerland,9181.0,0,8475.0,8.33
2016,3,20160301,Switzerland,8782.0,0,8777.0,0.06
2016,4,20160401,Switzerland,9192.0,0,9308.0,-1.25
2016,5,20160501,Switzerland,6626.0,0,6699.0,-1.09
2016,6,20160601,Switzerland,4779.0,0,5203.0,-8.15
2016,7,20160701,Switzerland,10602.0,0,10657.0,-0.52
2016,8,20160801,Switzerland,8475.0,0,8253.0,2.69
2016,9,20160901,Switzerland,7003.0,0,6938.0,0.94
2016,10,20161001,Switzerland,10464.0,0,9188.0,13.89
2016,11,20161101,Switzerland,8766.0,0,9481.0,-7.54
2016,12,20161201,Switzerland,8513.0,0,8400.0,1.35
2017,1,20170101,Switzerland,9079.0,0,9072.0,0.08
2017,2,20170201,Switzerland,9867.0,0,9181.0,7.47
2017,3,20170301,Switzerland,8197.0,0,8782.0,-6.66
2017,4,20170401,Switzerland,11697.0,0,9192.0,27.25
2017,5,20170501,Switzerland,6683.0,0,6626.0,0.86
2017,6,20170601,Switzerland,5201.0,0,4779.0,8.83
2017,7,20170701,Switzerland,10967.0,0,10602.0,3.44
2017,8,20170801,Switzerland,8432.0,0,8475.0,-0.51
2017,9,20170901,Switzerland,7272.0,0,7003.0,3.84
2017,10,20171001,Switzerland,9833.0,0,10464.0,-6.03
2017,11,20171101,Switzerland,9023.0,0,8766.0,2.93
2017,12,20171201,Switzerland,8508.0,0,8513.0,-0.06
2018,1,20180101,Switzerland,9137.0,0,9079.0,0.64
2018,2,20180201,Switzerland,9607.0,0,9867.0,-2.64
2018,3,20180301,Switzerland,9691.0,0,8197.0,18.23
2018,4,20180401,Switzerland,9584.0,0,11697.0,-18.06
2018,5,20180501,Switzerland,6849.0,0,6683.0,2.48
2018,6,20180601,Switzerland,5025.0,0,5201.0,-3.38
2018,7,20180701,Switzerland,10670.0,0,10967.0,-2.71
2018,8,20180801,Switzerland,8406.0,0,8432.0,-0.31
2018,9,20180901,Switzerland,7084.0,0,7272.0,-2.59
2018,10,20181001,Switzerland,9085.0,0,9833.0,-7.61
2018,11,20181101,Switzerland,8447.0,0,9023.0,-6.38
2018,12,20181201,Switzerland,8809.0,0,8508.0,3.54
2019,1,20190101,Switzerland,9232.0,0,9137.0,1.04
2019,2,20190201,Switzerland,8564.0,0,9607.0,-10.86
2019,3,20190301,Switzerland,8336.0,0,9691.0,-13.98
2019,4,20190401,Switzerland,9929.0,0,9584.0,3.6
2019,5,20190501,Switzerland,6347.0,0,6849.0,-7.33
2019,6,20190601,Switzerland,5089.0,0,5025.0,1.27
2019,7,20190701,Switzerland,9690.0,0,10670.0,-9.18
2019,8,20190801,Switzerland,7687.0,0,8406.0,-8.55
2019,9,20190901,Switzerland,6753.0,0,7084.0,-4.67
2019,10,20191001,Switzerland,8629.0,0,9085.0,-5.02
2019,11,20191101,Switzerland,8759.0,0,8447.0,3.69
2019,12,20191201,Switzerland,8986.0,0,8809.0,2.01
2023,1,20230101,Switzerland,5034.0,0,9232.0,-45.47
2023,2,20230201,Switzerland,6310.0,0,8564.0,-26.32
2023,3,20230301,Switzerland,5940.0,0,8336.0,-28.74
2023,4,20230401,Switzerland,7350.0,0,9929.0,-25.97
2023,5,20230501,Switzerland,5383.0,0,6347.0,-15.19
2023,6,20230601,Switzerland,3991.0,0,5089.0,-21.58
2023,7,20230701,Switzerland,8501.0,0,9690.0,-12.27
2023,8,20230801,Switzerland,6359.0,0,7687.0,-17.28
2023,9,20230901,Switzerland,6079.0,0,6753.0,-9.98
2023,10,20231001,Switzerland,7121.0,0,8629.0,-17.48
2023,11,20231101,Switzerland,6817.0,0,8759.0,-22.17
2023,12,20231201,Switzerland,6704.0,0,8986.0,-25.4
2024,1,20240101,Switzerland,7463.0,0,5034.0,48.25
2024,2,20240201,Switzerland,7967.0,0,6310.0,26.26
2024,3,20240301,Switzerland,7746.0,0,5940.0,30.4
2024,4,20240401,Switzerland,8308.0,0,7350.0,13.03
2024,5,20240501,Switzerland,6435.0,0,5383.0,19.54
2024,6,20240601,Switzerland,4572.0,0,3991.0,14.56
2024,7,20240701,Switzerland,10250.0,0,8501.0,20.57
2024,8,20240801,Switzerland,7359.0,0,6359.0,15.73
2024,9,20240901,Switzerland,6888.0,0,6079.0,13.31
2024,10,20241001,Switzerland,8051.0,0,7121.0,13.06
2024,11,20241101,Switzerland,7392.0,0,6817.0,8.43
2024,12,20241201,Switzerland,7536.0,0,6704.0,12.41
2025,1,20250101,Switzerland,8283.0,0,7463.0,10.99
2025,2,20250201,Switzerland,8167.0,0,7967.0,2.51
2025,3,20250301,Switzerland,7312.0,0,7746.0,-5.6
2025,4,20250401,Switzerland,9507.0,0,8308.0,14.43
2025,5,20250501,Switzerland,6716.0,0,6435.0,4.37
2025,6,20250601,Switzerland,5018.0,0,4572.0,9.76
2025,7,20250701,Switzerland,11703.0,0,10250.0,14.18
2025,8,20250801,Switzerland,7554.0,0,7359.0,2.65
2025,9,20250901,Switzerland,6874.0,0,6888.0,-0.2
2025,10,20251001,Switzerland,8823.0,0,8051.0,9.59
2025,11,20251101,Switzerland,7802.0,0,7392.0,5.55
2025,12,20251201,Switzerland,8053.0,0,7536.0,6.86
2026,1,20260101,Switzerland,8198.0,0,8283.0,-1.03
2026,2,20260201,Switzerland,9575.0,0,8167.0,17.24
2026,3,20260301,Switzerland,7535.0,0,7312.0,3.05
2026,4,20260401,Switzerland,9482.0,0,9507.0,-0.26
2026,5,20260501,Switzerland,5791.0,0,6716.0,-13.77
2026,6,20260601,Switzerland,4721.0,0,5018.0,-5.92
2026,7,20260701,Switzerland,10569.0,0,11703.0,-9.69
2008,1,20080101,Taiwan,16342.0,0,,
2008,2,20080201,Taiwan,17829.0,0,,
2008,3,20080301,Taiwan,13778.0,0,,
2008,4,20080401,Taiwan,13944.0,0,,
2008,5,20080501,Taiwan,14276.0,0,,
2008,6,20080601,Taiwan,13146.0,0,,
2008,7,20080701,Taiwan,19398.0,0,,
2008,8,20080801,Taiwan,16923.0,0,,
2008,9,20080901,Taiwan,12303.0,0,,
2008,10,20081001,Taiwan,13503.0,0,,
2008,11,20081101,Taiwan,12535.0,0,,
2008,12,20081201,Taiwan,11947.0,0,,
2009,1,20090101,Taiwan,15986.0,0,16342.0,-2.18
2009,2,20090201,Taiwan,12744.0,0,17829.0,-28.52
2009,3,20090301,Taiwan,12542.0,0,13778.0,-8.97
2009,4,20090401,Taiwan,11970.0,0,13944.0,-14.16
2009,5,20090501,Taiwan,11602.0,0,14276.0,-18.73
2009,6,20090601,Taiwan,11486.0,0,13146.0,-12.63
2009,7,20090701,Taiwan,17351.0,0,19398.0,-10.55
2009,8,20090801,Taiwan,17490.0,0,16923.0,3.35
2009,9,20090901,Taiwan,10443.0,0,12303.0,-15.12
2009,10,20091001,Taiwan,13208.0,0,13503.0,-2.18
2009,11,20091101,Taiwan,11900.0,0,12535.0,-5.07
2009,12,20091201,Taiwan,10039.0,0,11947.0,-15.97
2010,1,20100101,Taiwan,15511.0,0,15986.0,-2.97
2010,2,20100201,Taiwan,17738.0,0,12744.0,39.19
2010,3,20100301,Taiwan,15220.0,0,12542.0,21.35
2010,4,20100401,Taiwan,14509.0,0,11970.0,21.21
2010,5,20100501,Taiwan,17111.0,0,11602.0,47.48
2010,6,20100601,Taiwan,13542.0,0,11486.0,17.9
2010,7,20100701,Taiwan,23937.0,0,17351.0,37.96
2010,8,20100801,Taiwan,20959.0,0,17490.0,19.83
2010,9,20100901,Taiwan,13486.0,0,10443.0,29.14
2010,10,20101001,Taiwan,13854.0,0,13208.0,4.89
2010,11,20101101,Taiwan,13133.0,0,11900.0,10.36
2010,12,20101201,Taiwan,12186.0,0,10039.0,21.39
2011,1,20110101,Taiwan,18218.0,0,15511.0,17.45
2011,2,20110201,Taiwan,19139.0,0,17738.0,7.9
2011,3,20110301,Taiwan,15222.0,0,15220.0,0.01
2011,4,20110401,Taiwan,18828.0,0,14509.0,29.77
2011,5,20110501,Taiwan,18758.0,0,17111.0,9.63
2011,6,20110601,Taiwan,20445.0,0,13542.0,50.97
2011,7,20110701,Taiwan,33454.0,0,23937.0,39.76
2011,8,20110801,Taiwan,26574.0,0,20959.0,26.79
2011,9,20110901,Taiwan,19057.0,0,13486.0,41.31
2011,10,20111001,Taiwan,17775.0,0,13854.0,28.3
2011,11,20111101,Taiwan,15865.0,0,13133.0,20.8
2011,12,20111201,Taiwan,15153.0,0,12186.0,24.35
2012,1,20120101,Taiwan,27457.0,0,18218.0,50.71
2012,2,20120201,Taiwan,27260.0,0,19139.0,42.43
2012,3,20120301,Taiwan,21401.0,0,15222.0,40.59
2012,4,20120401,Taiwan,22999.0,0,18828.0,22.15
2012,5,20120501,Taiwan,20607.0,0,18758.0,9.86
2012,6,20120601,Taiwan,21006.0,0,20445.0,2.74
2012,7,20120701,Taiwan,33511.0,0,33454.0,0.17
2012,8,20120801,Taiwan,27903.0,0,26574.0,5.0
2012,9,20120901,Taiwan,18385.0,0,19057.0,-3.53
2012,10,20121001,Taiwan,20456.0,0,17775.0,15.08
2012,11,20121101,Taiwan,20223.0,0,15865.0,27.47
2012,12,20121201,Taiwan,20995.0,0,15153.0,38.55
2013,1,20130101,Taiwan,32717.0,0,27457.0,19.16
2013,2,20130201,Taiwan,39087.0,0,27260.0,43.39
2013,3,20130301,Taiwan,22606.0,0,21401.0,5.63
2013,4,20130401,Taiwan,24261.0,0,22999.0,5.49
2013,5,20130501,Taiwan,22261.0,0,20607.0,8.03
2013,6,20130601,Taiwan,29680.0,0,21006.0,41.29
2013,7,20130701,Taiwan,47290.0,0,33511.0,41.12
2013,8,20130801,Taiwan,40571.0,0,27903.0,45.4
2013,9,20130901,Taiwan,27180.0,0,18385.0,47.84
2013,10,20131001,Taiwan,23246.0,0,20456.0,13.64
2013,11,20131101,Taiwan,22197.0,0,20223.0,9.76
2013,12,20131201,Taiwan,19212.0,0,20995.0,-8.49
2014,1,20140101,Taiwan,32033.0,0,32717.0,-2.09
2014,2,20140201,Taiwan,32874.0,0,39087.0,-15.9
2014,3,20140301,Taiwan,22115.0,0,22606.0,-2.17
2014,4,20140401,Taiwan,25865.0,0,24261.0,6.61
2014,5,20140501,Taiwan,26699.0,0,22261.0,19.94
2014,6,20140601,Taiwan,25807.0,0,29680.0,-13.05
2014,7,20140701,Taiwan,44229.0,0,47290.0,-6.47
2014,8,20140801,Taiwan,38422.0,0,40571.0,-5.3
2014,9,20140901,Taiwan,25373.0,0,27180.0,-6.65
2014,10,20141001,Taiwan,24197.0,0,23246.0,4.09
2014,11,20141101,Taiwan,21240.0,0,22197.0,-4.31
2014,12,20141201,Taiwan,18577.0,0,19212.0,-3.31
2015,1,20150101,Taiwan,30685.0,0,32033.0,-4.21
2015,2,20150201,Taiwan,40059.0,0,32874.0,21.86
2015,3,20150301,Taiwan,24694.0,0,22115.0,11.66
2015,4,20150401,Taiwan,29229.0,0,25865.0,13.01
2015,5,20150501,Taiwan,25498.0,0,26699.0,-4.5
2015,6,20150601,Taiwan,30565.0,0,25807.0,18.44
2015,7,20150701,Taiwan,50278.0,0,44229.0,13.68
2015,8,20150801,Taiwan,45292.0,0,38422.0,17.88
2015,9,20150901,Taiwan,27836.0,0,25373.0,9.71
2015,10,20151001,Taiwan,27525.0,0,24197.0,13.75
2015,11,20151101,Taiwan,24062.0,0,21240.0,13.29
2015,12,20151201,Taiwan,22303.0,0,18577.0,20.06
2016,1,20160101,Taiwan,37087.0,0,30685.0,20.86
2016,2,20160201,Taiwan,42569.0,0,40059.0,6.27
2016,3,20160301,Taiwan,27401.0,0,24694.0,10.96
2016,4,20160401,Taiwan,33107.0,0,29229.0,13.27
2016,5,20160501,Taiwan,28809.0,0,25498.0,12.99
2016,6,20160601,Taiwan,36718.0,0,30565.0,20.13
2016,7,20160701,Taiwan,46691.0,0,50278.0,-7.13
2016,8,20160801,Taiwan,42274.0,0,45292.0,-6.66
2016,9,20160901,Taiwan,30267.0,0,27836.0,8.73
2016,10,20161001,Taiwan,26270.0,0,27525.0,-4.56
2016,11,20161101,Taiwan,21568.0,0,24062.0,-10.36
2016,12,20161201,Taiwan,21454.0,0,22303.0,-3.81
2017,1,20170101,Taiwan,36187.0,0,37087.0,-2.43
2017,2,20170201,Taiwan,38866.0,0,42569.0,-8.7
2017,3,20170301,Taiwan,27976.0,0,27401.0,2.1
2017,4,20170401,Taiwan,30142.0,0,33107.0,-8.96
2017,5,20170501,Taiwan,31092.0,0,28809.0,7.92
2017,6,20170601,Taiwan,30655.0,0,36718.0,-16.51
2017,7,20170701,Taiwan,48487.0,0,46691.0,3.85
2017,8,20170801,Taiwan,42151.0,0,42274.0,-0.29
2017,9,20170901,Taiwan,29364.0,0,30267.0,-2.98
2017,10,20171001,Taiwan,33282.0,0,26270.0,26.69
2017,11,20171101,Taiwan,25919.0,0,21568.0,20.17
2017,12,20171201,Taiwan,21430.0,0,21454.0,-0.11
2018,1,20180101,Taiwan,34907.0,0,36187.0,-3.54
2018,2,20180201,Taiwan,47769.0,0,38866.0,22.91
2018,3,20180301,Taiwan,30448.0,0,27976.0,8.84
2018,4,20180401,Taiwan,35913.0,0,30142.0,19.15
2018,5,20180501,Taiwan,28056.0,0,31092.0,-9.76
2018,6,20180601,Taiwan,34122.0,0,30655.0,11.31
2018,7,20180701,Taiwan,52987.0,0,48487.0,9.28
2018,8,20180801,Taiwan,46429.0,0,42151.0,10.15
2018,9,20180901,Taiwan,32317.0,0,29364.0,10.06
2018,10,20181001,Taiwan,30334.0,0,33282.0,-8.86
2018,11,20181101,Taiwan,25608.0,0,25919.0,-1.2
2018,12,20181201,Taiwan,24048.0,0,21430.0,12.22
2019,1,20190101,Taiwan,40086.0,0,34907.0,14.84
2019,2,20190201,Taiwan,42977.0,0,47769.0,-10.03
2019,3,20190301,Taiwan,29032.0,0,30448.0,-4.65
2019,4,20190401,Taiwan,32924.0,0,35913.0,-8.32
2019,5,20190501,Taiwan,28308.0,0,28056.0,0.9
2019,6,20190601,Taiwan,34189.0,0,34122.0,0.2
2019,7,20190701,Taiwan,55340.0,0,52987.0,4.44
2019,8,20190801,Taiwan,45776.0,0,46429.0,-1.41
2019,9,20190901,Taiwan,33138.0,0,32317.0,2.54
2019,10,20191001,Taiwan,34588.0,0,30334.0,14.02
2019,11,20191101,Taiwan,28548.0,0,25608.0,11.48
2019,12,20191201,Taiwan,20723.0,0,24048.0,-13.83
2023,1,20230101,Taiwan,31444.0,0,40086.0,-21.56
2023,2,20230201,Taiwan,25037.0,0,42977.0,-41.74
2023,3,20230301,Taiwan,19204.0,0,29032.0,-33.85
2023,4,20230401,Taiwan,25280.0,0,32924.0,-23.22
2023,5,20230501,Taiwan,24313.0,0,28308.0,-14.11
2023,6,20230601,Taiwan,28980.0,0,34189.0,-15.24
2023,7,20230701,Taiwan,43097.0,0,55340.0,-22.12
2023,8,20230801,Taiwan,38432.0,0,45776.0,-16.04
2023,9,20230901,Taiwan,25818.0,0,33138.0,-22.09
2023,10,20231001,Taiwan,28466.0,0,34588.0,-17.7
2023,11,20231101,Taiwan,21575.0,0,28548.0,-24.43
2023,12,20231201,Taiwan,17394.0,0,20723.0,-16.06
2024,1,20240101,Taiwan,38454.0,0,31444.0,22.29
2024,2,20240201,Taiwan,45704.0,0,25037.0,82.55
2024,3,20240301,Taiwan,30344.0,0,19204.0,58.01
2024,4,20240401,Taiwan,30307.0,0,25280.0,19.89
2024,5,20240501,Taiwan,28802.0,0,24313.0,18.46
2024,6,20240601,Taiwan,34167.0,0,28980.0,17.9
2024,7,20240701,Taiwan,49928.0,0,43097.0,15.85
2024,8,20240801,Taiwan,42282.0,0,38432.0,10.02
2024,9,20240901,Taiwan,30408.0,0,25818.0,17.78
2024,10,20241001,Taiwan,29237.0,0,28466.0,2.71
2024,11,20241101,Taiwan,23190.0,0,21575.0,7.49
2024,12,20241201,Taiwan,20557.0,0,17394.0,18.18
2025,1,20250101,Taiwan,46126.0,0,38454.0,19.95
2025,2,20250201,Taiwan,33492.0,0,45704.0,-26.72
2025,3,20250301,Taiwan,26892.0,0,30344.0,-11.38
2025,4,20250401,Taiwan,31428.0,0,30307.0,3.7
2025,5,20250501,Taiwan,35961.0,0,28802.0,24.86
2025,6,20250601,Taiwan,32582.0,0,34167.0,-4.64
2025,7,20250701,Taiwan,54386.0,0,49928.0,8.93
2025,8,20250801,Taiwan,47731.0,0,42282.0,12.89
2025,9,20250901,Taiwan,26379.0,0,30408.0,-13.25
2025,10,20251001,Taiwan,41971.0,0,29237.0,43.55
2025,11,20251101,Taiwan,25070.0,0,23190.0,8.11
2025,12,20251201,Taiwan,20670.0,0,20557.0,0.55
2026,1,20260101,Taiwan,36075.0,0,46126.0,-21.79
2026,2,20260201,Taiwan,55119.0,0,33492.0,64.57
2026,3,20260301,Taiwan,32941.0,0,26892.0,22.49
2026,4,20260401,Taiwan,39126.0,0,31428.0,24.49
2026,5,20260501,Taiwan,29209.0,0,35961.0,-18.78
2026,6,20260601,Taiwan,35769.0,0,32582.0,9.78
2026,7,20260701,Taiwan,58465.0,0,54386.0,7.5
2008,1,20080101,Thailand,25851.0,0,,
2008,2,20080201,Thailand,23320.0,0,,
2008,3,20080301,Thailand,31641.0,0,,
2008,4,20080401,Thailand,36226.0,0,,
2008,5,20080501,Thailand,30487.0,0,,
2008,6,20080601,Thailand,26211.0,0,,
2008,7,20080701,Thailand,28884.0,0,,
2008,8,20080801,Thailand,25901.0,0,,
2008,9,20080901,Thailand,24530.0,0,,
2008,10,20081001,Thailand,34193.0,0,,
2008,11,20081101,Thailand,21914.0,0,,
2008,12,20081201,Thailand,24747.0,0,,
2009,1,20090101,Thailand,22661.0,0,25851.0,-12.34
2009,2,20090201,Thailand,23335.0,0,23320.0,0.06
2009,3,20090301,Thailand,28055.0,0,31641.0,-11.33
2009,4,20090401,Thailand,32151.0,0,36226.0,-11.25
2009,5,20090501,Thailand,27066.0,0,30487.0,-11.22
2009,6,20090601,Thailand,24479.0,0,26211.0,-6.61
2009,7,20090701,Thailand,26643.0,0,28884.0,-7.76
2009,8,20090801,Thailand,23533.0,0,25901.0,-9.14
2009,9,20090901,Thailand,23587.0,0,24530.0,-3.84
2009,10,20091001,Thailand,35977.0,0,34193.0,5.22
2009,11,20091101,Thailand,23588.0,0,21914.0,7.64
2009,12,20091201,Thailand,26830.0,0,24747.0,8.42
2010,1,20100101,Thailand,24635.0,0,22661.0,8.71
2010,2,20100201,Thailand,23154.0,0,23335.0,-0.78
2010,3,20100301,Thailand,31815.0,0,28055.0,13.4
2010,4,20100401,Thailand,50657.0,0,32151.0,57.56
2010,5,20100501,Thailand,38925.0,0,27066.0,43.82
2010,6,20100601,Thailand,30712.0,0,24479.0,25.46
2010,7,20100701,Thailand,37256.0,0,26643.0,39.83
2010,8,20100801,Thailand,34804.0,0,23533.0,47.89
2010,9,20100901,Thailand,30711.0,0,23587.0,30.2
2010,10,20101001,Thailand,57951.0,0,35977.0,61.08
2010,11,20101101,Thailand,30197.0,0,23588.0,28.02
2010,12,20101201,Thailand,39250.0,0,26830.0,46.29
2011,1,20110101,Thailand,33230.0,0,24635.0,34.89
2011,2,20110201,Thailand,31019.0,0,23154.0,33.97
2011,3,20110301,Thailand,45728.0,0,31815.0,43.73
2011,4,20110401,Thailand,55662.0,0,50657.0,9.88
2011,5,20110501,Thailand,44274.0,0,38925.0,13.74
2011,6,20110601,Thailand,32783.0,0,30712.0,6.74
2011,7,20110701,Thailand,40848.0,0,37256.0,9.64
2011,8,20110801,Thailand,34385.0,0,34804.0,-1.2
2011,9,20110901,Thailand,33009.0,0,30711.0,7.48
2011,10,20111001,Thailand,53133.0,0,57951.0,-8.31
2011,11,20111101,Thailand,29299.0,0,30197.0,-2.97
2011,12,20111201,Thailand,39338.0,0,39250.0,0.22
2012,1,20120101,Thailand,28725.0,0,33230.0,-13.56
2012,2,20120201,Thailand,33176.0,0,31019.0,6.95
2012,3,20120301,Thailand,43230.0,0,45728.0,-5.46
2012,4,20120401,Thailand,56217.0,0,55662.0,1.0
2012,5,20120501,Thailand,42583.0,0,44274.0,-3.82
2012,6,20120601,Thailand,34526.0,0,32783.0,5.32
2012,7,20120701,Thailand,34542.0,0,40848.0,-15.44
2012,8,20120801,Thailand,38137.0,0,34385.0,10.91
2012,9,20120901,Thailand,34926.0,0,33009.0,5.81
2012,10,20121001,Thailand,57136.0,0,53133.0,7.53
2012,11,20121101,Thailand,33908.0,0,29299.0,15.73
2012,12,20121201,Thailand,40548.0,0,39338.0,3.08
2013,1,20130101,Thailand,32897.0,0,28725.0,14.52
2013,2,20130201,Thailand,30311.0,0,33176.0,-8.64
2013,3,20130301,Thailand,44202.0,0,43230.0,2.25
2013,4,20130401,Thailand,54728.0,0,56217.0,-2.65
2013,5,20130501,Thailand,48171.0,0,42583.0,13.12
2013,6,20130601,Thailand,36018.0,0,34526.0,4.32
2013,7,20130701,Thailand,41912.0,0,34542.0,21.34
2013,8,20130801,Thailand,36548.0,0,38137.0,-4.17
2013,9,20130901,Thailand,36254.0,0,34926.0,3.8
2013,10,20131001,Thailand,58887.0,0,57136.0,3.06
2013,11,20131101,Thailand,34685.0,0,33908.0,2.29
2013,12,20131201,Thailand,42796.0,0,40548.0,5.54
2014,1,20140101,Thailand,35263.0,0,32897.0,7.19
2014,2,20140201,Thailand,35161.0,0,30311.0,16.0
2014,3,20140301,Thailand,46338.0,0,44202.0,4.83
2014,4,20140401,Thailand,56136.0,0,54728.0,2.57
2014,5,20140501,Thailand,46683.0,0,48171.0,-3.09
2014,6,20140601,Thailand,39083.0,0,36018.0,8.51
2014,7,20140701,Thailand,43785.0,0,41912.0,4.47
2014,8,20140801,Thailand,40849.0,0,36548.0,11.77
2014,9,20140901,Thailand,35122.0,0,36254.0,-3.12
2014,10,20141001,Thailand,53916.0,0,58887.0,-8.44
2014,11,20141101,Thailand,35138.0,0,34685.0,1.31
2014,12,20141201,Thailand,39035.0,0,42796.0,-8.79
2015,1,20150101,Thailand,36798.0,0,35263.0,4.35
2015,2,20150201,Thailand,29889.0,0,35161.0,-14.99
2015,3,20150301,Thailand,43504.0,0,46338.0,-6.12
2015,4,20150401,Thailand,47838.0,0,56136.0,-14.78
2015,5,20150501,Thailand,45674.0,0,46683.0,-2.16
2015,6,20150601,Thailand,40121.0,0,39083.0,2.66
2015,7,20150701,Thailand,45729.0,0,43785.0,4.44
2015,8,20150801,Thailand,39579.0,0,40849.0,-3.11
2015,9,20150901,Thailand,39567.0,0,35122.0,12.66
2015,10,20151001,Thailand,63693.0,0,53916.0,18.13
2015,11,20151101,Thailand,38576.0,0,35138.0,9.78
2015,12,20151201,Thailand,45441.0,0,39035.0,16.41
2016,1,20160101,Thailand,44330.0,0,36798.0,20.47
2016,2,20160201,Thailand,38650.0,0,29889.0,29.31
2016,3,20160301,Thailand,48381.0,0,43504.0,11.21
2016,4,20160401,Thailand,62514.0,0,47838.0,30.68
2016,5,20160501,Thailand,52331.0,0,45674.0,14.58
2016,6,20160601,Thailand,36982.0,0,40121.0,-7.82
2016,7,20160701,Thailand,49788.0,0,45729.0,8.88
2016,8,20160801,Thailand,39434.0,0,39579.0,-0.37
2016,9,20160901,Thailand,36911.0,0,39567.0,-6.71
2016,10,20161001,Thailand,58094.0,0,63693.0,-8.79
2016,11,20161101,Thailand,35520.0,0,38576.0,-7.92
2016,12,20161201,Thailand,43619.0,0,45441.0,-4.01
2017,1,20170101,Thailand,36813.0,0,44330.0,-16.96
2017,2,20170201,Thailand,38502.0,0,38650.0,-0.38
2017,3,20170301,Thailand,47025.0,0,48381.0,-2.8
2017,4,20170401,Thailand,58504.0,0,62514.0,-6.41
2017,5,20170501,Thailand,47074.0,0,52331.0,-10.05
2017,6,20170601,Thailand,34623.0,0,36982.0,-6.38
2017,7,20170701,Thailand,48620.0,0,49788.0,-2.35
2017,8,20170801,Thailand,40993.0,0,39434.0,3.95
2017,9,20170901,Thailand,39692.0,0,36911.0,7.53
2017,10,20171001,Thailand,61448.0,0,58094.0,5.77
2017,11,20171101,Thailand,39331.0,0,35520.0,10.73
2017,12,20171201,Thailand,38710.0,0,43619.0,-11.25
2018,1,20180101,Thailand,38143.0,0,36813.0,3.61
2018,2,20180201,Thailand,34566.0,0,38502.0,-10.22
2018,3,20180301,Thailand,47744.0,0,47025.0,1.53
2018,4,20180401,Thailand,61015.0,0,58504.0,4.29
2018,5,20180501,Thailand,49858.0,0,47074.0,5.91
2018,6,20180601,Thailand,38113.0,0,34623.0,10.08
2018,7,20180701,Thailand,53379.0,0,48620.0,9.79
2018,8,20180801,Thailand,40452.0,0,40993.0,-1.32
2018,9,20180901,Thailand,40580.0,0,39692.0,2.24
2018,10,20181001,Thailand,65734.0,0,61448.0,6.98
2018,11,20181101,Thailand,38796.0,0,39331.0,-1.36
2018,12,20181201,Thailand,37270.0,0,38710.0,-3.72
2019,1,20190101,Thailand,34822.0,0,38143.0,-8.71
2019,2,20190201,Thailand,33685.0,0,34566.0,-2.55
2019,3,20190301,Thailand,45072.0,0,47744.0,-5.6
2019,4,20190401,Thailand,57010.0,0,61015.0,-6.56
2019,5,20190501,Thailand,45735.0,0,49858.0,-8.27
2019,6,20190601,Thailand,35558.0,0,38113.0,-6.7
2019,7,20190701,Thailand,51916.0,0,53379.0,-2.74
2019,8,20190801,Thailand,39919.0,0,40452.0,-1.32
2019,9,20190901,Thailand,39776.0,0,40580.0,-1.98
2019,10,20191001,Thailand,63335.0,0,65734.0,-3.65
2019,11,20191101,Thailand,40986.0,0,38796.0,5.64
2019,12,20191201,Thailand,40733.0,0,37270.0,9.29
2023,1,20230101,Thailand,29735.0,0,34822.0,-14.61
2023,2,20230201,Thailand,37156.0,0,33685.0,10.3
2023,3,20230301,Thailand,43145.0,0,45072.0,-4.28
2023,4,20230401,Thailand,49727.0,0,57010.0,-12.77
2023,5,20230501,Thailand,40375.0,0,45735.0,-11.72
2023,6,20230601,Thailand,31029.0,0,35558.0,-12.74
2023,7,20230701,Thailand,41367.0,0,51916.0,-20.32
2023,8,20230801,Thailand,34938.0,0,39919.0,-12.48
2023,9,20230901,Thailand,32307.0,0,39776.0,-18.78
2023,10,20231001,Thailand,53442.0,0,63335.0,-15.62
2023,11,20231101,Thailand,26808.0,0,40986.0,-34.59
2023,12,20231201,Thailand,29987.0,0,40733.0,-26.38
2024,1,20240101,Thailand,27196.0,0,29735.0,-8.54
2024,2,20240201,Thailand,31094.0,0,37156.0,-16.31
2024,3,20240301,Thailand,45975.0,0,43145.0,6.56
2024,4,20240401,Thailand,42520.0,0,49727.0,-14.49
2024,5,20240501,Thailand,32889.0,0,40375.0,-18.54
2024,6,20240601,Thailand,25664.0,0,31029.0,-17.29
2024,7,20240701,Thailand,32863.0,0,41367.0,-20.56
2024,8,20240801,Thailand,27966.0,0,34938.0,-19.96
2024,9,20240901,Thailand,27707.0,0,32307.0,-14.24
2024,10,20241001,Thailand,44447.0,0,53442.0,-16.83
2024,11,20241101,Thailand,26740.0,0,26808.0,-0.25
2024,12,20241201,Thailand,30436.0,0,29987.0,1.5
2025,1,20250101,Thailand,23423.0,0,27196.0,-13.87
2025,2,20250201,Thailand,26711.0,0,31094.0,-14.1
2025,3,20250301,Thailand,29757.0,0,45975.0,-35.28
2025,4,20250401,Thailand,41843.0,0,42520.0,-1.59
2025,5,20250501,Thailand,39123.0,0,32889.0,18.95
2025,6,20250601,Thailand,26174.0,0,25664.0,1.99
2025,7,20250701,Thailand,36228.0,0,32863.0,10.24
2025,8,20250801,Thailand,31917.0,0,27966.0,14.13
2025,9,20250901,Thailand,26947.0,0,27707.0,-2.74
2025,10,20251001,Thailand,49763.0,0,44447.0,11.96
2025,11,20251101,Thailand,27797.0,0,26740.0,3.95
2025,12,20251201,Thailand,26807.0,0,30436.0,-11.92
2026,1,20260101,Thailand,26322.0,0,23423.0,12.38
2026,2,20260201,Thailand,24956.0,0,26711.0,-6.57
2026,3,20260301,Thailand,32863.0,0,29757.0,10.44
2026,4,20260401,Thailand,48899.0,0,41843.0,16.86
2026,5,20260501,Thailand,30067.0,0,39123.0,-23.15
2026,6,20260601,Thailand,23190.0,0,26174.0,-11.4
2026,7,20260701,Thailand,34514.0,0,36228.0,-4.73
2008,1,20080101,UK,47618.0,1,,
2008,2,20080201,UK,51188.0,1,,
2008,3,20080301,UK,61272.0,1,,
2008,4,20080401,UK,41655.0,1,,
2008,5,20080501,UK,29792.0,1,,
2008,6,20080601,UK,27584.0,1,,
2008,7,20080701,UK,33489.0,1,,
2008,8,20080801,UK,39102.0,1,,
2008,9,20080901,UK,34252.0,1,,
2008,10,20081001,UK,39729.0,1,,
2008,11,20081101,UK,43751.0,1,,
2008,12,20081201,UK,43612.0,1,,
2009,1,20090101,UK,41545.0,1,47618.0,-12.75
2009,2,20090201,UK,47261.0,1,51188.0,-7.67
2009,3,20090301,UK,52839.0,1,61272.0,-13.76
2009,4,20090401,UK,41624.0,1,41655.0,-0.07
2009,5,20090501,UK,29423.0,1,29792.0,-1.24
2009,6,20090601,UK,26545.0,1,27584.0,-3.77
2009,7,20090701,UK,34318.0,1,33489.0,2.48
2009,8,20090801,UK,37583.0,1,39102.0,-3.88
2009,9,20090901,UK,34753.0,1,34252.0,1.46
2009,10,20091001,UK,40669.0,1,39729.0,2.37
2009,11,20091101,UK,43734.0,1,43751.0,-0.04
2009,12,20091201,UK,39590.0,1,43612.0,-9.22
2010,1,20100101,UK,44532.0,1,41545.0,7.19
2010,2,20100201,UK,47583.0,1,47261.0,0.68
2010,3,20100301,UK,54457.0,1,52839.0,3.06
2010,4,20100401,UK,41364.0,1,41624.0,-0.62
2010,5,20100501,UK,29301.0,1,29423.0,-0.41
2010,6,20100601,UK,25742.0,1,26545.0,-3.03
2010,7,20100701,UK,31818.0,1,34318.0,-7.28
2010,8,20100801,UK,35000.0,1,37583.0,-6.87
2010,9,20100901,UK,31704.0,1,34753.0,-8.77
2010,10,20101001,UK,37587.0,1,40669.0,-7.58
2010,11,20101101,UK,43263.0,1,43734.0,-1.08
2010,12,20101201,UK,39570.0,1,39590.0,-0.05
2011,1,20110101,UK,41430.0,1,44532.0,-6.97
2011,2,20110201,UK,41679.0,1,47583.0,-12.41
2011,3,20110301,UK,49776.0,1,54457.0,-8.6
2011,4,20110401,UK,44974.0,1,41364.0,8.73
2011,5,20110501,UK,28285.0,1,29301.0,-3.47
2011,6,20110601,UK,24474.0,1,25742.0,-4.93
2011,7,20110701,UK,30667.0,1,31818.0,-3.62
2011,8,20110801,UK,34980.0,1,35000.0,-0.06
2011,9,20110901,UK,33964.0,1,31704.0,7.13
2011,10,20111001,UK,36372.0,1,37587.0,-3.23
2011,11,20111101,UK,39094.0,1,43263.0,-9.64
2011,12,20111201,UK,37068.0,1,39570.0,-6.32
2012,1,20120101,UK,40139.0,1,41430.0,-3.12
2012,2,20120201,UK,47150.0,1,41679.0,13.13
2012,3,20120301,UK,52121.0,1,49776.0,4.71
2012,4,20120401,UK,38489.0,1,44974.0,-14.42
2012,5,20120501,UK,26743.0,1,28285.0,-5.45
2012,6,20120601,UK,25663.0,1,24474.0,4.86
2012,7,20120701,UK,31208.0,1,30667.0,1.76
2012,8,20120801,UK,34351.0,1,34980.0,-1.8
2012,9,20120901,UK,34867.0,1,33964.0,2.66
2012,10,20121001,UK,38087.0,1,36372.0,4.72
2012,11,20121101,UK,39523.0,1,39094.0,1.1
2012,12,20121201,UK,38331.0,1,37068.0,3.41
2013,1,20130101,UK,42983.0,1,40139.0,7.09
2013,2,20130201,UK,44608.0,1,47150.0,-5.39
2013,3,20130301,UK,52527.0,1,52121.0,0.78
2013,4,20130401,UK,38620.0,1,38489.0,0.34
2013,5,20130501,UK,27724.0,1,26743.0,3.67
2013,6,20130601,UK,28866.0,1,25663.0,12.48
2013,7,20130701,UK,35349.0,1,31208.0,13.27
2013,8,20130801,UK,39533.0,1,34351.0,15.09
2013,9,20130901,UK,36541.0,1,34867.0,4.8
2013,10,20131001,UK,36491.0,1,38087.0,-4.19
2013,11,20131101,UK,39370.0,1,39523.0,-0.39
2013,12,20131201,UK,38994.0,1,38331.0,1.73
2014,1,20140101,UK,42345.0,1,42983.0,-1.48
2014,2,20140201,UK,43998.0,1,44608.0,-1.37
2014,3,20140301,UK,49474.0,1,52527.0,-5.81
2014,4,20140401,UK,43708.0,1,38620.0,13.17
2014,5,20140501,UK,27667.0,1,27724.0,-0.21
2014,6,20140601,UK,25135.0,1,28866.0,-12.93
2014,7,20140701,UK,32056.0,1,35349.0,-9.32
2014,8,20140801,UK,38360.0,1,39533.0,-2.97
2014,9,20140901,UK,35981.0,1,36541.0,-1.53
2014,10,20141001,UK,36986.0,1,36491.0,1.36
2014,11,20141101,UK,37919.0,1,39370.0,-3.69
2014,12,20141201,UK,38438.0,1,38994.0,-1.43
2015,1,20150101,UK,44923.0,1,42345.0,6.09
2015,2,20150201,UK,47051.0,1,43998.0,6.94
2015,3,20150301,UK,50741.0,1,49474.0,2.56
2015,4,20150401,UK,39822.0,1,43708.0,-8.89
2015,5,20150501,UK,28125.0,1,27667.0,1.66
2015,6,20150601,UK,25543.0,1,25135.0,1.62
2015,7,20150701,UK,36643.0,1,32056.0,14.31
2015,8,20150801,UK,41077.0,1,38360.0,7.08
2015,9,20150901,UK,37374.0,1,35981.0,3.87
2015,10,20151001,UK,40871.0,1,36986.0,10.5
2015,11,20151101,UK,42034.0,1,37919.0,10.85
2015,12,20151201,UK,39757.0,1,38438.0,3.43
2016,1,20160101,UK,48413.0,1,44923.0,7.77
2016,2,20160201,UK,48378.0,1,47051.0,2.82
2016,3,20160301,UK,54800.0,1,50741.0,8.0
2016,4,20160401,UK,45552.0,1,39822.0,14.39
2016,5,20160501,UK,27667.0,1,28125.0,-1.63
2016,6,20160601,UK,24413.0,1,25543.0,-4.42
2016,7,20160701,UK,37272.0,1,36643.0,1.72
2016,8,20160801,UK,43301.0,1,41077.0,5.41
2016,9,20160901,UK,36529.0,1,37374.0,-2.26
2016,10,20161001,UK,43841.0,1,40871.0,7.27
2016,11,20161101,UK,39718.0,1,42034.0,-5.51
2016,12,20161201,UK,39465.0,1,39757.0,-0.73
2017,1,20170101,UK,46364.0,1,48413.0,-4.23
2017,2,20170201,UK,54456.0,1,48378.0,12.56
2017,3,20170301,UK,58635.0,1,54800.0,7.0
2017,4,20170401,UK,48170.0,1,45552.0,5.75
2017,5,20170501,UK,30066.0,1,27667.0,8.67
2017,6,20170601,UK,27974.0,1,24413.0,14.59
2017,7,20170701,UK,38424.0,1,37272.0,3.09
2017,8,20170801,UK,43467.0,1,43301.0,0.38
2017,9,20170901,UK,42423.0,1,36529.0,16.14
2017,10,20171001,UK,41920.0,1,43841.0,-4.38
2017,11,20171101,UK,45133.0,1,39718.0,13.63
2017,12,20171201,UK,42007.0,1,39465.0,6.44
2018,1,20180101,UK,51537.0,1,46364.0,11.16
2018,2,20180201,UK,57901.0,1,54456.0,6.33
2018,3,20180301,UK,68106.0,1,58635.0,16.15
2018,4,20180401,UK,54566.0,1,48170.0,13.28
2018,5,20180501,UK,33852.0,1,30066.0,12.59
2018,6,20180601,UK,30952.0,1,27974.0,10.65
2018,7,20180701,UK,44778.0,1,38424.0,16.54
2018,8,20180801,UK,51036.0,1,43467.0,17.41
2018,9,20180901,UK,53207.0,1,42423.0,25.42
2018,10,20181001,UK,48279.0,1,41920.0,15.17
2018,11,20181101,UK,48748.0,1,45133.0,8.01
2018,12,20181201,UK,46047.0,1,42007.0,9.62
2019,1,20190101,UK,59288.0,1,51537.0,15.04
2019,2,20190201,UK,62481.0,1,57901.0,7.91
2019,3,20190301,UK,66796.0,1,68106.0,-1.92
2019,4,20190401,UK,56004.0,1,54566.0,2.64
2019,5,20190501,UK,34740.0,1,33852.0,2.62
2019,6,20190601,UK,32813.0,1,30952.0,6.01
2019,7,20190701,UK,43869.0,1,44778.0,-2.03
2019,8,20190801,UK,50718.0,1,51036.0,-0.62
2019,9,20190901,UK,49918.0,1,53207.0,-6.18
2019,10,20191001,UK,48679.0,1,48279.0,0.83
2019,11,20191101,UK,48343.0,1,48748.0,-0.83
2019,12,20191201,UK,54172.0,1,46047.0,17.65
2023,1,20230101,UK,38123.0,1,59288.0,-35.7
2023,2,20230201,UK,45785.0,1,62481.0,-26.72
2023,3,20230301,UK,50330.0,1,66796.0,-24.65
2023,4,20230401,UK,41576.0,1,56004.0,-25.76
2023,5,20230501,UK,30608.0,1,34740.0,-11.89
2023,6,20230601,UK,24244.0,1,32813.0,-26.11
2023,7,20230701,UK,36886.0,1,43869.0,-15.92
2023,8,20230801,UK,41765.0,1,50718.0,-17.65
2023,9,20230901,UK,38715.0,1,49918.0,-22.44
2023,10,20231001,UK,36194.0,1,48679.0,-25.65
2023,11,20231101,UK,43195.0,1,48343.0,-10.65
2023,12,20231201,UK,46184.0,1,54172.0,-14.75
2024,1,20240101,UK,59049.0,1,38123.0,54.89
2024,2,20240201,UK,68124.0,1,45785.0,48.79
2024,3,20240301,UK,73495.0,1,50330.0,46.03
2024,4,20240401,UK,47462.0,1,41576.0,14.16
2024,5,20240501,UK,33172.0,1,30608.0,8.38
2024,6,20240601,UK,28489.0,1,24244.0,17.51
2024,7,20240701,UK,42188.0,1,36886.0,14.37
2024,8,20240801,UK,47305.0,1,41765.0,13.26
2024,9,20240901,UK,43032.0,1,38715.0,11.15
2024,10,20241001,UK,43943.0,1,36194.0,21.41
2024,11,20241101,UK,48607.0,1,43195.0,12.53
2024,12,20241201,UK,44650.0,1,46184.0,-3.32
2025,1,20250101,UK,56474.0,1,59049.0,-4.36
2025,2,20250201,UK,60238.0,1,68124.0,-11.58
2025,3,20250301,UK,63276.0,1,73495.0,-13.9
2025,4,20250401,UK,56713.0,1,47462.0,19.49
2025,5,20250501,UK,37413.0,1,33172.0,12.78
2025,6,20250601,UK,30327.0,1,28489.0,6.45
2025,7,20250701,UK,47971.0,1,42188.0,13.71
2025,8,20250801,UK,53247.0,1,47305.0,12.56
2025,9,20250901,UK,39297.0,1,43032.0,-8.68
2025,10,20251001,UK,47267.0,1,43943.0,7.56
2025,11,20251101,UK,49373.0,1,48607.0,1.58
2025,12,20251201,UK,45763.0,1,44650.0,2.49
2026,1,20260101,UK,55561.0,1,56474.0,-1.62
2026,2,20260201,UK,57892.0,1,60238.0,-3.89
2026,3,20260301,UK,60544.0,1,63276.0,-4.32
2026,4,20260401,UK,47870.0,1,56713.0,-15.59
2026,5,20260501,UK,31879.0,1,37413.0,-14.79
2026,6,20260601,UK,27780.0,1,30327.0,-8.4
2026,7,20260701,UK,42159.0,1,47971.0,-12.12
2008,1,20080101,USA,36447.0,1,,
2008,2,20080201,USA,33006.0,1,,
2008,3,20080301,USA,39004.0,1,,
2008,4,20080401,USA,31189.0,1,,
2008,5,20080501,USA,30862.0,1,,
2008,6,20080601,USA,35304.0,1,,
2008,7,20080701,USA,39087.0,1,,
2008,8,20080801,USA,32440.0,1,,
2008,9,20080901,USA,25160.0,1,,
2008,10,20081001,USA,31842.0,1,,
2008,11,20081101,USA,30713.0,1,,
2008,12,20081201,USA,31577.0,1,,
2009,1,20090101,USA,28845.0,1,36447.0,-20.86
2009,2,20090201,USA,26724.0,1,33006.0,-19.03
2009,3,20090301,USA,32022.0,1,39004.0,-17.9
2009,4,20090401,USA,28287.0,1,31189.0,-9.3
2009,5,20090501,USA,26832.0,1,30862.0,-13.06
2009,6,20090601,USA,32615.0,1,35304.0,-7.62
2009,7,20090701,USA,37270.0,1,39087.0,-4.65
2009,8,20090801,USA,32539.0,1,32440.0,0.31
2009,9,20090901,USA,25190.0,1,25160.0,0.12
2009,10,20091001,USA,32734.0,1,31842.0,2.8
2009,11,20091101,USA,34402.0,1,30713.0,12.01
2009,12,20091201,USA,33244.0,1,31577.0,5.28
2010,1,20100101,USA,35514.0,1,28845.0,23.12
2010,2,20100201,USA,31167.0,1,26724.0,16.63
2010,3,20100301,USA,37123.0,1,32022.0,15.93
2010,4,20100401,USA,33480.0,1,28287.0,18.36
2010,5,20100501,USA,32124.0,1,26832.0,19.72
2010,6,20100601,USA,39055.0,1,32615.0,19.75
2010,7,20100701,USA,41173.0,1,37270.0,10.47
2010,8,20100801,USA,34225.0,1,32539.0,5.18
2010,9,20100901,USA,27957.0,1,25190.0,10.98
2010,10,20101001,USA,36707.0,1,32734.0,12.14
2010,11,20101101,USA,34324.0,1,34402.0,-0.23
2010,12,20101201,USA,34346.0,1,33244.0,3.31
2011,1,20110101,USA,38267.0,1,35514.0,7.75
2011,2,20110201,USA,33944.0,1,31167.0,8.91
2011,3,20110301,USA,43236.0,1,37123.0,16.47
2011,4,20110401,USA,34124.0,1,33480.0,1.92
2011,5,20110501,USA,34105.0,1,32124.0,6.17
2011,6,20110601,USA,39712.0,1,39055.0,1.68
2011,7,20110701,USA,43187.0,1,41173.0,4.89
2011,8,20110801,USA,34221.0,1,34225.0,-0.01
2011,9,20110901,USA,29821.0,1,27957.0,6.67
2011,10,20111001,USA,36840.0,1,36707.0,0.36
2011,11,20111101,USA,36701.0,1,34324.0,6.93
2011,12,20111201,USA,36418.0,1,34346.0,6.03
2012,1,20120101,USA,38922.0,1,38267.0,1.71
2012,2,20120201,USA,41970.0,1,33944.0,23.64
2012,3,20120301,USA,45720.0,1,43236.0,5.75
2012,4,20120401,USA,35169.0,1,34124.0,3.06
2012,5,20120501,USA,36739.0,1,34105.0,7.72
2012,6,20120601,USA,43468.0,1,39712.0,9.46
2012,7,20120701,USA,44265.0,1,43187.0,2.5
2012,8,20120801,USA,36979.0,1,34221.0,8.06
2012,9,20120901,USA,32008.0,1,29821.0,7.33
2012,10,20121001,USA,38016.0,1,36840.0,3.19
2012,11,20121101,USA,40170.0,1,36701.0,9.45
2012,12,20121201,USA,43787.0,1,36418.0,20.23
2013,1,20130101,USA,45736.0,1,38922.0,17.51
2013,2,20130201,USA,40696.0,1,41970.0,-3.04
2013,3,20130301,USA,46881.0,1,45720.0,2.54
2013,4,20130401,USA,38908.0,1,35169.0,10.63
2013,5,20130501,USA,36909.0,1,36739.0,0.46
2013,6,20130601,USA,45860.0,1,43468.0,5.5
2013,7,20130701,USA,45176.0,1,44265.0,2.06
2013,8,20130801,USA,39079.0,1,36979.0,5.68
2013,9,20130901,USA,33741.0,1,32008.0,5.41
2013,10,20131001,USA,37555.0,1,38016.0,-1.21
2013,11,20131101,USA,39620.0,1,40170.0,-1.37
2013,12,20131201,USA,41785.0,1,43787.0,-4.57
2014,1,20140101,USA,43746.0,1,45736.0,-4.35
2014,2,20140201,USA,44052.0,1,40696.0,8.25
2014,3,20140301,USA,49729.0,1,46881.0,6.07
2014,4,20140401,USA,36594.0,1,38908.0,-5.95
2014,5,20140501,USA,35355.0,1,36909.0,-4.21
2014,6,20140601,USA,41609.0,1,45860.0,-9.27
2014,7,20140701,USA,43508.0,1,45176.0,-3.69
2014,8,20140801,USA,38067.0,1,39079.0,-2.59
2014,9,20140901,USA,33053.0,1,33741.0,-2.04
2014,10,20141001,USA,36306.0,1,37555.0,-3.33
2014,11,20141101,USA,39705.0,1,39620.0,0.21
2014,12,20141201,USA,43188.0,1,41785.0,3.36
2015,1,20150101,USA,46845.0,1,43746.0,7.08
2015,2,20150201,USA,42427.0,1,44052.0,-3.69
2015,3,20150301,USA,48341.0,1,49729.0,-2.79
2015,4,20150401,USA,36186.0,1,36594.0,-1.11
2015,5,20150501,USA,37117.0,1,35355.0,4.98
2015,6,20150601,USA,44929.0,1,41609.0,7.98
2015,7,20150701,USA,45139.0,1,43508.0,3.75
2015,8,20150801,USA,39090.0,1,38067.0,2.69
2015,9,20150901,USA,32749.0,1,33053.0,-0.92
2015,10,20151001,USA,39683.0,1,36306.0,9.3
2015,11,20151101,USA,41457.0,1,39705.0,4.41
2015,12,20151201,USA,45546.0,1,43188.0,5.46
2016,1,20160101,USA,48852.0,1,46845.0,4.28
2016,2,20160201,USA,42751.0,1,42427.0,0.76
2016,3,20160301,USA,46658.0,1,48341.0,-3.48
2016,4,20160401,USA,39355.0,1,36186.0,8.76
2016,5,20160501,USA,38422.0,1,37117.0,3.52
2016,6,20160601,USA,46155.0,1,44929.0,2.73
2016,7,20160701,USA,47089.0,1,45139.0,4.32
2016,8,20160801,USA,38116.0,1,39090.0,-2.49
2016,9,20160901,USA,33262.0,1,32749.0,1.57
2016,10,20161001,USA,40277.0,1,39683.0,1.5
2016,11,20161101,USA,44971.0,1,41457.0,8.48
2016,12,20161201,USA,50542.0,1,45546.0,10.97
2017,1,20170101,USA,51562.0,1,48852.0,5.55
2017,2,20170201,USA,49370.0,1,42751.0,15.48
2017,3,20170301,USA,52107.0,1,46658.0,11.68
2017,4,20170401,USA,40662.0,1,39355.0,3.32
2017,5,20170501,USA,40789.0,1,38422.0,6.16
2017,6,20170601,USA,52583.0,1,46155.0,13.93
2017,7,20170701,USA,53111.0,1,47089.0,12.79
2017,8,20170801,USA,41163.0,1,38116.0,7.99
2017,9,20170901,USA,36834.0,1,33262.0,10.74
2017,10,20171001,USA,40428.0,1,40277.0,0.37
2017,11,20171101,USA,52454.0,1,44971.0,16.64
2017,12,20171201,USA,54367.0,1,50542.0,7.57
2018,1,20180101,USA,57991.0,1,51562.0,12.47
2018,2,20180201,USA,54240.0,1,49370.0,9.86
2018,3,20180301,USA,61354.0,1,52107.0,17.75
2018,4,20180401,USA,50463.0,1,40662.0,24.1
2018,5,20180501,USA,45553.0,1,40789.0,11.68
2018,6,20180601,USA,57674.0,1,52583.0,9.68
2018,7,20180701,USA,60786.0,1,53111.0,14.45
2018,8,20180801,USA,46269.0,1,41163.0,12.4
2018,9,20180901,USA,42379.0,1,36834.0,15.05
2018,10,20181001,USA,46260.0,1,40428.0,14.43
2018,11,20181101,USA,56184.0,1,52454.0,7.11
2018,12,20181201,USA,64115.0,1,54367.0,17.93
2019,1,20190101,USA,67151.0,1,57991.0,15.8
2019,2,20190201,USA,56240.0,1,54240.0,3.69
2019,3,20190301,USA,65415.0,1,61354.0,6.62
2019,4,20190401,USA,54189.0,1,50463.0,7.38
2019,5,20190501,USA,51455.0,1,45553.0,12.96
2019,6,20190601,USA,67088.0,1,57674.0,16.32
2019,7,20190701,USA,71343.0,1,60786.0,17.37
2019,8,20190801,USA,54865.0,1,46269.0,18.58
2019,9,20190901,USA,49493.0,1,42379.0,16.79
2019,10,20191001,USA,52674.0,1,46260.0,13.87
2019,11,20191101,USA,63363.0,1,56184.0,12.78
2019,12,20191201,USA,76133.0,1,64115.0,18.74
2023,1,20230101,USA,50492.0,1,67151.0,-24.81
2023,2,20230201,USA,52830.0,1,56240.0,-6.06
2023,3,20230301,USA,54157.0,1,65415.0,-17.21
2023,4,20230401,USA,44779.0,1,54189.0,-17.37
2023,5,20230501,USA,50898.0,1,51455.0,-1.08
2023,6,20230601,USA,59074.0,1,67088.0,-11.95
2023,7,20230701,USA,64786.0,1,71343.0,-9.19
2023,8,20230801,USA,48489.0,1,54865.0,-11.62
2023,9,20230901,USA,46605.0,1,49493.0,-5.84
2023,10,20231001,USA,44140.0,1,52674.0,-16.2
2023,11,20231101,USA,58805.0,1,63363.0,-7.19
2023,12,20231201,USA,65946.0,1,76133.0,-13.38
2024,1,20240101,USA,62001.0,1,50492.0,22.79
2024,2,20240201,USA,60340.0,1,52830.0,14.22
2024,3,20240301,USA,64436.0,1,54157.0,18.98
2024,4,20240401,USA,49724.0,1,44779.0,11.04
2024,5,20240501,USA,54517.0,1,50898.0,7.11
2024,6,20240601,USA,61411.0,1,59074.0,3.96
2024,7,20240701,USA,65244.0,1,64786.0,0.71
2024,8,20240801,USA,51082.0,1,48489.0,5.35
2024,9,20240901,USA,47493.0,1,46605.0,1.91
2024,10,20241001,USA,50339.0,1,44140.0,14.04
2024,11,20241101,USA,61005.0,1,58805.0,3.74
2024,12,20241201,USA,64842.0,1,65946.0,-1.67
2025,1,20250101,USA,70962.0,1,62001.0,14.45
2025,2,20250201,USA,65777.0,1,60340.0,9.01
2025,3,20250301,USA,68300.0,1,64436.0,6.0
2025,4,20250401,USA,54197.0,1,49724.0,9.0
2025,5,20250501,USA,47768.0,1,54517.0,-12.38
2025,6,20250601,USA,62920.0,1,61411.0,2.46
2025,7,20250701,USA,67604.0,1,65244.0,3.62
2025,8,20250801,USA,49956.0,1,51082.0,-2.2
2025,9,20250901,USA,44191.0,1,47493.0,-6.95
2025,10,20251001,USA,50146.0,1,50339.0,-0.38
2025,11,20251101,USA,63219.0,1,61005.0,3.63
2025,12,20251201,USA,71933.0,1,64842.0,10.94
2026,1,20260101,USA,71556.0,1,70962.0,0.84
2026,2,20260201,USA,61861.0,1,65777.0,-5.95
2026,3,20260301,USA,73126.0,1,68300.0,7.07
2026,4,20260401,USA,60189.0,1,54197.0,11.06
2026,5,20260501,USA,50390.0,1,47768.0,5.49
2026,6,20260601,USA,61082.0,1,62920.0,-2.92
2026,7,20260701,USA,65306.0,1,67604.0,-3.4
2008,1,20080101,United Arab Emirates,2946.0,0,,
2008,2,20080201,United Arab Emirates,2439.0,0,,
2008,3,20080301,United Arab Emirates,3642.0,0,,
2008,4,20080401,United Arab Emirates,3491.0,0,,
2008,5,20080501,United Arab Emirates,3029.0,0,,
2008,6,20080601,United Arab Emirates,4625.0,0,,
2008,7,20080701,United Arab Emirates,8182.0,0,,
2008,8,20080801,United Arab Emirates,7253.0,0,,
2008,9,20080901,United Arab Emirates,3266.0,0,,
2008,10,20081001,United Arab Emirates,3898.0,0,,
2008,11,20081101,United Arab Emirates,3082.0,0,,
2008,12,20081201,United Arab Emirates,5317.0,0,,
2009,1,20090101,United Arab Emirates,3598.0,0,2946.0,22.13
2009,2,20090201,United Arab Emirates,2678.0,0,2439.0,9.8
2009,3,20090301,United Arab Emirates,3631.0,0,3642.0,-0.3
2009,4,20090401,United Arab Emirates,4177.0,0,3491.0,19.65
2009,5,20090501,United Arab Emirates,3557.0,0,3029.0,17.43
2009,6,20090601,United Arab Emirates,4115.0,0,4625.0,-11.03
2009,7,20090701,United Arab Emirates,6655.0,0,8182.0,-18.66
2009,8,20090801,United Arab Emirates,5466.0,0,7253.0,-24.64
2009,9,20090901,United Arab Emirates,3644.0,0,3266.0,11.57
2009,10,20091001,United Arab Emirates,3078.0,0,3898.0,-21.04
2009,11,20091101,United Arab Emirates,4631.0,0,3082.0,50.26
2009,12,20091201,United Arab Emirates,4299.0,0,5317.0,-19.15
2010,1,20100101,United Arab Emirates,3686.0,0,3598.0,2.45
2010,2,20100201,United Arab Emirates,3036.0,0,2678.0,13.37
2010,3,20100301,United Arab Emirates,3842.0,0,3631.0,5.81
2010,4,20100401,United Arab Emirates,4301.0,0,4177.0,2.97
2010,5,20100501,United Arab Emirates,3764.0,0,3557.0,5.82
2010,6,20100601,United Arab Emirates,4620.0,0,4115.0,12.27
2010,7,20100701,United Arab Emirates,8870.0,0,6655.0,33.28
2010,8,20100801,United Arab Emirates,6133.0,0,5466.0,12.2
2010,9,20100901,United Arab Emirates,4299.0,0,3644.0,17.97
2010,10,20101001,United Arab Emirates,3683.0,0,3078.0,19.66
2010,11,20101101,United Arab Emirates,5729.0,0,4631.0,23.71
2010,12,20101201,United Arab Emirates,4513.0,0,4299.0,4.98
2011,1,20110101,United Arab Emirates,3992.0,0,3686.0,8.3
2011,2,20110201,United Arab Emirates,3429.0,0,3036.0,12.94
2011,3,20110301,United Arab Emirates,4654.0,0,3842.0,21.13
2011,4,20110401,United Arab Emirates,4447.0,0,4301.0,3.39
2011,5,20110501,United Arab Emirates,4179.0,0,3764.0,11.03
2011,6,20110601,United Arab Emirates,5064.0,0,4620.0,9.61
2011,7,20110701,United Arab Emirates,9149.0,0,8870.0,3.15
2011,8,20110801,United Arab Emirates,6637.0,0,6133.0,8.22
2011,9,20110901,United Arab Emirates,4660.0,0,4299.0,8.4
2011,10,20111001,United Arab Emirates,3710.0,0,3683.0,0.73
2011,11,20111101,United Arab Emirates,6958.0,0,5729.0,21.45
2011,12,20111201,United Arab Emirates,5857.0,0,4513.0,29.78
2012,1,20120101,United Arab Emirates,3990.0,0,3992.0,-0.05
2012,2,20120201,United Arab Emirates,4211.0,0,3429.0,22.81
2012,3,20120301,United Arab Emirates,6088.0,0,4654.0,30.81
2012,4,20120401,United Arab Emirates,5282.0,0,4447.0,18.78
2012,5,20120501,United Arab Emirates,4312.0,0,4179.0,3.18
2012,6,20120601,United Arab Emirates,5716.0,0,5064.0,12.88
2012,7,20120701,United Arab Emirates,7448.0,0,9149.0,-18.59
2012,8,20120801,United Arab Emirates,8068.0,0,6637.0,21.56
2012,9,20120901,United Arab Emirates,4588.0,0,4660.0,-1.55
2012,10,20121001,United Arab Emirates,5100.0,0,3710.0,37.47
2012,11,20121101,United Arab Emirates,4305.0,0,6958.0,-38.13
2012,12,20121201,United Arab Emirates,6444.0,0,5857.0,10.02
2013,1,20130101,United Arab Emirates,4424.0,0,3990.0,10.88
2013,2,20130201,United Arab Emirates,3873.0,0,4211.0,-8.03
2013,3,20130301,United Arab Emirates,6560.0,0,6088.0,7.75
2013,4,20130401,United Arab Emirates,6582.0,0,5282.0,24.61
2013,5,20130501,United Arab Emirates,4477.0,0,4312.0,3.83
2013,6,20130601,United Arab Emirates,5375.0,0,5716.0,-5.97
2013,7,20130701,United Arab Emirates,6403.0,0,7448.0,-14.03
2013,8,20130801,United Arab Emirates,10701.0,0,8068.0,32.64
2013,9,20130901,United Arab Emirates,5089.0,0,4588.0,10.92
2013,10,20131001,United Arab Emirates,7356.0,0,5100.0,44.24
2013,11,20131101,United Arab Emirates,4674.0,0,4305.0,8.57
2013,12,20131201,United Arab Emirates,7039.0,0,6444.0,9.23
2014,1,20140101,United Arab Emirates,3843.0,0,4424.0,-13.13
2014,2,20140201,United Arab Emirates,4072.0,0,3873.0,5.14
2014,3,20140301,United Arab Emirates,6286.0,0,6560.0,-4.18
2014,4,20140401,United Arab Emirates,6512.0,0,6582.0,-1.06
2014,5,20140501,United Arab Emirates,4609.0,0,4477.0,2.95
2014,6,20140601,United Arab Emirates,5676.0,0,5375.0,5.6
2014,7,20140701,United Arab Emirates,8544.0,0,6403.0,33.44
2014,8,20140801,United Arab Emirates,11862.0,0,10701.0,10.85
2014,9,20140901,United Arab Emirates,5012.0,0,5089.0,-1.51
2014,10,20141001,United Arab Emirates,6704.0,0,7356.0,-8.86
2014,11,20141101,United Arab Emirates,4754.0,0,4674.0,1.71
2014,12,20141201,United Arab Emirates,7868.0,0,7039.0,11.78
2015,1,20150101,United Arab Emirates,4612.0,0,3843.0,20.01
2015,2,20150201,United Arab Emirates,3871.0,0,4072.0,-4.94
2015,3,20150301,United Arab Emirates,7588.0,0,6286.0,20.71
2015,4,20150401,United Arab Emirates,6628.0,0,6512.0,1.78
2015,5,20150501,United Arab Emirates,5278.0,0,4609.0,14.52
2015,6,20150601,United Arab Emirates,5101.0,0,5676.0,-10.13
2015,7,20150701,United Arab Emirates,10044.0,0,8544.0,17.56
2015,8,20150801,United Arab Emirates,10164.0,0,11862.0,-14.31
2015,9,20150901,United Arab Emirates,6781.0,0,5012.0,35.3
2015,10,20151001,United Arab Emirates,4984.0,0,6704.0,-25.66
2015,11,20151101,United Arab Emirates,5450.0,0,4754.0,14.64
2015,12,20151201,United Arab Emirates,8192.0,0,7868.0,4.12
2016,1,20160101,United Arab Emirates,5048.0,0,4612.0,9.45
2016,2,20160201,United Arab Emirates,4470.0,0,3871.0,15.47
2016,3,20160301,United Arab Emirates,8349.0,0,7588.0,10.03
2016,4,20160401,United Arab Emirates,6712.0,0,6628.0,1.27
2016,5,20160501,United Arab Emirates,5670.0,0,5278.0,7.43
2016,6,20160601,United Arab Emirates,4478.0,0,5101.0,-12.21
2016,7,20160701,United Arab Emirates,11168.0,0,10044.0,11.19
2016,8,20160801,United Arab Emirates,9881.0,0,10164.0,-2.78
2016,9,20160901,United Arab Emirates,7531.0,0,6781.0,11.06
2016,10,20161001,United Arab Emirates,4527.0,0,4984.0,-9.17
2016,11,20161101,United Arab Emirates,4803.0,0,5450.0,-11.87
2016,12,20161201,United Arab Emirates,7575.0,0,8192.0,-7.53
2017,1,20170101,United Arab Emirates,4578.0,0,5048.0,-9.31
2017,2,20170201,United Arab Emirates,4834.0,0,4470.0,8.14
2017,3,20170301,United Arab Emirates,8333.0,0,8349.0,-0.19
2017,4,20170401,United Arab Emirates,6122.0,0,6712.0,-8.79
2017,5,20170501,United Arab Emirates,5125.0,0,5670.0,-9.61
2017,6,20170601,United Arab Emirates,6688.0,0,4478.0,49.35
2017,7,20170701,United Arab Emirates,9640.0,0,11168.0,-13.68
2017,8,20170801,United Arab Emirates,10315.0,0,9881.0,4.39
2017,9,20170901,United Arab Emirates,5695.0,0,7531.0,-24.38
2017,10,20171001,United Arab Emirates,4922.0,0,4527.0,8.73
2017,11,20171101,United Arab Emirates,5592.0,0,4803.0,16.43
2017,12,20171201,United Arab Emirates,7163.0,0,7575.0,-5.44
2018,1,20180101,United Arab Emirates,4689.0,0,4578.0,2.42
2018,2,20180201,United Arab Emirates,4311.0,0,4834.0,-10.82
2018,3,20180301,United Arab Emirates,8694.0,0,8333.0,4.33
2018,4,20180401,United Arab Emirates,6215.0,0,6122.0,1.52
2018,5,20180501,United Arab Emirates,4811.0,0,5125.0,-6.13
2018,6,20180601,United Arab Emirates,4969.0,0,6688.0,-25.7
2018,7,20180701,United Arab Emirates,9444.0,0,9640.0,-2.03
2018,8,20180801,United Arab Emirates,10476.0,0,10315.0,1.56
2018,9,20180901,United Arab Emirates,5174.0,0,5695.0,-9.15
2018,10,20181001,United Arab Emirates,5129.0,0,4922.0,4.21
2018,11,20181101,United Arab Emirates,5652.0,0,5592.0,1.07
2018,12,20181201,United Arab Emirates,6704.0,0,7163.0,-6.41
2019,1,20190101,United Arab Emirates,4805.0,0,4689.0,2.47
2019,2,20190201,United Arab Emirates,4409.0,0,4311.0,2.27
2019,3,20190301,United Arab Emirates,7546.0,0,8694.0,-13.2
2019,4,20190401,United Arab Emirates,7716.0,0,6215.0,24.15
2019,5,20190501,United Arab Emirates,5297.0,0,4811.0,10.1
2019,6,20190601,United Arab Emirates,6917.0,0,4969.0,39.2
2019,7,20190701,United Arab Emirates,9561.0,0,9444.0,1.24
2019,8,20190801,United Arab Emirates,11049.0,0,10476.0,5.47
2019,9,20190901,United Arab Emirates,5312.0,0,5174.0,2.67
2019,10,20191001,United Arab Emirates,5338.0,0,5129.0,4.07
2019,11,20191101,United Arab Emirates,6406.0,0,5652.0,13.34
2019,12,20191201,United Arab Emirates,7174.0,0,6704.0,7.01
2023,1,20230101,United Arab Emirates,4074.0,0,4805.0,-15.21
2023,2,20230201,United Arab Emirates,4971.0,0,4409.0,12.75
2023,3,20230301,United Arab Emirates,6795.0,0,7546.0,-9.95
2023,4,20230401,United Arab Emirates,6714.0,0,7716.0,-12.99
2023,5,20230501,United Arab Emirates,5240.0,0,5297.0,-1.08
2023,6,20230601,United Arab Emirates,7525.0,0,6917.0,8.79
2023,7,20230701,United Arab Emirates,9793.0,0,9561.0,2.43
2023,8,20230801,United Arab Emirates,8749.0,0,11049.0,-20.82
2023,9,20230901,United Arab Emirates,6769.0,0,5312.0,27.43
2023,10,20231001,United Arab Emirates,5534.0,0,5338.0,3.67
2023,11,20231101,United Arab Emirates,5120.0,0,6406.0,-20.07
2023,12,20231201,United Arab Emirates,7156.0,0,7174.0,-0.25
2024,1,20240101,United Arab Emirates,4760.0,0,4074.0,16.84
2024,2,20240201,United Arab Emirates,4985.0,0,4971.0,0.28
2024,3,20240301,United Arab Emirates,7314.0,0,6795.0,7.64
2024,4,20240401,United Arab Emirates,10554.0,0,6714.0,57.19
2024,5,20240501,United Arab Emirates,5653.0,0,5240.0,7.88
2024,6,20240601,United Arab Emirates,7172.0,0,7525.0,-4.69
2024,7,20240701,United Arab Emirates,11626.0,0,9793.0,18.72
2024,8,20240801,United Arab Emirates,10764.0,0,8749.0,23.03
2024,9,20240901,United Arab Emirates,7831.0,0,6769.0,15.69
2024,10,20241001,United Arab Emirates,7301.0,0,5534.0,31.93
2024,11,20241101,United Arab Emirates,6699.0,0,5120.0,30.84
2024,12,20241201,United Arab Emirates,7869.0,0,7156.0,9.96
2025,1,20250101,United Arab Emirates,5750.0,0,4760.0,20.8
2025,2,20250201,United Arab Emirates,6240.0,0,4985.0,25.18
2025,3,20250301,United Arab Emirates,9571.0,0,7314.0,30.86
2025,4,20250401,United Arab Emirates,8860.0,0,10554.0,-16.05
2025,5,20250501,United Arab Emirates,7438.0,0,5653.0,31.58
2025,6,20250601,United Arab Emirates,7971.0,0,7172.0,11.14
2025,7,20250701,United Arab Emirates,12316.0,0,11626.0,5.93
2025,8,20250801,United Arab Emirates,11549.0,0,10764.0,7.29
2025,9,20250901,United Arab Emirates,8573.0,0,7831.0,9.48
2025,10,20251001,United Arab Emirates,7900.0,0,7301.0,8.2
2025,11,20251101,United Arab Emirates,7776.0,0,6699.0,16.08
2025,12,20251201,United Arab Emirates,8593.0,0,7869.0,9.2
2026,1,20260101,United Arab Emirates,5467.0,0,5750.0,-4.92
2026,2,20260201,United Arab Emirates,4897.0,0,6240.0,-21.52
2026,3,20260301,United Arab Emirates,8253.0,0,9571.0,-13.77
2026,4,20260401,United Arab Emirates,5381.0,0,8860.0,-39.27
2026,5,20260501,United Arab Emirates,8455.0,0,7438.0,13.67
2026,6,20260601,United Arab Emirates,5524.0,0,7971.0,-30.7
2026,7,20260701,United Arab Emirates,10791.0,0,12316.0,-12.38
2008,1,20080101,Vietnam,12927.0,0,,
2008,2,20080201,Vietnam,17171.0,0,,
2008,3,20080301,Vietnam,17961.0,0,,
2008,4,20080401,Vietnam,19097.0,0,,
2008,5,20080501,Vietnam,18193.0,0,,
2008,6,20080601,Vietnam,27272.0,0,,
2008,7,20080701,Vietnam,29462.0,0,,
2008,8,20080801,Vietnam,24828.0,0,,
2008,9,20080901,Vietnam,16065.0,0,,
2008,10,20081001,Vietnam,18719.0,0,,
2008,11,20081101,Vietnam,17701.0,0,,
2008,12,20081201,Vietnam,19903.0,0,,
2009,1,20090101,Vietnam,19870.0,0,12927.0,53.71
2009,2,20090201,Vietnam,19292.0,0,17171.0,12.35
2009,3,20090301,Vietnam,18307.0,0,17961.0,1.93
2009,4,20090401,Vietnam,21663.0,0,19097.0,13.44
2009,5,20090501,Vietnam,20397.0,0,18193.0,12.11
2009,6,20090601,Vietnam,28171.0,0,27272.0,3.3
2009,7,20090701,Vietnam,32814.0,0,29462.0,11.38
2009,8,20090801,Vietnam,24506.0,0,24828.0,-1.3
2009,9,20090901,Vietnam,17520.0,0,16065.0,9.06
2009,10,20091001,Vietnam,20939.0,0,18719.0,11.86
2009,11,20091101,Vietnam,19905.0,0,17701.0,12.45
2009,12,20091201,Vietnam,22030.0,0,19903.0,10.69
2010,1,20100101,Vietnam,19109.0,0,19870.0,-3.83
2010,2,20100201,Vietnam,20478.0,0,19292.0,6.15
2010,3,20100301,Vietnam,21338.0,0,18307.0,16.56
2010,4,20100401,Vietnam,26681.0,0,21663.0,23.16
2010,5,20100501,Vietnam,26153.0,0,20397.0,28.22
2010,6,20100601,Vietnam,35590.0,0,28171.0,26.34
2010,7,20100701,Vietnam,43861.0,0,32814.0,33.67
2010,8,20100801,Vietnam,32844.0,0,24506.0,34.02
2010,9,20100901,Vietnam,24338.0,0,17520.0,38.92
2010,10,20101001,Vietnam,24692.0,0,20939.0,17.92
2010,11,20101101,Vietnam,21246.0,0,19905.0,6.74
2010,12,20101201,Vietnam,26550.0,0,22030.0,20.52
2011,1,20110101,Vietnam,19704.0,0,19109.0,3.11
2011,2,20110201,Vietnam,26850.0,0,20478.0,31.12
2011,3,20110301,Vietnam,23756.0,0,21338.0,11.33
2011,4,20110401,Vietnam,24152.0,0,26681.0,-9.48
2011,5,20110501,Vietnam,24500.0,0,26153.0,-6.32
2011,6,20110601,Vietnam,36751.0,0,35590.0,3.26
2011,7,20110701,Vietnam,45542.0,0,43861.0,3.83
2011,8,20110801,Vietnam,30612.0,0,32844.0,-6.8
2011,9,20110901,Vietnam,26678.0,0,24338.0,9.61
2011,10,20111001,Vietnam,23285.0,0,24692.0,-5.7
2011,11,20111101,Vietnam,23406.0,0,21246.0,10.17
2011,12,20111201,Vietnam,26995.0,0,26550.0,1.68
2012,1,20120101,Vietnam,27160.0,0,19704.0,37.84
2012,2,20120201,Vietnam,26059.0,0,26850.0,-2.95
2012,3,20120301,Vietnam,28214.0,0,23756.0,18.77
2012,4,20120401,Vietnam,29837.0,0,24152.0,23.54
2012,5,20120501,Vietnam,30562.0,0,24500.0,24.74
2012,6,20120601,Vietnam,39560.0,0,36751.0,7.64
2012,7,20120701,Vietnam,46521.0,0,45542.0,2.15
2012,8,20120801,Vietnam,33230.0,0,30612.0,8.55
2012,9,20120901,Vietnam,25917.0,0,26678.0,-2.85
2012,10,20121001,Vietnam,25749.0,0,23285.0,10.58
2012,11,20121101,Vietnam,25249.0,0,23406.0,7.87
2012,12,20121201,Vietnam,28176.0,0,26995.0,4.37
2013,1,20130101,Vietnam,22879.0,0,27160.0,-15.76
2013,2,20130201,Vietnam,28981.0,0,26059.0,11.21
2013,3,20130301,Vietnam,27732.0,0,28214.0,-1.71
2013,4,20130401,Vietnam,31863.0,0,29837.0,6.79
2013,5,20130501,Vietnam,30496.0,0,30562.0,-0.22
2013,6,20130601,Vietnam,42194.0,0,39560.0,6.66
2013,7,20130701,Vietnam,47834.0,0,46521.0,2.82
2013,8,20130801,Vietnam,34980.0,0,33230.0,5.27
2013,9,20130901,Vietnam,28276.0,0,25917.0,9.1
2013,10,20131001,Vietnam,29011.0,0,25749.0,12.67
2013,11,20131101,Vietnam,27353.0,0,25249.0,8.33
2013,12,20131201,Vietnam,28896.0,0,28176.0,2.56
2014,1,20140101,Vietnam,26071.0,0,22879.0,13.95
2014,2,20140201,Vietnam,33053.0,0,28981.0,14.05
2014,3,20140301,Vietnam,31060.0,0,27732.0,12.0
2014,4,20140401,Vietnam,30234.0,0,31863.0,-5.11
2014,5,20140501,Vietnam,36630.0,0,30496.0,20.11
2014,6,20140601,Vietnam,48999.0,0,42194.0,16.13
2014,7,20140701,Vietnam,55951.0,0,47834.0,16.97
2014,8,20140801,Vietnam,41775.0,0,34980.0,19.43
2014,9,20140901,Vietnam,28960.0,0,28276.0,2.42
2014,10,20141001,Vietnam,30552.0,0,29011.0,5.31
2014,11,20141101,Vietnam,29938.0,0,27353.0,9.45
2014,12,20141201,Vietnam,31185.0,0,28896.0,7.92
2015,1,20150101,Vietnam,28632.0,0,26071.0,9.82
2015,2,20150201,Vietnam,28150.0,0,33053.0,-14.83
2015,3,20150301,Vietnam,30907.0,0,31060.0,-0.49
2015,4,20150401,Vietnam,36472.0,0,30234.0,20.63
2015,5,20150501,Vietnam,35974.0,0,36630.0,-1.79
2015,6,20150601,Vietnam,45490.0,0,48999.0,-7.16
2015,7,20150701,Vietnam,54711.0,0,55951.0,-2.22
2015,8,20150801,Vietnam,39519.0,0,41775.0,-5.4
2015,9,20150901,Vietnam,28282.0,0,28960.0,-2.34
2015,10,20151001,Vietnam,30686.0,0,30552.0,0.44
2015,11,20151101,Vietnam,29284.0,0,29938.0,-2.18
2015,12,20151201,Vietnam,30159.0,0,31185.0,-3.29
2016,1,20160101,Vietnam,29145.0,0,28632.0,1.79
2016,2,20160201,Vietnam,35731.0,0,28150.0,26.93
2016,3,20160301,Vietnam,33122.0,0,30907.0,7.17
2016,4,20160401,Vietnam,38398.0,0,36472.0,5.28
2016,5,20160501,Vietnam,40046.0,0,35974.0,11.32
2016,6,20160601,Vietnam,52449.0,0,45490.0,15.3
2016,7,20160701,Vietnam,59800.0,0,54711.0,9.3
2016,8,20160801,Vietnam,46773.0,0,39519.0,18.36
2016,9,20160901,Vietnam,32777.0,0,28282.0,15.89
2016,10,20161001,Vietnam,32192.0,0,30686.0,4.91
2016,11,20161101,Vietnam,33482.0,0,29284.0,14.34
2016,12,20161201,Vietnam,35494.0,0,30159.0,17.69
2017,1,20170101,Vietnam,35367.0,0,29145.0,21.35
2017,2,20170201,Vietnam,34586.0,0,35731.0,-3.2
2017,3,20170301,Vietnam,37887.0,0,33122.0,14.39
2017,4,20170401,Vietnam,39370.0,0,38398.0,2.53
2017,5,20170501,Vietnam,43434.0,0,40046.0,8.46
2017,6,20170601,Vietnam,62831.0,0,52449.0,19.79
2017,7,20170701,Vietnam,71153.0,0,59800.0,18.98
2017,8,20170801,Vietnam,51866.0,0,46773.0,10.89
2017,9,20170901,Vietnam,40270.0,0,32777.0,22.86
2017,10,20171001,Vietnam,39013.0,0,32192.0,21.19
2017,11,20171101,Vietnam,36964.0,0,33482.0,10.4
2017,12,20171201,Vietnam,38618.0,0,35494.0,8.8
2018,1,20180101,Vietnam,35882.0,0,35367.0,1.46
2018,2,20180201,Vietnam,42823.0,0,34586.0,23.82
2018,3,20180301,Vietnam,41109.0,0,37887.0,8.5
2018,4,20180401,Vietnam,48758.0,0,39370.0,23.85
2018,5,20180501,Vietnam,53025.0,0,43434.0,22.08
2018,6,20180601,Vietnam,69697.0,0,62831.0,10.93
2018,7,20180701,Vietnam,79816.0,0,71153.0,12.18
2018,8,20180801,Vietnam,60051.0,0,51866.0,15.78
2018,9,20180901,Vietnam,43407.0,0,40270.0,7.79
2018,10,20181001,Vietnam,41185.0,0,39013.0,5.57
2018,11,20181101,Vietnam,38089.0,0,36964.0,3.04
2018,12,20181201,Vietnam,37772.0,0,38618.0,-2.19
2019,1,20190101,Vietnam,32747.0,0,35882.0,-8.74
2019,2,20190201,Vietnam,44283.0,0,42823.0,3.41
2019,3,20190301,Vietnam,41153.0,0,41109.0,0.11
2019,4,20190401,Vietnam,45613.0,0,48758.0,-6.45
2019,5,20190501,Vietnam,49071.0,0,53025.0,-7.46
2019,6,20190601,Vietnam,72441.0,0,69697.0,3.94
2019,7,20190701,Vietnam,78515.0,0,79816.0,-1.63
2019,8,20190801,Vietnam,59034.0,0,60051.0,-1.69
2019,9,20190901,Vietnam,44012.0,0,43407.0,1.39
2019,10,20191001,Vietnam,41501.0,0,41185.0,0.77
2019,11,20191101,Vietnam,45125.0,0,38089.0,18.47
2019,12,20191201,Vietnam,38451.0,0,37772.0,1.8
2023,1,20230101,Vietnam,31824.0,0,32747.0,-2.82
2023,2,20230201,Vietnam,27896.0,0,44283.0,-37.01
2023,3,20230301,Vietnam,31347.0,0,41153.0,-23.83
2023,4,20230401,Vietnam,36630.0,0,45613.0,-19.69
2023,5,20230501,Vietnam,50765.0,0,49071.0,3.45
2023,6,20230601,Vietnam,48924.0,0,72441.0,-32.46
2023,7,20230701,Vietnam,60188.0,0,78515.0,-23.34
2023,8,20230801,Vietnam,51381.0,0,59034.0,-12.96
2023,9,20230901,Vietnam,34736.0,0,44012.0,-21.08
2023,10,20231001,Vietnam,32730.0,0,41501.0,-21.13
2023,11,20231101,Vietnam,27484.0,0,45125.0,-39.09
2023,12,20231201,Vietnam,24680.0,0,38451.0,-35.81
2024,1,20240101,Vietnam,25911.0,0,31824.0,-18.58
2024,2,20240201,Vietnam,31777.0,0,27896.0,13.91
2024,3,20240301,Vietnam,35360.0,0,31347.0,12.8
2024,4,20240401,Vietnam,30809.0,0,36630.0,-15.89
2024,5,20240501,Vietnam,31221.0,0,50765.0,-38.5
2024,6,20240601,Vietnam,42368.0,0,48924.0,-13.4
2024,7,20240701,Vietnam,50619.0,0,60188.0,-15.9
2024,8,20240801,Vietnam,43400.0,0,51381.0,-15.53
2024,9,20240901,Vietnam,27636.0,0,34736.0,-20.44
2024,10,20241001,Vietnam,27140.0,0,32730.0,-17.08
2024,11,20241101,Vietnam,24350.0,0,27484.0,-11.4
2024,12,20241201,Vietnam,22642.0,0,24680.0,-8.26
2025,1,20250101,Vietnam,26655.0,0,25911.0,2.87
2025,2,20250201,Vietnam,23212.0,0,31777.0,-26.95
2025,3,20250301,Vietnam,23240.0,0,35360.0,-34.28
2025,4,20250401,Vietnam,26579.0,0,30809.0,-13.73
2025,5,20250501,Vietnam,30069.0,0,31221.0,-3.69
2025,6,20250601,Vietnam,37168.0,0,42368.0,-12.27
2025,7,20250701,Vietnam,45102.0,0,50619.0,-10.9
2025,8,20250801,Vietnam,37835.0,0,43400.0,-12.82
2025,9,20250901,Vietnam,23385.0,0,27636.0,-15.38
2025,10,20251001,Vietnam,26319.0,0,27140.0,-3.03
2025,11,20251101,Vietnam,24030.0,0,24350.0,-1.31
2025,12,20251201,Vietnam,20694.0,0,22642.0,-8.6
2026,1,20260101,Vietnam,22708.0,0,26655.0,-14.81
2026,2,20260201,Vietnam,27258.0,0,23212.0,17.43
2026,3,20260301,Vietnam,22710.0,0,23240.0,-2.28
2026,4,20260401,Vietnam,26215.0,0,26579.0,-1.37
2026,5,20260501,Vietnam,24778.0,0,30069.0,-17.6
2026,6,20260601,Vietnam,40051.0,0,37168.0,7.76
2026,7,20260701,Vietnam,41307.0,0,45102.0,-8.41
